2.0587750022918243, 0.7070308766992559, -2.0606035337444393, -2.40845335545161, -2.3186731307076194, 1.364789791159244, -0.6559078643950862
2.058857045790319, 0.7064359736514918, -2.0606402106487387, -2.408346685951072, -2.3185764983183166, 1.364432150339396, -0.655983648926382
2.0592923058844086, 0.705709733214305, -2.0609269548644864, -2.4083322054827176, -2.3187882378971914, 1.364302702366932, -0.6563892555230719
2.0607605495375623, 0.7048298762717407, -2.0619583527342797, -2.408689918809322, -2.319344708904765, 1.3644458361619538, -0.657261240294396
2.061798461730156, 0.7041998112307679, -2.062632351662838, -2.408843564102585, -2.31953622616276, 1.3645287738470318, -0.6576056105840946
2.061569078743325, 0.7043521461917299, -2.0624793158492665, -2.4087200789121974, -2.31930210986956, 1.3646001973846031, -0.6573153063035875
2.061203951838273, 0.7046520514298162, -2.0621977382205428, -2.4086013189774382, -2.3191497663422638, 1.3645465949782283, -0.6570443580337129
2.060495277829883, 0.704971809929833, -2.0616745298379477, -2.4083931107859957, -2.319172394321937, 1.3644075942515466, -0.6567842920961899
2.0595253218338136, 0.7052859377275764, -2.0609331370105863, -2.4081058993492483, -2.3187589937521054, 1.3640576792442713, -0.6564523810443026
2.0580782681826904, 0.7057855389619005, -2.0598320930729317, -2.4076578677752343, -2.31792156091399, 1.3634713450506686, -0.6560828591144867
2.0567182450458237, 0.7065672551554192, -2.0589823701185015, -2.407363379043434, -2.3176634453068186, 1.3634771079058483, -0.6557732751961796
2.0553666038980527, 0.7079748257410596, -2.058496892835546, -2.4073905240004345, -2.3178946200265074, 1.3639663345343873, -0.655515736552271
2.0523612263299107, 0.7095993201427175, -2.0566326922539986, -2.406791536373177, -2.3176909272808546, 1.3628420932075027, -0.6556469755743102
2.0471530162589886, 0.7114454788550999, -2.0530119560666815, -2.405366717647805, -2.3175958699312904, 1.3608177049528791, -0.6560471137907786
2.0388381963843827, 0.7122432640299374, -2.04618999720212, -2.4028384281990407, -2.3182246394963535, 1.352799852513776, -0.6614002246158517
2.0265820200032714, 0.7111251896963102, -2.035900494306702, -2.3987355825260206, -2.3202117567872893, 1.3417236872459046, -0.6694734204341817
2.015970958509177, 0.7054218847513694, -2.0255445751925967, -2.3955768546392573, -2.3249961877628085, 1.3272494140692217, -0.6745838230865928
2.007347492749382, 0.6921529207066337, -2.013994716125101, -2.393141284330852, -2.331867200600545, 1.3123996391920087, -0.6778836976887721
2.019949368086955, 0.6636956935034624, -2.0174859501776075, -2.399493072245411, -2.3638778668281173, 1.2950934160435992, -0.7003632187808346
2.0495251828237713, 0.6151148680505125, -2.033443366915056, -2.4084683711657924, -2.40559857669421, 1.27629568036342, -0.7287109855061775
2.0721371737976746, 0.5658344209071542, -2.0486344146939794, -2.4164987666854536, -2.4322478995221903, 1.2615016302077464, -0.7550897418804325
2.0890351237567284, 0.518724071212195, -2.066184279329211, -2.426248668021687, -2.451208371500689, 1.2474901069852145, -0.7815932244691233
2.073437761920708, 0.48735247477334465, -2.0652421561738725, -2.4319567254239107, -2.45068637667623, 1.2482148578903969, -0.8036718906830611
2.0422525879636897, 0.47184911058945556, -2.0601004480702967, -2.440896766293486, -2.4425291343339604, 1.2540081661721434, -0.8260345060990062
1.9988835739572686, 0.4665407546620459, -2.0494751209887987, -2.4470855564542067, -2.421514906955297, 1.266315219378935, -0.8616688287229621
1.951385395704012, 0.4691354569145103, -2.0393356573173342, -2.452963773793659, -2.396690839911934, 1.2786845351419878, -0.9004331931407759
1.8778508349461092, 0.49006946093885784, -2.0118741432241674, -2.4540418072083634, -2.3628498710182173, 1.305293971260606, -0.9225888916847396
1.7974171109208754, 0.5260168654688719, -1.9817664165330608, -2.4558084538648925, -2.3270514634685826, 1.3328762040241546, -0.943175887599006
1.7373695072674114, 0.5499359297160273, -1.96555815286, -2.4587826105166917, -2.3128656626405446, 1.342072784968905, -0.9876687245793558
1.6829311248711782, 0.563290468872716, -1.952105371792844, -2.456877277830454, -2.303002584793423, 1.3483455658692893, -1.0336665419125453
1.6442725956680135, 0.5591033488309405, -1.947946227964815, -2.457113354166263, -2.310902485804797, 1.327450888039146, -1.0748738742057142
1.6086389981786162, 0.545851400247467, -1.9456964750874306, -2.453917739044675, -2.320837685245194, 1.3046337024179602, -1.1150569080844832
1.5298809531187167, 0.5782930352645375, -1.919056149030192, -2.445186411300867, -2.2987803298025877, 1.320693213645626, -1.1262172872340237
1.4458951099635424, 0.6401234759487977, -1.8916818746524307, -2.4407425664481535, -2.274277444735885, 1.3336637786782477, -1.1393396309557264
1.409043881782262, 0.6696972061019348, -1.8901035267182174, -2.4400294777792055, -2.273449469235066, 1.334175009288491, -1.1596942867316642
1.3834423414216044, 0.6795068640199995, -1.889829649592211, -2.4305936182257684, -2.273554258888135, 1.3361739747241366, -1.1754525226322787
1.3391276981976805, 0.7152713133348145, -1.8808339804733345, -2.4141779116259405, -2.249000260542461, 1.3606432945334053, -1.1589535765181669
1.2928276196555348, 0.765169499263723, -1.8711034846899306, -2.399763646169486, -2.225870914349237, 1.3802862516479015, -1.1451131446947276
1.2679877936011419, 0.7909752614755252, -1.8668135947445883, -2.3902701274969456, -2.2273521975964385, 1.3739116659438908, -1.144148303066971
1.2494971830898969, 0.8058042681297293, -1.8651010595487705, -2.377741355628147, -2.2283602612979463, 1.373176775809866, -1.1427673555323805
1.235455721169327, 0.8304045910123117, -1.874857418510972, -2.3671737875175234, -2.2223157687857586, 1.4082797521697596, -1.1439635342619363
1.2237113888466826, 0.8547657628880989, -1.8873872061782375, -2.359501867069876, -2.223595288427159, 1.4308357921652082, -1.15607720808051
1.2485923917761248, 0.8211141303459657, -1.904884659549971, -2.3622823689789643, -2.2728470568087698, 1.3985228603140065, -1.2076309755863095
1.2784008944565217, 0.7720478788968199, -1.9260799064577903, -2.3590307916076734, -2.3122667672810007, 1.3798694394273818, -1.246961834911656
1.2753572259371255, 0.770836088968494, -1.941928911355765, -2.3528424040091673, -2.3099385424583945, 1.4066307131202684, -1.2520102858245705
1.2664967655323585, 0.7846143882485821, -1.9546648545102006, -2.3537552832763318, -2.3083071024162667, 1.4247162011538714, -1.2563946821581968
1.262637793728083, 0.785527340409172, -1.9609023910144785, -2.3538493507845164, -2.312738783753625, 1.4190693620687123, -1.2549552306390286
1.2611691505030604, 0.78210153136797, -1.9652435957958474, -2.35217365962309, -2.3178236513625663, 1.4157271665196314, -1.2535595517381566
1.258787454978898, 0.7823464400886557, -1.9686139516206342, -2.350869488706116, -2.321733603103427, 1.413919727532341, -1.253169121098603
1.2565210446202615, 0.7844245578846412, -1.9719279217920764, -2.349819826820778, -2.3263551666321263, 1.4125821476984193, -1.252865746432592
1.2541087224104315, 0.7883228243818392, -1.975323298324696, -2.348800771812958, -2.333136430014182, 1.4126905410336583, -1.2525489708570197
1.25180717449311, 0.7920259296256411, -1.9781145256130248, -2.3477363911060527, -2.339702781651928, 1.409797991917058, -1.2520529312196658
1.2497992008528316, 0.7935045699323897, -1.9790571532380135, -2.346540002428547, -2.34595196121022, 1.4015775972074813, -1.2512026247756936
1.2484470683201012, 0.7951272284602569, -1.9802137688876833, -2.3456218113716956, -2.3504205225965986, 1.3972069745658278, -1.2517402257190149
1.248520335722687, 0.7989256100284532, -1.9824864700261617, -2.3464023561019802, -2.3512446358880563, 1.3980587913675073, -1.254335675939437
1.2491038247325772, 0.8034189198588768, -1.9848000776147234, -2.3477098632202784, -2.3521547265534917, 1.4002565656243497, -1.2562098198092198
1.2507300958000949, 0.80821798441184, -1.9874236127938314, -2.3497898474602463, -2.3530954689765498, 1.4044003556627613, -1.2571871970875765
1.2528453350584723, 0.8126051898085018, -1.9899252539381376, -2.352750787569822, -2.357004445886739, 1.4064620247783184, -1.2555265163138625
1.255764695042119, 0.8156885067580459, -1.9924053695963604, -2.357579151619075, -2.364373964022512, 1.40646701499635, -1.2509928489150504
1.257509623098132, 0.8167578051773221, -1.992105598498422, -2.362133237812361, -2.3650315493777825, 1.4045893952447086, -1.2456330245793419
1.2581302142422466, 0.8136999081936045, -1.9854851720635667, -2.3671572695327585, -2.3597756060275197, 1.4026650930245195, -1.2396789648648507
1.2565958144679419, 0.8076492388109235, -1.973382030654423, -2.3726154124488668, -2.356957884798974, 1.3976065163753644, -1.2250658383943325
1.2516551977156007, 0.7966016894913137, -1.953688357448475, -2.376104407416899, -2.358160684386884, 1.391312484926055, -1.203886265102386
1.2437055514740996, 0.7800126903276405, -1.9273593347996938, -2.376422872975093, -2.3579788815632927, 1.3786521322715037, -1.1691101042485625
1.2318778615513386, 0.7532166841059267, -1.8927598499335119, -2.3686400976377513, -2.360102297488666, 1.36296866669207, -1.1251615241621646
1.221256717275927, 0.7195779116629035, -1.857625608084935, -2.358109676977943, -2.371913297982898, 1.3478103856948378, -1.0692116501211908
1.2119323958765653, 0.6749289037151405, -1.8221910418581508, -2.341434537742212, -2.3918463984672673, 1.3339230808693996, -1.0064902409699918
1.204778844152524, 0.6266337539603883, -1.7906518252669574, -2.321648472500753, -2.415946986242316, 1.3297653513482715, -0.9535350185995046
1.1993882710223724, 0.5729997600540377, -1.7621430727707956, -2.2973929160002893, -2.4432008814750112, 1.330262830095478, -0.9044575643204693
1.1677930847406524, 0.5573317730787561, -1.7294397141678566, -2.2605909285123964, -2.437221768402506, 1.362991832726145, -0.7958222917792384
1.1119575635001562, 0.5975839393776301, -1.700624932111623, -2.217384776861814, -2.4166031798519576, 1.4023236099958165, -0.6681116270418261
1.0652505648030575, 0.6151979759184867, -1.6658564490960917, -2.1784932587585706, -2.4343612227231564, 1.393774021681014, -0.5922508560372854
1.0295204526053867, 0.5991908261912924, -1.6247770221141478, -2.139763710976963, -2.4665800428876032, 1.37489630743051, -0.5272733867597053
0.9936910109679848, 0.599946807601011, -1.5939525474477954, -2.100654305859992, -2.472229502635961, 1.3635985859935547, -0.4617222408740247
0.952529926614571, 0.6229778471847904, -1.5713166097766589, -2.0618436133816784, -2.468362463037285, 1.3486310155919456, -0.39781287286181133
0.923348709169864, 0.6359658230309506, -1.5535484700301776, -2.0343017672735098, -2.4731542805505224, 1.3358016119718306, -0.3605549610035048
0.9020428145839778, 0.6357572824471083, -1.5356111583587673, -2.0131880246614244, -2.4777566938224727, 1.3257953646184868, -0.3278306009667915
0.8900950405219357, 0.6310537865720312, -1.5252825072408696, -2.001188707693732, -2.4905567336720065, 1.3181922951545326, -0.30813095949187996
0.880757642719801, 0.6230224403325133, -1.5168122475015213, -1.9926140529828453, -2.503186248561306, 1.3110215010364632, -0.28981001227689074
0.8778565648866872, 0.6111349365308039, -1.5129161262656918, -1.9898317443665707, -2.5150749884775827, 1.3082513474812787, -0.2800430481502314
0.8769240455979999, 0.5959985327752273, -1.5094223603220005, -1.9892618362099261, -2.5257648408684776, 1.3063242577812373, -0.27093468617421035
0.8760045477698029, 0.5877166649725636, -1.5108375715513311, -1.988947500571923, -2.536027928154443, 1.3038186365423607, -0.2591607329316572
0.8738970205680783, 0.5835965565481791, -1.5132496119857315, -1.9881511881996214, -2.5464717235500114, 1.3002144889661613, -0.24758327731322094
0.8729752744230508, 0.5756334867315358, -1.5129130600706597, -1.9881625741818016, -2.557789945382696, 1.2956864909783983, -0.239728335587734
0.873672233853986, 0.5658315009893853, -1.5116756270678673, -1.9881470532365944, -2.568936971037024, 1.291805725600475, -0.23194987544971823
0.8762533351532502, 0.5616179133426575, -1.5144789403214718, -1.986539616432255, -2.5714710352890773, 1.2924372571632228, -0.22957793893495992
0.8792020396041238, 0.5598640896934999, -1.517986553227229, -1.9839612390483383, -2.573787201934456, 1.2925512991077337, -0.22751412773934998
0.8854235286750027, 0.5639770937583242, -1.5270386161349352, -1.9821187070624067, -2.5693085629361683, 1.2975415799193826, -0.22854541839957587
0.8914385796943822, 0.5697258142507549, -1.5358116010605096, -1.9802093736835804, -2.564991715230195, 1.301591305193944, -0.2296031605814166
0.8957458690892981, 0.5732408899597123, -1.5409067523719502, -1.9777560476657516, -2.5628429294969335, 1.302966307298882, -0.22962402087516853
0.9002923813641388, 0.5759508981637973, -1.5457879165702062, -1.9757618339069012, -2.5609369482135964, 1.3050882931075698, -0.2298663812343653
0.9066209476506888, 0.5763008588178415, -1.5507912967383044, -1.9762046055321782, -2.5603286283216917, 1.3102332878996092, -0.23147343203926862
0.9124890460464155, 0.575966974071008, -1.5549851293275614, -1.97753085412036, -2.559141661496515, 1.315463924990186, -0.23334066283798816
0.9154294518466326, 0.5759320250891795, -1.5566704421070297, -1.9779150143790005, -2.556286125851627, 1.3185112312456955, -0.23632061841075913
0.917759732818543, 0.5765059477944705, -1.5583283735416034, -1.9786552438791958, -2.553264175041786, 1.3220167272514782, -0.23931268618942259
0.9189318231565604, 0.5792094552076055, -1.5604109353349829, -1.978737552998588, -2.549564590432083, 1.3258768886967545, -0.24241938010719455
0.9215679202488243, 0.5819412252813665, -1.5638235435898276, -1.980066491777528, -2.548402190064425, 1.3302547132760747, -0.24392038925940884
0.9316820229243854, 0.5797508765034962, -1.5699280101437578, -1.9894028405404622, -2.5544004115059655, 1.3378207659204806, -0.24095911753256338
0.9446523608130653, 0.5778458333136705, -1.5773758057323581, -2.002120175171127, -2.557913452991178, 1.3457919642466143, -0.23805944244264943
0.9679800398620948, 0.5839360025889162, -1.5936089009749272, -2.030501719311731, -2.5510292438905333, 1.3524262391260917, -0.23607692349141995
0.9929341472118676, 0.5982643993145178, -1.6126735599413413, -2.06231237711029, -2.5382203924366156, 1.3667040490784101, -0.23732435757605952
1.023732302205918, 0.6324409089414198, -1.6417301810435534, -2.103848653294609, -2.5137577600141574, 1.3866315874317001, -0.24313429514102314
1.059216269804681, 0.665292500974414, -1.6677441095369447, -2.1494923797549337, -2.4926795009989116, 1.4037863302374607, -0.2866701340208033
1.1062358852421923, 0.6849315960522304, -1.6923372960134353, -2.1997182100791957, -2.47255096012377, 1.4184884990118656, -0.3642777661041334
1.1600198213197332, 0.6871348727547213, -1.7131880306870721, -2.2493697908239856, -2.4536930457624537, 1.411331604872153, -0.4862140547129732
1.2294748379618214, 0.6505031308487679, -1.7341413727516697, -2.2937869862983664, -2.4341493083601433, 1.3834355492014438, -0.6560694752665688
1.2894476443613279, 0.6258947713789276, -1.7599609150532123, -2.3300651492896947, -2.4087310862777915, 1.3624024410996594, -0.8090753714110326
1.3305656361903448, 0.640909790700614, -1.790480572301827, -2.364018189382808, -2.3783409778677456, 1.343015841430649, -0.9314593502408419
1.3624915204610524, 0.67004454680084, -1.8201394233911037, -2.3932329189363255, -2.3483254512937917, 1.3387342865910936, -1.023165910085054
1.3847031510431327, 0.71287065205515, -1.8464633965137063, -2.415418928498438, -2.3222716697098784, 1.3453096706297965, -1.0939497388950672
1.4067507866767874, 0.7553295665245905, -1.8709917769384825, -2.4334083851733297, -2.303098274804105, 1.3512365749837052, -1.149774992114799
1.4271079290953894, 0.7945008044721646, -1.8938891407140224, -2.44496837652294, -2.2902709170498667, 1.3576599860638003, -1.1963527253918516
1.4400536451981223, 0.8408291669425818, -1.9159430094850771, -2.4534915800404278, -2.2839410998471914, 1.3733611871425913, -1.2254001605192988
1.4424652925434227, 0.8983358131961428, -1.9367740249185568, -2.4609006821704718, -2.281561899578149, 1.3927988737886636, -1.2471184285385624
1.4439897963657167, 0.9542551226601361, -1.9584202207264676, -2.4678930983234793, -2.2783767016760494, 1.4196888750245282, -1.2602425885399233
1.444845444159868, 1.0049503186062845, -1.9791273139949181, -2.4745378785194685, -2.2757104825713768, 1.4512563881855565, -1.2697580321528479
1.446039616411137, 1.0438280953984238, -1.9946298322111415, -2.4781552281267505, -2.259950323688729, 1.4780231209865118, -1.275752393840798
1.448335550581545, 1.0692340316462188, -2.005141403221434, -2.4789233947582385, -2.2414121614313967, 1.5065383460963133, -1.2799991398711361
1.450175080377603, 1.0834859000862611, -2.011414105578063, -2.4810693431413515, -2.240268878401359, 1.5133275075526758, -1.281757048364443
1.4509216040643889, 1.0888095051769069, -2.0165551596627784, -2.481918861486255, -2.24414902783305, 1.5168377882479298, -1.2824117912408903
1.4511252221849995, 1.0876509414329645, -2.020846868104452, -2.482522614012308, -2.248702491668393, 1.5122408464670718, -1.2822952478405778
1.4513329846991994, 1.0816898107906008, -2.0252143919130026, -2.482146112162922, -2.253712688653385, 1.506925205056235, -1.2817819307530138
1.449590173374549, 1.0777406871191593, -2.0297438437107127, -2.480468426635605, -2.254952319479564, 1.5080728742365253, -1.2816279890973643
1.446870649667508, 1.0760573483021956, -2.0334332605836734, -2.478219387843403, -2.255947940857565, 1.509907356580686, -1.2815578002974544
1.4463604771076737, 1.0718988397693634, -2.0359577835711784, -2.4754628087339086, -2.258641904818072, 1.5067892661073596, -1.2805818174854746
1.4477330127841341, 1.065935698922849, -2.038017367001637, -2.4716734092406334, -2.2618327305943033, 1.5035928765661861, -1.279364701695144
1.4505877138315828, 1.060573311820444, -2.03995412809883, -2.4678325007070274, -2.260810626125898, 1.5042897621673292, -1.2775430339131626
1.454231030944797, 1.0557626345930986, -2.0413501873977795, -2.464559423658259, -2.259477397047946, 1.5054321340370729, -1.275729156372707
1.45690506255373, 1.0557136375248897, -2.0438025665081367, -2.462303444774892, -2.2581398851713717, 1.5168681858034718, -1.274526647668214
1.458846313298774, 1.0578883651038247, -2.0459154028885207, -2.461247927135089, -2.2566314909159892, 1.528099854087559, -1.273462215759471
1.4602590038204033, 1.0593933043543968, -2.047507289907876, -2.460228847256584, -2.2569391002089407, 1.5351383041223725, -1.2724360963062784
1.4612869382506055, 1.060326981571607, -2.049314980753304, -2.458875056819293, -2.2571514515783093, 1.5418302756044655, -1.2715429952320232
1.460380622620792, 1.0625095428694555, -2.0504663785997304, -2.457421468096485, -2.2548584108502716, 1.5449619971007342, -1.2721121262951431
1.45863947540946, 1.0656688706981914, -2.0516933246705777, -2.4560988587365653, -2.252479256303565, 1.5486094754107453, -1.2728522030291884
1.4561105358891728, 1.0723237159404144, -2.0540416507141197, -2.4556109729428313, -2.2495471975463204, 1.5580378942303375, -1.274278425809742
1.4536045748073816, 1.0797940919398217, -2.0561331334119357, -2.4557263315342546, -2.246788166940849, 1.5652231017477343, -1.2755600094488955
1.4534748371478408, 1.0814213636288104, -2.056320469055838, -2.455580249967915, -2.2457896782585234, 1.5631836137581727, -1.275715968706379
1.4547616634181253, 1.0796110312861815, -2.0559897600264634, -2.4554759311838907, -2.2465127876299738, 1.5589879151546748, -1.274385540991755
1.4640217555391741, 1.0643762305488638, -2.0543406993125872, -2.457199735359593, -2.2541805006142246, 1.5450558423360325, -1.267918218637094
1.4751066561897765, 1.0439729612628925, -2.052053264301641, -2.458645918404504, -2.258930937011911, 1.5345606728355206, -1.259560891683865
1.4873129685124464, 1.0152198577353113, -2.044345283597572, -2.4567490700285273, -2.254377040563323, 1.532622170640182, -1.2463462485454677
1.4987336328021534, 0.9825241452296813, -2.032122953178952, -2.454870227415607, -2.2549090849967133, 1.5293360487511718, -1.2229680111474144
1.5044822973898917, 0.9385360465693315, -2.0126869736489787, -2.4455313273570782, -2.270747256110498, 1.5193286806605437, -1.1771483989042117
1.511179236731702, 0.8853500898156463, -1.992017061520178, -2.4354096603432183, -2.294694593115933, 1.4992374714668655, -1.1271745514163403
1.52867100745563, 0.8101813980677042, -1.9755308030301189, -2.4211896872189325, -2.337806997929281, 1.459474711950846, -1.0675902952383458
1.5412455308325006, 0.7354843196555132, -1.957990242967779, -2.400418509274628, -2.378514403435412, 1.4225088516886197, -1.0000356995930328
1.5264824042450398, 0.6692981604458881, -1.9270986330974864, -2.3701703142017294, -2.419580426391553, 1.3986420134024575, -0.9194608350410345
1.4963502681757452, 0.6234204328389454, -1.8940904902823323, -2.3402909984855915, -2.4372517404398204, 1.3988782812464944, -0.8220081612355656
1.4340917148458745, 0.637768850502721, -1.8566357798869477, -2.3088838333728585, -2.418259271445481, 1.429165846865316, -0.7060099169448426
1.381789292592825, 0.6571693843234314, -1.824164454303248, -2.280609959830273, -2.4113994524703077, 1.438619053020184, -0.619810079077757
1.3541266380667123, 0.6471992820156807, -1.7963978079589475, -2.2528450707769228, -2.420937738276571, 1.4263130695589785, -0.5608804205126416
1.3355895660800874, 0.63005476181125, -1.7728785494857613, -2.2243030988335395, -2.430076471419003, 1.4214526016767302, -0.5134103548400493
1.3303013301855247, 0.6088654276577401, -1.7586100426396811, -2.201743207571349, -2.434351088365375, 1.423285624579016, -0.4784635406944826
1.3193866870695858, 0.6008883120609427, -1.746434903771787, -2.178212200257372, -2.423240657484297, 1.4379976938600398, -0.4395193598929117
1.2958445664340408, 0.6276757566933346, -1.7400379634266887, -2.1578879231272454, -2.3950738592908687, 1.4605034877145915, -0.39948740339998245
1.2794467189223075, 0.6477353626895948, -1.7348426771484666, -2.1449585936481768, -2.38600926368309, 1.4691460006501034, -0.38141589542517274
1.27851033796414, 0.6406253072506622, -1.7297437953613057, -2.1381578795296354, -2.392108935201832, 1.4706589231939953, -0.37756333865376845
1.2763798806443942, 0.6315257014594131, -1.7255067318326978, -2.131916101851642, -2.400942483158235, 1.469364772482888, -0.3728717010494904
1.270288464339349, 0.6287671415596261, -1.7237885248746112, -2.127496780591981, -2.411546510452234, 1.4641819502737894, -0.3680214850606838
1.2632335498835845, 0.6275997102079547, -1.723507006058222, -2.123748310796861, -2.418183054589286, 1.4591633932581969, -0.36398464973910816
1.256454724221773, 0.6272536740328061, -1.7241174656420561, -2.120415479764606, -2.422171309150454, 1.4539549705298045, -0.3604498685374127
1.250816461878574, 0.6316336663768167, -1.7281571320670146, -2.1173348847036246, -2.4234103772528925, 1.4579780296365348, -0.3490251054861009
1.2455244862314379, 0.6429261203158783, -1.7345600752950787, -2.1148814074167888, -2.423000649797306, 1.4653770680902118, -0.33459907530727406
1.24416037147141, 0.6442888756600524, -1.7359881895021392, -2.112643619119135, -2.4277950627929537, 1.461516802116563, -0.3373910227454875
1.2489449064788918, 0.6309473987470327, -1.7330719576482316, -2.1093538301846273, -2.4350129976930583, 1.4551815054712893, -0.3457509596403039
1.2525564575267243, 0.6226401050682906, -1.7317304997143292, -2.104971013735285, -2.4365897363540467, 1.4551809770743205, -0.35218061620525276
1.2535130377429837, 0.6218101713696793, -1.7318022167123317, -2.1011272318755037, -2.4359973007226294, 1.4561090199334492, -0.35854668767164455
1.2568997239531967, 0.6206101913635562, -1.733746761884296, -2.0993544173806793, -2.438026461049728, 1.4590158460226794, -0.3574788973680336
1.2618772140757226, 0.6174629141082884, -1.7362616615323248, -2.0985214290384615, -2.440592551186133, 1.4627263766424239, -0.3546387647618854
1.263881786639515, 0.615522237613038, -1.7367190515733952, -2.09742694782984, -2.4405243706870348, 1.4626903646850673, -0.35369675177750537
1.2639398023259902, 0.6154204916206361, -1.7363071168958975, -2.097330997030001, -2.4397271836710424, 1.4621114364052277, -0.3532201817241356
1.263585289056313, 0.6151310533095042, -1.7355389715391603, -2.0973020708955143, -2.4384099638636343, 1.4623722462832163, -0.3553070762450403
1.2632223634441155, 0.6144815789701124, -1.734863125518836, -2.0969486325968383, -2.4370950444630965, 1.4627406145091468, -0.35766039181262066
1.2643848750735733, 0.614491687804696, -1.7361202932520658, -2.0977128871471855, -2.436637900992456, 1.4643430157211688, -0.35979364051620166
1.2658314125783585, 0.6149067620957549, -1.7377502741363102, -2.0989245656227453, -2.4361022777868175, 1.4659356261038647, -0.3619527280883599
1.2820064491199474, 0.6144787921141281, -1.7502100243933487, -2.110285043522696, -2.432775767283432, 1.4800872104026759, -0.3622017444683241
1.3023191815021136, 0.6127641899217844, -1.7624265592081638, -2.126071130809093, -2.4280594846339927, 1.495742633487068, -0.3634915225547761
1.341289547880037, 0.6021946801302045, -1.7828655098950144, -2.1572621824888127, -2.4407340726838367, 1.4991485532625815, -0.4052929047009073
1.3839478153468585, 0.5878361951351403, -1.8026998614090015, -2.191131489120357, -2.4519114235765382, 1.5040538964353116, -0.44717984916488085
1.4166417709541301, 0.6029276004779041, -1.8250413487934072, -2.2285104302291305, -2.4349917957195526, 1.520073034137896, -0.49816417583907935
1.4467535585165123, 0.6331225308993043, -1.8476851844284283, -2.2699501131467823, -2.417084134899188, 1.533572166770357, -0.5532414404295487
1.4914533329101802, 0.6510843257092205, -1.8726024286251874, -2.3135612269743735, -2.403611001054424, 1.5317920617517053, -0.6410912056342877
1.5408666942828937, 0.6633615687079608, -1.8975908160776669, -2.3537186735362, -2.393426513146065, 1.5296256631047953, -0.7272409813381966
1.587074536572274, 0.6834206054281546, -1.9261750865728402, -2.392999401272508, -2.410081208958803, 1.5272262699540793, -0.8061349602906756
1.6286716262190533, 0.7075962077026006, -1.9537075631692904, -2.428489030347672, -2.4180542527159234, 1.521213958399187, -0.8872388762536261
1.6390485038327256, 0.7419895696409204, -1.9556155201051295, -2.442065072124283, -2.3527361864029164, 1.5010513213969467, -0.9799323759331156
1.6448748988566164, 0.7825068883925512, -1.956763918252884, -2.4528848001733827, -2.2923626402100536, 1.482996987900794, -1.0659779446776128
1.6302266339557336, 0.8484423590547037, -1.9564125038873055, -2.458871620168381, -2.2502454556842526, 1.4807411416715475, -1.1295078163758365
1.6143584000264797, 0.9198777201719146, -1.9595197923342997, -2.4652889727502316, -2.214294736812464, 1.4752045252543446, -1.1848299595403233
1.6164909923205881, 0.9657583063969009, -1.9719012031184722, -2.473071184548539, -2.2048603266834714, 1.4717228140347114, -1.2152442078164754
1.621081784338072, 1.001275099022446, -1.9861377824120368, -2.479186098636175, -2.196370066932891, 1.4729305679802263, -1.2402966705338336
1.6194991835486814, 1.0354395213062597, -1.9983189314431264, -2.484284382778643, -2.194184831269421, 1.48501524828733, -1.2539640065499569
1.6151604855403239, 1.0679032190890911, -2.0083988678045834, -2.4909701934338493, -2.190604325262531, 1.4972149288026673, -1.2649943971731066
1.6106167168160912, 1.0908175855323332, -2.01496328854415, -2.4954551290734326, -2.185186171297744, 1.508350233888681, -1.270300900649124
1.6049353763634677, 1.1117620581983285, -2.021026817937047, -2.49973668192988, -2.1828894915665273, 1.5237797697620454, -1.2750265710579853
1.5937931232995108, 1.1366650789655184, -2.027241414297327, -2.5025379567683608, -2.1873579418065834, 1.5445926716199665, -1.2790697114443805
1.5828318730411688, 1.1590338390215287, -2.0326438462031735, -2.5055072527187647, -2.194426152198412, 1.5564653093855725, -1.2818942305795087
1.5793176329302874, 1.1639320967266986, -2.037220930107136, -2.506207927669676, -2.2069467847579194, 1.5559111743055576, -1.2821981824952058
1.5762901023189677, 1.1656881437599882, -2.0422745900107646, -2.5050135651449557, -2.2137332337773943, 1.5579117389955712, -1.2827781078597633
1.5687005642245708, 1.1724331006268356, -2.0452571867086853, -2.5022174726501865, -2.2114152651671857, 1.5617361265491514, -1.2844275603879565
1.5615468683994251, 1.1798548618862714, -2.047405522263027, -2.4999923836094364, -2.210741530635004, 1.565545178253677, -1.2854055966292792
1.5594678156520576, 1.1821966396964072, -2.049954862815431, -2.497906105227057, -2.211831304430997, 1.5704270519772532, -1.2853171521709559
1.5592136292871217, 1.1825631187052688, -2.052300233965978, -2.4956533539703836, -2.2132295059963587, 1.5730272189608145, -1.2849754535976743
1.5607145632321053, 1.180404559032401, -2.0538381993659947, -2.493469137449673, -2.214947775792729, 1.5735617403623188, -1.2843874072698034
1.5615074495859922, 1.1797663030409318, -2.0552271684440075, -2.4908102593296286, -2.2123472667766624, 1.5789132503848853, -1.2840431948644904
1.5600271180290104, 1.1835216931899062, -2.055677542767407, -2.488505208088691, -2.2054775943683875, 1.5882640667097006, -1.2841233570223256
1.558157269947582, 1.187754570711827, -2.05497378062144, -2.4869175256976286, -2.2009188835340208, 1.594145953310278, -1.284515352203309
1.556170216575726, 1.191332056058025, -2.053606893617008, -2.4854831966019137, -2.198135713405345, 1.5976291727089027, -1.2850565745639386
1.5552883231348948, 1.1927318643358156, -2.0520916748190228, -2.484256263695867, -2.1965875201483485, 1.5985818293015424, -1.2851380988931052
1.55670338732034, 1.1901968929350293, -2.0508846567030297, -2.4829444347993075, -2.195868222438575, 1.5984278768572526, -1.2848047328108567
1.5607639111540443, 1.1834008794669728, -2.0500321474874985, -2.4822426814058556, -2.1979477167357517, 1.5947154486475128, -1.2830271645060005
1.569317251880613, 1.169806438863736, -2.0501045553735757, -2.48186212997388, -2.2015798760863623, 1.5900069795244907, -1.280260601904816
1.5771674961605857, 1.15466319795763, -2.0484133671609257, -2.481004481684418, -2.201621420810345, 1.582427175776397, -1.2779127551470628
1.5832605852696648, 1.139105613920714, -2.04293994584921, -2.48019876935827, -2.2004737618134973, 1.5746275978886466, -1.2757495184482206
1.5930622818892726, 1.116632561242211, -2.0355200707253207, -2.4796670614007406, -2.2038275196920623, 1.569104858201909, -1.2675423624755888
1.6088386649861377, 1.0831704038489214, -2.0264125208665202, -2.478360521410093, -2.209589970087629, 1.5672626113567603, -1.2567924147422342
1.623405217870154, 1.0430104366813904, -2.013636475145577, -2.4738747362066693, -2.215541312101511, 1.559092542794545, -1.2279037165460363
1.6358010952178406, 0.9962630272161785, -1.9980270233769826, -2.465272693737835, -2.2229880445797114, 1.5501435975711182, -1.1937982846795272
1.6537700324606703, 0.9312046086455794, -1.9826888050942495, -2.4558468911779245, -2.251751870544288, 1.5163999158284245, -1.1370547197551808
1.6753897516946505, 0.8563897717409965, -1.972160550268999, -2.4420533855910103, -2.2863075525381618, 1.478206488773795, -1.0752719544295184
1.6860636789999326, 0.7851632313325112, -1.9600098373927315, -2.4214690403709485, -2.3254926362363033, 1.4533782036916083, -1.0050319942162629
1.6870585978883614, 0.7188253320981985, -1.9464823495096528, -2.3999306167421954, -2.3665716199013627, 1.4324241317167754, -0.9336735265441334
1.6550796115946493, 0.6926992990733059, -1.9216487823230448, -2.3720025014123207, -2.3713645648717554, 1.4475421769055812, -0.8416274574978733
1.6095605196458678, 0.6987234046403694, -1.8940599374000922, -2.3470374712181714, -2.370299254381883, 1.4644394240799539, -0.7503718898335352
1.567325167578467, 0.706399216034006, -1.8654616221052773, -2.320398132239304, -2.3733359570340413, 1.4631113008889498, -0.6836676195259788
1.5280757953121462, 0.7126459320727117, -1.8369307378791477, -2.289840970421558, -2.377680647373503, 1.459260302472118, -0.6177002432102121
1.508403802374298, 0.7027420740153119, -1.8162887976014535, -2.263439402780133, -2.3833589043475447, 1.455617179422613, -0.5844077523934832
1.4951930206149466, 0.682864789267958, -1.7970504087673005, -2.237138060774, -2.3882345904620257, 1.4527415328235227, -0.5512862987158726
1.4838929342792433, 0.6652250948214462, -1.7823498397545237, -2.2170718076204405, -2.4023353820848508, 1.4451845488027546, -0.5376539678000496
1.470929244146955, 0.6495558487655817, -1.7694560424369907, -2.1996670101405744, -2.4151240662734113, 1.4376639087228957, -0.5244893723630275
1.4600481158644634, 0.6334498646970488, -1.759734313366888, -2.1847292926205935, -2.418874486190549, 1.4360756873497147, -0.5154905611816822
1.4488776175094422, 0.6170860882261611, -1.750908332942691, -2.1708581380203276, -2.4224883634782204, 1.4349292907752211, -0.5063950236623853
1.4344035401162287, 0.6150870996804265, -1.7477244846938955, -2.1611864901653277, -2.43108080485137, 1.4351183194395114, -0.49628082239508764
1.418551155375292, 0.619021158503779, -1.7455706351933067, -2.1527924727831866, -2.438860546026281, 1.4339693766525903, -0.4871641654643062
1.408293542511462, 0.6209167540244875, -1.7447164370728583, -2.147252666823946, -2.4409522835634485, 1.431051045891853, -0.48189736842654085
1.4000719824438885, 0.621883029797611, -1.743123791787644, -2.1417663487509504, -2.442908848743783, 1.4280734958618835, -0.4775816335242755
1.3944993244236006, 0.6245455107339124, -1.7423426742751005, -2.1382344483513993, -2.442808390385461, 1.423380778131441, -0.47758712292955874
1.3900649425956146, 0.6280661531187697, -1.7413606935020862, -2.134873231182267, -2.442952747011228, 1.4194007990033635, -0.4750189311605322
1.3895865449125502, 0.6302265686766697, -1.7419193979404533, -2.1329104579754867, -2.4438711710460996, 1.4187110880153044, -0.4635999367308479
1.3897522395807247, 0.6316459215927788, -1.741933260413873, -2.1304540856397125, -2.444060966842204, 1.4177902380851668, -0.45549732020505296
1.390557668598226, 0.630559197418882, -1.7408701217415175, -2.126747392540274, -2.440908491738756, 1.4161082672072416, -0.4572110307007584
1.392349635982315, 0.6298556315068398, -1.7417113219134013, -2.1234886082567517, -2.4404456067253486, 1.4164773144468317, -0.46050574044700987
1.3961023582588323, 0.635300119829707, -1.7489271961844413, -2.1244629110135804, -2.4465109894029196, 1.4215251052172322, -0.46755358078824294
1.3987744457837996, 0.6408572208246364, -1.7554100523817606, -2.125612540300029, -2.450060075342675, 1.42512057362545, -0.47306597282032037
1.401760358429688, 0.6403514176911784, -1.7578456066590515, -2.1260212254154123, -2.448386302825206, 1.4271910567172377, -0.4753361439343404
1.4048101937560826, 0.6382358361798772, -1.7591357154905634, -2.1265207778869186, -2.4465160469843745, 1.4300518571899996, -0.47680101891173443
1.4071335536553216, 0.6345147594468266, -1.7590082449441207, -2.1254713860966445, -2.4443855139972337, 1.4333395321857907, -0.47697237478507226
1.4105115938140838, 0.6305389503450538, -1.7596032190262534, -2.1250251731414433, -2.442410891296567, 1.435564018556006, -0.4758954707212508
1.4163374589815003, 0.6258896894160291, -1.7609339069491483, -2.127751065996236, -2.4396943900162267, 1.4365082896144186, -0.4732269239994391
1.4288016975118873, 0.6206862815242626, -1.7670480167726268, -2.1354402055153603, -2.4379250823819785, 1.4433489768197054, -0.4715688425529887
1.4566906859086677, 0.611807375903501, -1.7816289551153446, -2.1546541281002227, -2.434174533900805, 1.457531547710115, -0.4712735469966969
1.4849772499423484, 0.6089446768360638, -1.7975935462152535, -2.178002642798912, -2.4343391508907795, 1.474963452357568, -0.4813726772462692
1.5106910698184874, 0.6277006721039129, -1.8187507804089549, -2.2111867604339377, -2.4372490221199916, 1.4937169359809284, -0.5032111320872081
1.5345324195233587, 0.6584991051528961, -1.8399359740148178, -2.246242356499156, -2.431328884048826, 1.523486353194949, -0.5268228713454404
1.554652549891678, 0.7113560753943968, -1.8620712701300821, -2.285811323357576, -2.4157275704223515, 1.5617551583070348, -0.5529618671800689
1.5817093603282775, 0.7603634277800388, -1.8825485688124175, -2.3262190251230184, -2.40057495888243, 1.5919254790851216, -0.6080194262643941
1.6207033806639481, 0.7930873678021761, -1.9032854334565794, -2.3644785637378902, -2.385295783201613, 1.6163776776355316, -0.6830290902654257
1.6684605431383703, 0.8040690333383225, -1.9212612288718134, -2.4007299843071745, -2.366374477337592, 1.603050377297821, -0.8005181928730147
1.7311032526736483, 0.7763270528629285, -1.9419275586782714, -2.4283905585841516, -2.3441813235244675, 1.5597910747147665, -0.9453207067856075
1.757355081363249, 0.7784025587928616, -1.9507859857639538, -2.4433997543474426, -2.2972523135194223, 1.5438544744888887, -1.0409272089269122
1.7369531710501196, 0.8444135880960459, -1.9453028910543333, -2.4575709217250896, -2.2364113597051736, 1.5395492333891863, -1.1177696458421105
1.723898315257646, 0.9149168381565289, -1.9484064205837095, -2.4758541757888253, -2.2055305072975013, 1.5342433463650238, -1.1719017467062978
1.7205237992344902, 0.9737230492791333, -1.9592744257571644, -2.489897350091736, -2.192590446957645, 1.529454077781205, -1.2147625260648978
1.7199546924609113, 1.0266268082245062, -1.972870282652928, -2.498977523560061, -2.1819843955033527, 1.5366844836370728, -1.241116130775155
1.7214899598367026, 1.0735534170848862, -1.9864927580552818, -2.505090688656397, -2.1733033510297393, 1.550673693487263, -1.2608823545359824
1.7208664800323614, 1.1202289906402632, -1.9986001307368495, -2.5091132528066193, -2.1653019835131158, 1.5746145802588458, -1.271330322252731
1.7171644867833535, 1.1666618469080419, -2.0076470989829973, -2.5118992811865084, -2.15844962687871, 1.6029876419483147, -1.2791383883549896
1.7167662922852163, 1.2065887219536382, -2.0158145055242693, -2.516169879554381, -2.156505585252745, 1.6319911198276493, -1.2822299309532186
1.7204834682561874, 1.237982284285101, -2.0238395780409197, -2.5211811331793648, -2.155952762614673, 1.6633876100176597, -1.2838612788201909
1.7235228627297978, 1.2638863984651687, -2.030468491572962, -2.524720669522445, -2.1522896440221597, 1.6897484721383869, -1.284806569839822
1.72505959079826, 1.2853994533544162, -2.0367817699879103, -2.526508286902164, -2.1483235737763433, 1.7155533805907615, -1.2854920603347848
1.724368854136575, 1.3049448489590967, -2.044510361060703, -2.5281173974484066, -2.156590680640905, 1.7380951652581054, -1.2857834638798211
1.7215433706506733, 1.3230266798241725, -2.0541642087166965, -2.52885287278378, -2.1667980721642053, 1.7596154551708274, -1.2860846151663798
1.7170693776264159, 1.3392420333715664, -2.0636818321735406, -2.526809789598576, -2.164185918479692, 1.7853948465343485, -1.2862707518075593
1.7118034794897525, 1.3538914996592988, -2.0721839683721024, -2.5235888921545877, -2.16052123100501, 1.81203784291613, -1.2863202806829568
1.7098541771619402, 1.3574149641380373, -2.0754535145385917, -2.521605243346742, -2.16714330705961, 1.8108416294623684, -1.2863169647005908
1.7097071924036804, 1.3538975736315972, -2.0783235119440056, -2.518793093233347, -2.1745948489499307, 1.8095281135173824, -1.286035146373246
1.7095783571582608, 1.349785840589563, -2.080972024019373, -2.5170289131781987, -2.178830465746876, 1.8088396078795874, -1.2856299116546497
1.7091043383893219, 1.3463812998232623, -2.0831258902875485, -2.5162503074096865, -2.182672635082656, 1.8087897598220302, -1.2852930634342918
1.7063021041421038, 1.3473339686495214, -2.085185554813761, -2.5152253248932688, -2.181704683136129, 1.8141831349325273, -1.2854273153393798
1.7024513325683532, 1.3507283120497062, -2.086304840947842, -2.514320996237588, -2.1809032340137415, 1.819039223038466, -1.2856691318433278
1.7003279023991915, 1.3519924124852452, -2.0863818711418665, -2.513729825225644, -2.1819325960783393, 1.8201365116769992, -1.2856751135326343
1.6992683052317368, 1.3519024068528331, -2.0866075892080795, -2.512954007211629, -2.1827651336591902, 1.8218486851290194, -1.2855860659077925
1.6981547271384994, 1.3519324245375106, -2.087375060626397, -2.5116806992333753, -2.181708711706607, 1.8253422532121775, -1.285398564791019
1.6968773261514585, 1.3520526400436559, -2.0882143791791323, -2.5102773885580483, -2.1802002994697904, 1.8280650441825408, -1.2853165749939137
1.6947801973139534, 1.3516305439697582, -2.0879714319943723, -2.507953887711899, -2.1753941508598595, 1.8266384935096873, -1.285669370189817
1.6924377916536457, 1.3511828710008142, -2.08752692249735, -2.505410986460327, -2.1716594230249573, 1.8254383851657963, -1.2858867648292138
1.692391668092502, 1.3504672993295301, -2.087675366083376, -2.5050069804382087, -2.1726563428701446, 1.8260648450349937, -1.2856764590365914
1.6928997596589905, 1.350553657121723, -2.0885123222647053, -2.5048953662836757, -2.17193917095479, 1.8305924395711237, -1.2855830900487817
1.688716529699665, 1.359135613427223, -2.0910382053719, -2.5036588536601085, -2.166177861696589, 1.8462695706839671, -1.2859491180899916
1.6831870816007442, 1.3700117368466227, -2.092387562988012, -2.502521084344685, -2.1612034022779314, 1.858081038842407, -1.2865651780188578
1.6788974140887518, 1.3770412509272711, -2.091620266090125, -2.501121127608287, -2.1581770881258713, 1.8615183620986748, -1.2873419078630182
1.6752572293668138, 1.3823547852186087, -2.0908418316798425, -2.4997918186631614, -2.157566602168923, 1.8649920674270604, -1.2878635993788574
1.6728589700020038, 1.3863279288415127, -2.0902744877022785, -2.500107930684046, -2.16317922501623, 1.8680577233886808, -1.2881825609907764
1.673916286667108, 1.3837855460511648, -2.087611145201544, -2.502191650681861, -2.172402394796289, 1.8569272836386332, -1.2873392267469557
1.6938236516338243, 1.3484651764120255, -2.0812928068582437, -2.505002780317896, -2.188784572050854, 1.823814093362781, -1.2836993678214634
1.717265094028388, 1.306052224084624, -2.0778995190490583, -2.505997126781759, -2.198253604407194, 1.7978376950861463, -1.279287029973272
1.7330559739302736, 1.2712264602113095, -2.0713933172009185, -2.5040224302854597, -2.196574937511313, 1.7798108590163366, -1.2746673553495356
1.748129092906499, 1.2340403378045455, -2.059711533230562, -2.502165097567233, -2.1996922623441897, 1.7533955542720765, -1.257765982901061
1.7736343276039008, 1.1701621330399732, -2.044099254861621, -2.495909573261131, -2.2102755664581135, 1.7189751122602441, -1.223522436617765
1.7969219331410216, 1.1020905704022343, -2.0287959916045617, -2.4863739412433494, -2.224180403635634, 1.6914004572540708, -1.1810002049109176
1.8042389091660667, 1.0416871728217476, -2.0103487810805616, -2.4699435680695334, -2.244011720391505, 1.668441950137126, -1.1306579396974001
1.8091641576214172, 0.9771098163826313, -1.9906832596920596, -2.4530821178605366, -2.270178184486623, 1.632769918470439, -1.0600372494512431
1.8159159922575974, 0.902256661543305, -1.9733377954749516, -2.4309426317697778, -2.3043067571235625, 1.5864001989428242, -0.9698114904165047
1.8062459608892034, 0.845944852760649, -1.9536040427639954, -2.3992430518555086, -2.3194630301569434, 1.5704633093859854, -0.8797750530318593
1.755876225815804, 0.8423078559140684, -1.923455781804444, -2.362104534880145, -2.3185280422849894, 1.581100384868125, -0.7928829752879318
1.712602973838404, 0.8378072825827374, -1.8945868917150346, -2.332294294942595, -2.3281614021484645, 1.5649088680693497, -0.7319965607419068
1.6872684333015666, 0.8068657905791934, -1.868862280876999, -2.303407191140283, -2.3457427953064505, 1.532193884235327, -0.6860255541865294
1.6658269039378144, 0.7771693321886861, -1.8493154277756352, -2.2745312254769523, -2.360344534360487, 1.516266930082245, -0.6470083482625482
1.645776613910181, 0.7588052876496771, -1.8359664690240916, -2.250069237941637, -2.371073508587682, 1.5088449366693562, -0.612819119574664
1.6285873617421682, 0.744130006043866, -1.8252883675238394, -2.228750998178242, -2.3779489140796572, 1.5050155030163834, -0.5845851610786488
1.6153489196856885, 0.7319412476935447, -1.816640059352478, -2.212169432239511, -2.3810759735008107, 1.5032709083580604, -0.5595415797276893
1.6002687649848042, 0.7292855433449343, -1.8102161778973231, -2.199670359468217, -2.39269009281555, 1.5034359620692666, -0.5450797508501486
1.5809602328196828, 0.7406263860081355, -1.806518605644552, -2.1920943071758314, -2.4071648091381634, 1.5028335736431, -0.5352399346118837
1.5674315067643363, 0.7459893524496701, -1.8035276382887035, -2.187224937455385, -2.4200711553396106, 1.5004277947349944, -0.5244847533460106
1.5611699098525698, 0.7412663233284205, -1.801106791383134, -2.1828965228984885, -2.4317982872199115, 1.4982082225785032, -0.5129763956601616
1.553643581784982, 0.7399989234282431, -1.7989528346404082, -2.178035348955958, -2.4368214884018977, 1.4936757824898752, -0.508749184598444
1.544206597635517, 0.7451620649459025, -1.7973502861164414, -2.1740274150313663, -2.4390170658531156, 1.4873097301763227, -0.506907021673868
1.5378407902766327, 0.7489591201246268, -1.796164666880487, -2.171300162723095, -2.4408544214589343, 1.4814123560860732, -0.5029075423706466
1.5343249568800346, 0.7503942137013544, -1.7947007773248274, -2.1688835070316, -2.4424756568122907, 1.4759282499835127, -0.4983647782807603
1.5326651622160181, 0.7484627782237547, -1.7918918413212062, -2.1658741583067798, -2.4431174313418866, 1.468455829615845, -0.4925545576464714
1.53255608753817, 0.7438807400656691, -1.7884995117019704, -2.1621883867602847, -2.443659342981994, 1.4608818239755212, -0.48637753643930104
1.5331529254021037, 0.7419640417752023, -1.7869408515695548, -2.1585872411425306, -2.4393412798994403, 1.4581113973280626, -0.4893780122727289
1.5336003542634407, 0.7421579113303718, -1.7862096742333513, -2.15547973743114, -2.433930459113098, 1.4555130139445112, -0.4935491988656402
1.5370344470258805, 0.7423883687120494, -1.7884663685275433, -2.154644071902701, -2.433667343503913, 1.4614694848463277, -0.4970771478316376
1.5412064862551578, 0.7418757338078237, -1.790863868677131, -2.1549789388859564, -2.4336254520443417, 1.468466970587654, -0.5005602634717139
1.5427583478751439, 0.7395667298540083, -1.7900704107482657, -2.154359564002105, -2.4337015590637057, 1.4677728848667817, -0.49814546974015794
1.5435033253747354, 0.736600316224175, -1.7888642236530243, -2.153403231215762, -2.433975163995716, 1.4670592857770215, -0.495696154759246
1.542366015794915, 0.7368975129898132, -1.7885034592003608, -2.1524624650625093, -2.4336488636182434, 1.4675252580453568, -0.4979462472911873
1.5402516643850088, 0.7388647695974662, -1.7885223109127164, -2.15186347816534, -2.4332301810261896, 1.4676338892860414, -0.5000447260510255
1.5393054890076208, 0.7382226417039321, -1.7880720580368692, -2.1514301787268924, -2.4332131916868143, 1.4665138380491243, -0.49855447554384646
1.539130441757064, 0.736303312937447, -1.7876609491400508, -2.150805008982899, -2.433322554360899, 1.4658003092640763, -0.4969293412423088
1.5407273098965542, 0.7349323465638404, -1.7890057445080565, -2.1513168032761723, -2.4344163098247957, 1.4676412540391937, -0.49496705165603583
1.5428061988962618, 0.7339054858784264, -1.7906352880167695, -2.151888926858229, -2.4352899824827725, 1.4695974023206375, -0.49352037081746936
1.546345611603944, 0.7337358965383798, -1.7932502274019395, -2.1534566016307277, -2.43473075120305, 1.4739555369292505, -0.4953578048971199
1.5504648039135258, 0.7336567910679719, -1.7956015599282402, -2.155465324965297, -2.434192372466754, 1.477547929092574, -0.49630757717831564
1.5574326236365446, 0.7302285481334962, -1.7968204233848724, -2.1600162179550786, -2.4335240918688834, 1.4780055493496285, -0.49336236886914353
1.5654905915264061, 0.7256955292209906, -1.797412001160824, -2.16566952710126, -2.4321433531368903, 1.479428276655324, -0.49171972911495576
1.5778111522399225, 0.7192479534767351, -1.7986262877056127, -2.175589605034965, -2.426459596114526, 1.48257314491949, -0.49486696654692697
1.590218381253698, 0.7125906204801868, -1.7988026165088762, -2.187011590270627, -2.4210883006280435, 1.4851534390622865, -0.49673350975926045
1.6006081722133318, 0.7090052596372853, -1.7979560185701118, -2.200289614074986, -2.4173707205113395, 1.4832600278219568, -0.4949037684040736
1.6113149934218134, 0.7073014245856042, -1.797896913462452, -2.2146945841272725, -2.4131537286867744, 1.4833812966454172, -0.4948937347379747
1.6253317190748984, 0.7110896929411767, -1.8022943562165317, -2.2328123935456894, -2.4063701196875904, 1.487142720158947, -0.49908216520614523
1.6406439009314084, 0.716917953901766, -1.8076450530675405, -2.251512043147242, -2.3997984184560766, 1.4913822110057193, -0.5019798671883908
1.6598569719352083, 0.7269702451212483, -1.8165102424535284, -2.2732480125581453, -2.3927952693544894, 1.4965694971640806, -0.5024677251712788
1.6810163359617762, 0.7389422985027254, -1.8262407942111238, -2.295063920157384, -2.3846968759803593, 1.5034488742193597, -0.5046467410010784
1.7070468990057739, 0.7553214922361322, -1.839529681703949, -2.319454560083054, -2.372980639056947, 1.5133454659038668, -0.5099113728585642
1.7342296847363272, 0.7743743630276763, -1.8531056374423667, -2.3431648768701603, -2.3608034165636305, 1.5257177514779183, -0.5175389023818369
1.761857606907654, 0.7996255854346623, -1.86884339437497, -2.3665684888304988, -2.3473145796335295, 1.5412376907643308, -0.5285406619394699
1.7940460915090988, 0.8229601916877591, -1.8875191102680802, -2.390077165285172, -2.334658713509719, 1.5587397160919725, -0.5433930957842428
1.8399172730328406, 0.8335148658789917, -1.912982573749149, -2.4143509431852213, -2.3220236818140583, 1.579928506854607, -0.5621858921588423
1.880603205308205, 0.8427116209553942, -1.9337396654374608, -2.4354245737465288, -2.3088084453342015, 1.5859908048350215, -0.5689951985522432
1.904606918859315, 0.8587430753412857, -1.9445392339004641, -2.4509350303217197, -2.296380661040243, 1.5740558552411992, -0.5638073008892057
1.925457425431194, 0.8752899844983641, -1.9545253266001943, -2.465151198327897, -2.2826712449984123, 1.5600068278705477, -0.5541031781557262
1.9429990748643338, 0.8887174805836366, -1.9635108588945105, -2.4743646651484585, -2.2688992746794803, 1.54382744452968, -0.5404420159727579
1.9591740185080901, 0.9027475796433819, -1.9738091453769275, -2.482101755485873, -2.2571316522772733, 1.5301236583651123, -0.5310038878704617
1.9719972103920593, 0.9200111274159006, -1.9853273393261688, -2.4883002315924543, -2.2472969271937746, 1.5178228931695221, -0.5247884851830733
1.984535375667173, 0.9387234986269224, -1.999400790848636, -2.493326038801733, -2.238513902987025, 1.5168051208361932, -0.5235681504114078
1.9967206107898328, 0.9578091862669709, -2.0151926299481815, -2.497082608897859, -2.2310392817915137, 1.524363846063891, -0.5255953671164937
2.0068921206301127, 0.9750531873083856, -2.0287341531401673, -2.5009527219475647, -2.230211747748492, 1.5257061173824535, -0.5195699301694514
2.013572480016343, 0.9892273241098524, -2.038409449759893, -2.504814580985686, -2.23435295850551, 1.525160929732305, -0.5093490945325989
2.0189487532084893, 0.9995892375015849, -2.0458589975041424, -2.5078403052701574, -2.2360694716657283, 1.5276980254958685, -0.5056514073989655
2.023175264657082, 1.0043281724033601, -2.0507149151997695, -2.508936222354775, -2.237480317733765, 1.5330801051088487, -0.5046465066329837
2.0240298012847866, 1.0064369515811977, -2.0530552139831304, -2.5074077397911827, -2.237154558820663, 1.536199973408774, -0.5036387492529801
2.020595767851063, 1.006132046683346, -2.0537406381922807, -2.501609393595346, -2.2372269173600356, 1.5382185770068535, -0.5025576760760009
2.017981497675958, 1.006347707589799, -2.0563347737687323, -2.497354276341796, -2.2401498618472706, 1.5437532274825152, -0.5033556808887569
2.0164647238942006, 1.0072404597393962, -2.0596292977515045, -2.4956953775984845, -2.243453382817523, 1.550742950838627, -0.5047328234804977
2.0133772780581563, 1.0077253840880473, -2.060520425946118, -2.494782632214539, -2.245776334416399, 1.550087782507421, -0.5042486375169517
2.0086102016384793, 1.0080415023652138, -2.0597074685435715, -2.4941107358746653, -2.2480142721036236, 1.5477303377087024, -0.5033423485594382
2.0049648404318, 1.0088344716730147, -2.059937017385556, -2.4949282355699918, -2.2515518982433447, 1.5485902856462719, -0.5030784445190761
2.002474029008539, 1.0101360972583047, -2.0608534607209172, -2.4969504628820154, -2.255028888560079, 1.5501509850253408, -0.5029666102619625
2.001540449384578, 1.0107416156145401, -2.062247697758343, -2.499284001672452, -2.258056890972619, 1.550843259860799, -0.5006755838774914
2.0018524203607058, 1.0108109093684394, -2.063993181355192, -2.501434987803071, -2.2609697972222795, 1.5513273733438924, -0.4980935566720337
2.003314688062197, 1.010302986026395, -2.0656491852977155, -2.5028499930158894, -2.261441989862205, 1.5531516653111392, -0.4971661627821833
2.005720873491912, 1.009439712298481, -2.0669499817027237, -2.5038702403091797, -2.2617565721023434, 1.5552114838231725, -0.4963115286250144
2.0090435349642313, 1.0088512552117122, -2.0686501978917207, -2.5047736030628354, -2.2622005772472926, 1.5592705225971946, -0.4956498870554107
2.0128436873749127, 1.0084246919073037, -2.070536245145684, -2.5056097037104603, -2.26262514416453, 1.5633520185228766, -0.4949858868838799
2.016356018807551, 1.0083152738840004, -2.072429697999901, -2.506308184356321, -2.2632356481536613, 1.5675657106424694, -0.49453336122693337
2.0195759692732853, 1.0082830656036377, -2.0743477488186777, -2.5070308975165414, -2.263792952975697, 1.5716828479876712, -0.49409614273118585
2.0219710047868364, 1.007705403181375, -2.0755051820072286, -2.5072520807195424, -2.2627308044862744, 1.5742097516367854, -0.49375074423438203
2.0239713333041287, 1.0068026091882407, -2.0764869621171353, -2.50738655840542, -2.261768089183816, 1.5769118915531388, -0.4934147589264928
2.02594333603032, 1.005939179145149, -2.077847518841404, -2.5077227476535846, -2.261560143798971, 1.580830298131672, -0.4932254721173148
