-0.8981842390374837, -1.3577194698305766, 0.7515073187073797, -2.624869531387331, -2.395869125583654, 2.086792462993362, -0.1296852876158141
-0.8965911842311511, -1.356782526594964, 0.7506816107789911, -2.6244845013727867, -2.394887819002439, 2.089276807066618, -0.1293193526136145
-0.8942272098518949, -1.355465691118578, 0.7495089699605915, -2.623950558564454, -2.3939120068352127, 2.0917477092101926, -0.1288923242968547
-0.8918757358904736, -1.3542676068151351, 0.7483233314137783, -2.6233179302525587, -2.392952154839562, 2.0941377284741343, -0.12845700120507875
-0.8896393788940928, -1.353202245213918, 0.747207071061502, -2.6226572090691027, -2.392002979890205, 2.0964873345330375, -0.128026400140568
-0.887400324138663, -1.3521910337914047, 0.7461711668686553, -2.622200437836728, -2.391638920890924, 2.0980415638732666, -0.12747287512577277
-0.8847270349592558, -1.3514886344243626, 0.744916881434329, -2.622779126135601, -2.392932564499806, 2.09739837208663, -0.12669914404174332
-0.8819983378779579, -1.3508775420162848, 0.7434310173455918, -2.6235857242117984, -2.3941473990821835, 2.0967775707901097, -0.12593004271856856
-0.8793286237828131, -1.350205350841665, 0.7419341612405086, -2.624382713786847, -2.3953516387399114, 2.096162297084268, -0.12516260208005825
-0.8767004260215732, -1.3494796443236066, 0.7404774914972032, -2.6251495440999815, -2.396558018233905, 2.095559476740126, -0.12439598492975357
-0.8744012164639523, -1.3487401682129345, 0.7392655012943612, -2.6256692079380564, -2.396985833353903, 2.095027394709204, -0.12389752843858126
-0.8740042782342012, -1.348047956412973, 0.7392446312476784, -2.6249977334600656, -2.3960169197345076, 2.0943518613811687, -0.12379739360968678
-0.874072450176806, -1.3473665921670213, 0.739686022840365, -2.624117805131699, -2.3951497203820633, 2.0936796230937453, -0.12372702096665478
-0.8740079335122379, -1.3466748435335782, 0.740097445533829, -2.6233429370672035, -2.3942821857384873, 2.093060444973734, -0.1236587730452623
-0.8738035707447009, -1.3459750021549457, 0.7403930504354683, -2.6226446685630194, -2.393403321952717, 2.092456906446369, -0.12358704164694867
-0.8734889623807183, -1.3453151852809384, 0.7404541317934656, -2.622016113094344, -2.3933885013418017, 2.0922342797994062, -0.12365955560824382
-0.8729639700442746, -1.3447383557681274, 0.7400548136930221, -2.6216210550796655, -2.3944141251758246, 2.092483498963629, -0.12395384291705902
-0.872425656545107, -1.34414406549626, 0.7395210765973603, -2.6212827704816073, -2.3953957925903993, 2.0927010913805617, -0.12424375359026563
-0.8719240004494839, -1.3435245200887103, 0.7389920887082075, -2.620941311774688, -2.396369132902553, 2.09291069514779, -0.1245325649510125
-0.8714421978779878, -1.3428938042632277, 0.7385002996295809, -2.6205931824957904, -2.3973425301029128, 2.0931265299509185, -0.12482092827355373
-0.870441231341756, -1.3419130189078698, 0.7377428547759068, -2.6203575133575177, -2.4000902720482706, 2.093263712957869, -0.12518781324342143
-0.8680393784387777, -1.339940729560598, 0.7361644946647248, -2.6202548502215235, -2.404289124977611, 2.093446402001689, -0.12563017670325038
-0.8654751665399116, -1.337767757987728, 0.7343314660250995, -2.6201451182683675, -2.4084202055682766, 2.093591654044321, -0.12604294558266282
-0.8630575441779333, -1.3356545722882514, 0.732524893069777, -2.62004086221682, -2.4125350167440054, 2.0937125814804105, -0.12645637782563668
-0.8607448332346763, -1.333611376222839, 0.7308006104384601, -2.6199493932855926, -2.4166478702829846, 2.0938378759487346, -0.12687477667759417
-0.8611428247995043, -1.3343557748357808, 0.7318974548965489, -2.6210486686462353, -2.4121956063776864, 2.0918598103607025, -0.12590319822889384
-0.8670332124127142, -1.341039406516951, 0.7390208314640718, -2.625052327215702, -2.4028608528316395, 2.089657104326431, -0.12431586793515059
-0.873376170664633, -1.3484204523410943, 0.7480247779276334, -2.629826659258745, -2.393832342978123, 2.0883757512460477, -0.12288227216493652
-0.8791802526042449, -1.3551598525882076, 0.7568173015684572, -2.6344973361451647, -2.3848865465050784, 2.0872926029852756, -0.12144925176285959
-0.8846510665628138, -1.3613856399949933, 0.7648973027803203, -2.638916497189358, -2.3759421994236485, 2.086050565545662, -0.11999392368604767
-0.885635060697882, -1.3561400145431097, 0.7830404768858177, -2.639007916696138, -2.380134523439949, 2.1011554131910373, -0.1188716145021047
-0.8799677951105895, -1.3324034590527498, 0.8231638773202343, -2.6367116688311762, -2.390848148546315, 2.1312600811068627, -0.11766087219838273
-0.8744967814131117, -1.3053206851969268, 0.8695774516636661, -2.6373850941530907, -2.4014994604994904, 2.165943446425125, -0.11643517837062589
-0.8703052814195757, -1.2793319501586051, 0.9146352245462008, -2.640203702500962, -2.4116557947452435, 2.2011354333668987, -0.11532911329890094
-0.8668477164857684, -1.2548948644508542, 0.9568434540579736, -2.6434157129726454, -2.4215395076082906, 2.2353115228083027, -0.11429568495272768
-0.8735933440912209, -1.207740561582657, 1.0049401252380985, -2.6281770099144612, -2.4424992343606444, 2.267464802387021, -0.14026745313374178
-0.8933370674662857, -1.1350262011183476, 1.0579019502961904, -2.5973100965898706, -2.46644898649423, 2.2981902844388955, -0.1697052970099282
-0.9165484545380238, -1.0610721895235997, 1.1088893337985057, -2.569917163775713, -2.489862955741181, 2.3290308936694366, -0.19911760215174468
-0.9399123358162225, -0.9871136418382749, 1.158583584660807, -2.5461235177576906, -2.5129951444358554, 2.360535646328623, -0.2285718841942419
-0.9626419315638266, -0.9132139226722851, 1.2081496936437626, -2.523804046753307, -2.536079770552952, 2.3925352916953955, -0.25802898956330544
-1.0274173495609684, -0.8654978086753058, 1.2805327483357045, -2.4764898891386204, -2.5461461341256904, 2.441141393519807, -0.2799103419884066
-1.1102273088076071, -0.841200113694561, 1.358013601366876, -2.4173261981525522, -2.556490508081394, 2.4817318993137185, -0.30279846879974315
-1.1925461484580335, -0.8196504277255041, 1.4324085996119047, -2.356254169107528, -2.5671014170767243, 2.5198288479805093, -0.3258197359638739
-1.2732511862538196, -0.7954938610370386, 1.5060355206198492, -2.2963993881915234, -2.5775928732458553, 2.558280445765014, -0.34871992124095996
-1.3525276414552856, -0.7699602008816644, 1.5791515850479394, -2.2388904771861338, -2.5877792360884104, 2.5972471791944276, -0.36964743322270266
-1.4180391524133906, -0.7739832720688851, 1.6263644468696787, -2.1892269003580864, -2.5947618037903215, 2.618607456366325, -0.3693713243529606
-1.4805956319772804, -0.7904987367765601, 1.6652420963836896, -2.1348778712004837, -2.6042736994109017, 2.634139627401229, -0.3703716196801805
-1.5416075370854951, -0.8053742032853579, 1.7052916967661842, -2.079031358367933, -2.613437616119965, 2.6488943187434284, -0.3713872607241866
-1.6007719035736745, -0.8183202322961032, 1.7472125321507903, -2.023631359889267, -2.6221870744524374, 2.6644985510391166, -0.37227487919192104
-1.6556361459999707, -0.8305723675810013, 1.7875302670171394, -1.971121305345359, -2.630150322746884, 2.6793872830319554, -0.37302542057599286
-1.676793840073623, -0.838482006734556, 1.8003345759669962, -1.950734247245144, -2.6384939240620344, 2.6966653771150533, -0.3741043264186068
-1.6914053701568417, -0.83758578160431, 1.8094008946683964, -1.9319210775912659, -2.6475605301746707, 2.718724163636878, -0.37535917988005707
-1.7060840141031122, -0.835235677347975, 1.817911908394759, -1.9091525529025661, -2.656330787365194, 2.7390307327681143, -0.3763751569434959
-1.7212291114182285, -0.8332210444385098, 1.8260722240683265, -1.8842887825865553, -2.6650988475819855, 2.757848667058788, -0.37733472337810703
-1.735428417989855, -0.831608730194608, 1.8333954054328867, -1.8614947140789724, -2.67217451853136, 2.769869187236914, -0.3771051348669321
-1.7424698716892948, -0.8296194828621992, 1.8372404737640622, -1.8523839435781984, -2.6723865494240897, 2.762492890229746, -0.3721782120241217
-1.7496535397357462, -0.8283600376306213, 1.842653980071944, -1.8454915077679779, -2.6726672455635416, 2.757136105758425, -0.3673322597853703
-1.7573231103674196, -0.8285107917072523, 1.8491668384452886, -1.839150167940149, -2.6729290315917353, 2.752244046838591, -0.3625487051336931
-1.7650981487848654, -0.8294376573623232, 1.856214395508756, -1.8328738543348422, -2.6731932630555892, 2.7474969829861475, -0.3578182539174133
-1.7716090272854057, -0.8321340278254823, 1.8609192297913069, -1.8263011398555768, -2.6700193445931735, 2.7465825440350713, -0.35565687178136507
-1.774202630294269, -0.8405175791668373, 1.8580473218233458, -1.8193068310260996, -2.6627227386873606, 2.7531117217327523, -0.35801186580440714
-1.7764517345905375, -0.8484916099720348, 1.8554708800979505, -1.8121081871488025, -2.6557826811742675, 2.7588412656571286, -0.36031583722826177
-1.778571766547845, -0.8563737998830305, 1.8530572827036043, -1.8044829210732543, -2.648491710976791, 2.764656878283329, -0.36266067000371827
-1.7805636756421421, -0.864024089541207, 1.850735570895564, -1.7967494226537992, -2.6411443339702387, 2.7704395087728795, -0.3649845720058522
-1.782142142735264, -0.8697307212986107, 1.8499447826875617, -1.7910391797853684, -2.638168760662392, 2.771546033517623, -0.365936783221704
-1.7827921488922005, -0.8707934207614603, 1.8526233514813093, -1.790949141767225, -2.639689982814918, 2.769207051743246, -0.3655198257164267
-1.7836352245137626, -0.8719301005463258, 1.8556911120233366, -1.7918365787448494, -2.641128106469715, 2.767765449036016, -0.3650444624664271
-1.7848721814139754, -0.8737209297760042, 1.858781998188494, -1.7927789123637883, -2.6426118743306493, 2.766290470840328, -0.36458947440277
-1.7863422723376754, -0.8758314449718831, 1.8618095474343441, -1.7936730327113857, -2.644127745567772, 2.7647196898042807, -0.36415278097231507
-1.779040496908829, -0.8711049680481606, 1.861988121181387, -1.8093076900735028, -2.648718405241066, 2.758583186603129, -0.35420047933176413
-1.754916516689784, -0.846840569010773, 1.8601999749124971, -1.855473202434057, -2.6554659459320984, 2.7646645346517857, -0.3364888980120302
-1.7302489371577163, -0.8195511993334712, 1.8589479598011582, -1.9024080212478172, -2.6618205604373415, 2.7732878073343556, -0.31850702877544723
-1.7065214045593802, -0.7937912874479327, 1.8575143112974644, -1.9471731110309847, -2.6682467520115143, 2.7804330372453023, -0.30053431286334664
-1.68335080113952, -0.769378352649122, 1.856105763446159, -1.9908272185584774, -2.6747434828007286, 2.786566437593068, -0.2826144337733325
-1.6353239947313671, -0.7574631601861777, 1.8253361100227146, -2.055400654703538, -2.6555869210123495, 2.7563161435820103, -0.28128820870632776
-1.5667848990695337, -0.7596215641800503, 1.767665615038652, -2.1369935755721627, -2.6283738278695834, 2.7065159624478863, -0.2884784159828717
-1.5014000376313437, -0.7613987018524151, 1.7109625313216945, -2.2188636183686707, -2.600743318977809, 2.6569742577732303, -0.2957460587948484
-1.438095879253022, -0.7618055444050951, 1.6536434090164018, -2.300917722830931, -2.5730025651630273, 2.6075646563799477, -0.3029956740848023
-1.376182399504085, -0.7610015630296152, 1.5951701770360174, -2.382746637497428, -2.545271299027605, 2.5579369628132884, -0.3102100896844293
-1.344401293770292, -0.7779546217433202, 1.551632411438403, -2.4391851134245535, -2.517314639529064, 2.5065160316986095, -0.27666291645629126
-1.3437323793609055, -0.8245674713390487, 1.51203548181525, -2.4643410444549225, -2.48952414114068, 2.436719073482241, -0.2310663175179295
-1.345005791763298, -0.872816819528933, 1.4637286972092767, -2.4845373145457916, -2.462689771124671, 2.3609607190709205, -0.18574183565602898
-1.3451643700516946, -0.9170412136952963, 1.4127218161546438, -2.50513405173648, -2.435792536558825, 2.284761627309093, -0.14025686581805097
-1.3435301754053217, -0.9590066807545865, 1.3625667712026388, -2.52782287416235, -2.408661936353208, 2.2100185026207093, -0.09467322183094673
-1.3494161662350006, -0.9683568184197684, 1.3239764721961826, -2.530760582483029, -2.4046035544588875, 2.1383833943215507, -0.09553811572749371
-1.3592885068785492, -0.9408820189604192, 1.2895717289953055, -2.509292720635652, -2.407624524189158, 2.067033852108448, -0.10332261555661493
-1.3678146571376875, -0.9119849759084264, 1.2513517589341259, -2.4848044869135943, -2.410272266316971, 1.9934525922737887, -0.11042009163628652
-1.3769051644316992, -0.8877028914929088, 1.2116983244863935, -2.462370357087285, -2.412489663969078, 1.9189486871849795, -0.11755515352793733
-1.3869990729232686, -0.8662403939945591, 1.1721249134626675, -2.4427256656462353, -2.414382058277729, 1.8447945483314996, -0.12485871558849393
-1.4147596808864087, -0.8628224699821381, 1.146439379568088, -2.419605998901254, -2.412674823294214, 1.8162497957815837, -0.11834918361430713
-1.4473782650768285, -0.8704055969163687, 1.1360902831513098, -2.4033376723894957, -2.412188731898235, 1.7961568582620409, -0.11248485901613403
-1.4754226941387731, -0.8786726285980713, 1.1310098267244193, -2.3892253367478276, -2.411949081112718, 1.7787808906779237, -0.10666125241310365
-1.5003920124529877, -0.8867023545539858, 1.1273325346090086, -2.3733539880493986, -2.4121072790110913, 1.7616859011014334, -0.1006700470002384
-1.5237772210130878, -0.8948073533418395, 1.1227121052633784, -2.3552918930409232, -2.4129175935319305, 1.7437383399587585, -0.09453833594559491
-1.5330276523409303, -0.89716363082937, 1.113052392721828, -2.3462859652474712, -2.427860580824915, 1.7317137411597798, -0.08896780913226987
-1.5370746654159362, -0.896105064007422, 1.1053370679468202, -2.342016285858219, -2.442149361536397, 1.7226373280019995, -0.08317390250994183
-1.54202963048124, -0.8949879705424983, 1.0996497849711542, -2.3386480798219598, -2.4565007522840654, 1.7146305796576211, -0.07737536203921369
-1.5479946577274006, -0.8940875823523697, 1.0940404970768665, -2.3353335322313056, -2.470824265853749, 1.706733136875755, -0.07161043985028392
-1.5545802082283817, -0.8932411095465405, 1.0876038908040062, -2.3316932086987263, -2.484387682489932, 1.6990327545106254, -0.06645454705868215
-1.5585386208001175, -0.8916359920342778, 1.0816283110803138, -2.3292853145384154, -2.4913067700145417, 1.696074406962687, -0.0649111651896197
-1.5610973993522617, -0.8900652641772329, 1.0776119555492691, -2.3279329137167633, -2.498450810328097, 1.693997906036353, -0.06331876632873001
-1.5630915857756538, -0.8889815386235682, 1.0748456654637053, -2.326533740128598, -2.5059005459491273, 1.6922254866172413, -0.061701780250641214
-1.5646870844758851, -0.8883502439138438, 1.0724650544382754, -2.324737495268117, -2.513498854627959, 1.6903734757313718, -0.06006117996190685
-1.5653733997114232, -0.8879080560441999, 1.0695697245616476, -2.322615156633021, -2.5198457129142566, 1.6899833998465068, -0.05936738904955163
-1.559665758687454, -0.8857618631806723, 1.0645671182109098, -2.3228329048003875, -2.5205096165716503, 1.6961131732159336, -0.06141200679863523
-1.5525834358593773, -0.883362682164857, 1.06010841341981, -2.3235275789463934, -2.521218721005755, 1.702555204648097, -0.06336792411690695
-1.5456058899570007, -0.8812423781599907, 1.056289511721257, -2.324069056086712, -2.5221502296210216, 1.709073526680502, -0.06531177722936476
-1.5387728464904002, -0.8792995414272742, 1.052599362160164, -2.3244850106709922, -2.523147010557662, 1.715551907805139, -0.06725576551766999
-1.5313253647135774, -0.8773520068414422, 1.0484981711469352, -2.3258367236638744, -2.5247685774037967, 1.7205824569622266, -0.06856339122891697
-1.5201392372663118, -0.8753262774048789, 1.0437911123290657, -2.332719108067108, -2.5269442440014744, 1.7237886218719574, -0.06860290953838977
-1.508778860820014, -0.8731144596115055, 1.0402112771878524, -2.3411669573956804, -2.5289867917572986, 1.727973210119762, -0.06866903944295366
-1.4977235126127422, -0.8706387021275441, 1.0372372455847323, -2.349879179036714, -2.531127176612812, 1.7325870085220494, -0.06875138249761648
-1.4868365390847913, -0.868059092642774, 1.0341992301196754, -2.358443133973145, -2.533294753254615, 1.7372314575770318, -0.0688415007900236
-1.4733382824055044, -0.8665072014841382, 1.0294908570603134, -2.3691425572785434, -2.5330180298598552, 1.7443018846113354, -0.06930231514676066
-1.4500331825602082, -0.8695252120494423, 1.0230244631620717, -2.3908868995385433, -2.5270554636884395, 1.7574454800214063, -0.07033554910687378
-1.424786437094422, -0.8742062562610382, 1.0202909348907863, -2.4145282775835746, -2.5214731667295727, 1.7721225807718035, -0.0714046163637434
-1.398616967357702, -0.8792174102702717, 1.0197755534924529, -2.4374314816211893, -2.5164996350328375, 1.7872681894509626, -0.07242200612777872
-1.3719716379108693, -0.8844331538222185, 1.0195692547068678, -2.459265176172389, -2.5117593152172493, 1.8021706777960596, -0.0733832786166726
-1.3509298600164819, -0.8959467710034161, 1.0228188233361024, -2.480071703627022, -2.507736036691412, 1.8254796075086759, -0.06118967220716609
-1.3401081185096562, -0.9240873537620491, 1.0392864918088183, -2.504444342238763, -2.505513213387129, 1.858773136278403, -0.03938488156939535
-1.3260837840826358, -0.9555400135445549, 1.061123620788523, -2.5305318709447917, -2.5037146647388004, 1.893845958400437, -0.017751784476845778
-1.309294047980134, -0.986865981718438, 1.0843699347448394, -2.55565679219775, -2.502159903910626, 1.9292154818384493, 0.004001644084675959
-1.2917370456578254, -1.0176445442196957, 1.1068332173442936, -2.5796866205809934, -2.500579304772242, 1.964107654325094, 0.025850182442624714
-1.2696195740244658, -1.0358356956036054, 1.126463010520851, -2.599922786017535, -2.5111209761320508, 2.0067500678615424, 0.027834707595082442
-1.2381947614214441, -1.0254525816464515, 1.145093642064678, -2.6134060603838183, -2.531381868458271, 2.0570321092233463, 0.01944795879825545
-1.206826295441064, -1.0106577283797922, 1.164037539324072, -2.6268955143883765, -2.5513906544749796, 2.1081438375321877, 0.01149774295939654
-1.1767019808587866, -0.998108417404092, 1.1829859935964926, -2.6416184529518016, -2.5710702842308466, 2.1593309202957105, 0.003495006126997602
-1.1471202362294912, -0.987714787108068, 1.2019003158062755, -2.656916970771375, -2.5906107889263916, 2.210366358935378, -0.004602129378070252
-1.1471925918952142, -0.9579514574743406, 1.2429086300666254, -2.643492901914197, -2.610904153847966, 2.2595841685680966, -0.04355899484202563
-1.18788666432307, -0.8920156352127773, 1.3031897119246656, -2.589346872494822, -2.6349393423317116, 2.2999821752888483, -0.09354923194163245
-1.2312377988674328, -0.8209833293941653, 1.35527306684203, -2.53477435184387, -2.658106691141664, 2.3377959165884477, -0.14283353017446299
-1.273640733088337, -0.7527946573815258, 1.4033619539868658, -2.484322699802574, -2.680828315491609, 2.3757273025854353, -0.19198811090360568
-1.3147274086804366, -0.6873346116587875, 1.45148529010915, -2.436581826175379, -2.703478601468068, 2.4144898423805614, -0.24119091213934585
-1.3822504789948962, -0.657584617379297, 1.5159728102633014, -2.374378879614598, -2.719191089339975, 2.4575983731204776, -0.25525408313185327
-1.4645478898552913, -0.6694663965802485, 1.5845671394064746, -2.301050138239826, -2.735269136556991, 2.490132305758367, -0.2650839220208008
-1.5443668586662387, -0.6833805289351238, 1.6537477668026277, -2.227355281022306, -2.751559185498208, 2.5219138385894215, -0.275470863956671
-1.6224958217866607, -0.6925879619279725, 1.7254972116287242, -2.1538595601930766, -2.7672904527860096, 2.5557781148351566, -0.2856907977060201
-1.7000658278694196, -0.6990635265043368, 1.7986296339326806, -2.080531159927549, -2.7827422585142623, 2.590839893853408, -0.29568457096031064
-1.7308742923078633, -0.7168919208357041, 1.821213014058241, -2.041396992444623, -2.779558394542816, 2.59969646141289, -0.2984374796401097
-1.7486656382085446, -0.7331795734365807, 1.8303935414755337, -2.010826606767915, -2.7767574201881864, 2.6104262942385272, -0.3013778467982098
-1.7678648405742905, -0.7481013528061728, 1.84074828630356, -1.9797583179419895, -2.773640966129191, 2.6205521823960325, -0.3041042087751853
-1.7881348497520957, -0.7633536616562226, 1.8516130953208148, -1.948740069701028, -2.7704967369837377, 2.6302626430881038, -0.30679682288887467
-1.8087623260417978, -0.7791104789424521, 1.8626518611203196, -1.9182923040520894, -2.767500604226136, 2.6394797541946105, -0.3092940288527508
-1.8127219929888705, -0.7828366879749389, 1.8657475887936386, -1.9141920295972081, -2.7708425715333505, 2.6294488685561603, -0.30858170583552447
-1.8123916801933593, -0.7778528998741114, 1.8679464093385878, -1.9171611256197085, -2.7736480646859185, 2.626250941408774, -0.3075737871146913
-1.8129286687346617, -0.7724458882844196, 1.8694961357764974, -1.918506241650391, -2.7765231173603695, 2.6225094251904384, -0.3064548709058439
-1.8142999165284035, -0.7677181661639292, 1.8703686494387703, -1.9183543754452899, -2.7795757671490016, 2.617663074706728, -0.3053616595487849
-1.8160180818344802, -0.7641500000067989, 1.8704185920687877, -1.9171439553116665, -2.7831005324136804, 2.6142528234310394, -0.3017951608977034
-1.8152873385677326, -0.7720899570690651, 1.8622437431930408, -1.9110594064838722, -2.7920286435879067, 2.626560597322321, -0.28490767941942075
-1.8146153527371993, -0.7842436125163221, 1.8547145187914609, -1.9042320456261947, -2.8013343196002385, 2.6376515144219557, -0.26849486790881105
-1.81322494771615, -0.7971572902122706, 1.848870078895768, -1.8981590132061568, -2.8102965855128197, 2.649132204742454, -0.25207908482738883
-1.811021396182504, -0.8102230552330667, 1.8441422687854931, -1.8924716021407146, -2.819047865122556, 2.6610221860756837, -0.23562849928536167
-1.807214988786324, -0.8230383874765064, 1.8391729643366777, -1.8877557694490852, -2.8267463866724007, 2.672352174037357, -0.21759385515364205
-1.7967121180952272, -0.8328109466524776, 1.8310493391926315, -1.8931489761529585, -2.829716252269236, 2.685199058030717, -0.1935463189206139
-1.7856898243473918, -0.8412808334902095, 1.8234982998341938, -1.9007348265612842, -2.8325847909173625, 2.700184501682065, -0.1694443801111527
-1.7754210824595038, -0.8502371466007332, 1.815970791068505, -1.908262216719371, -2.8355268269616776, 2.7150887042111655, -0.14535378702099333
-1.7658209318836233, -0.8594477160491181, 1.8081521815615247, -1.915597253255016, -2.8385740919453664, 2.7297728565268695, -0.12129524902223832
-1.7502063278832622, -0.8644075969516907, 1.7962649046546773, -1.9335136294111939, -2.835006747895531, 2.7244751765841535, -0.11638371046805229
-1.7081597451614776, -0.8385077563430379, 1.7703283649920998, -2.001514649825869, -2.8142331460682826, 2.686363214411408, -0.1492439217263941
-1.668189027512975, -0.7989938485653285, 1.73754112106616, -2.0738677401406305, -2.7940903767480805, 2.654833034521946, -0.18149610220484558
-1.6356959960679776, -0.7579602201102107, 1.6991861616759873, -2.1441954882506193, -2.7748611194349335, 2.621379661423644, -0.21361099934239025
-1.6092987706697421, -0.7181760842926446, 1.6576462612373284, -2.214293777653821, -2.7560966771096416, 2.586346450091801, -0.24577983448226082
-1.5891867505777828, -0.6901135059403893, 1.6152289235572415, -2.284334255231209, -2.7293882587387435, 2.5355255521021203, -0.24445616172302742
-1.5838302550871166, -0.7102837497201948, 1.572686443262107, -2.3433240076214643, -2.6896991069966596, 2.4481316741649994, -0.1993501436570888
-1.5773361842057856, -0.7423604529825445, 1.5319323726403553, -2.4000543034101147, -2.651273435737842, 2.3598811727451317, -0.15560262213976728
-1.5654619913790295, -0.7717869640125246, 1.4931956595346225, -2.455707099327733, -2.6127286094001887, 2.271921845548892, -0.11190023594199427
-1.5496159762969084, -0.7981490731850327, 1.4557951060617498, -2.5096931306936865, -2.5741655293239596, 2.1839179698435096, -0.06798219101329117
-1.5528102254538698, -0.835016751119432, 1.4297231543218096, -2.541519016260821, -2.5170517241592965, 2.1335922988132605, -0.02326076664231369
-1.6024045521848151, -0.9086908379381269, 1.4238514655084415, -2.524180072526571, -2.4451355810351503, 2.110523099030928, 0.02100679066833333
-1.6523381479280488, -0.9893989945609425, 1.411704459832288, -2.4978917118039172, -2.3739268013159824, 2.0801764533420233, 0.06500142694984667
-1.699393000553556, -1.067107685317203, 1.3971779158865925, -2.4714624955361355, -2.302733865979498, 2.0489797330145088, 0.10929621625205144
-1.744885634525712, -1.1419585923891082, 1.3832308711033647, -2.4478542866342377, -2.2314311269062683, 2.019567669263431, 0.1537810233311374
-1.777309182602945, -1.1803639884069792, 1.3754611832841004, -2.4344780074805596, -2.216009423226378, 1.9490937485039268, 0.14877317659302935
-1.7742147595823425, -1.1134492468967325, 1.3673178440604445, -2.423032600817608, -2.252747376265102, 1.8618114615520351, 0.11305247501249749
-1.7647512960605845, -1.038019012814349, 1.3474531655130715, -2.4069744112354696, -2.2854455804764235, 1.7749425581009532, 0.07888619684032516
-1.7572993952591345, -0.962282813514511, 1.3252559276088594, -2.387606243385373, -2.317129266464704, 1.686091294880713, 0.04494058777327137
-1.7531760746547, -0.8867344435349205, 1.304112853620543, -2.368931542284546, -2.348348898741042, 1.596789989672759, 0.010958923825824307
-1.752398892556461, -0.8265439847700247, 1.2788296451742234, -2.3515018729867334, -2.366452338826077, 1.5611309582187385, -0.0012336367311194252
-1.756751100316687, -0.7966252929542375, 1.2557624937165777, -2.3437473403412943, -2.377677236430383, 1.5556252400986779, -0.00672756453576806
-1.7602905977715837, -0.7802311596601772, 1.2376834589145957, -2.3399921166590465, -2.3891342674692364, 1.552975566625765, -0.01269439395180516
-1.7597401109696076, -0.769658375998679, 1.222994127401499, -2.334461736752618, -2.4016414935296613, 1.5512308644982973, -0.0186455232154783
-1.7552219438318364, -0.7619692721986118, 1.2099579999628585, -2.325573499949697, -2.4151243377146976, 1.5491192430671532, -0.024395973011695382
-1.7505091880180048, -0.7600363629710536, 1.1995733465287994, -2.3168798119733776, -2.4289056643922837, 1.5454143003719114, -0.023386294914493178
-1.7467321321980238, -0.7634566885772749, 1.192735732949151, -2.3121082569574893, -2.4423220750652135, 1.5425084771385364, -0.021085644449954977
-1.74268855013454, -0.7668119944509311, 1.1872877353566977, -2.3086885027020303, -2.4556764159738975, 1.5406240383227185, -0.018796892834414436
-1.7390402771436264, -0.7691747089247016, 1.1815938132803083, -2.305560134975006, -2.4689437493899735, 1.5391197574495976, -0.016485004427312155
-1.7362992777602528, -0.7706146138881387, 1.174794356223531, -2.3024759558573313, -2.4820217937982285, 1.5375792864661726, -0.014176274551717327
-1.7346436039581254, -0.7715912369102131, 1.1682707367819685, -2.298677679821658, -2.483585880305636, 1.542149561989012, -0.011532452759746903
-1.7333952676520141, -0.7720904204627743, 1.1628102142516905, -2.2962046660297126, -2.4833041639320905, 1.5483384892107743, -0.008966388800629943
-1.7322392082683065, -0.7723784112148753, 1.1578194278474427, -2.2943746720939355, -2.48322815354934, 1.5549654686247152, -0.00641959306200679
-1.730984233932566, -0.7727019654903344, 1.1529523224618679, -2.29254284370984, -2.483274392128128, 1.5616661646989387, -0.0038768735441800928
-1.729521443998765, -0.7731921660337537, 1.1480785236056015, -2.2904255227641857, -2.483428281358342, 1.5681991607768282, -0.00144599222820041
-1.727247302352037, -0.7730911512735386, 1.1442532567634736, -2.2897266096233926, -2.4854073058064, 1.5719433146191344, -0.003917311198843976
-1.7245402627441564, -0.7726998689126656, 1.1418425304517381, -2.2901782210415425, -2.4874484526987333, 1.576435728922144, -0.006368754947922994
-1.7216613945294021, -0.7723314872715052, 1.1401229025544044, -2.2910347287323303, -2.4895248844733624, 1.5813355692223174, -0.008816264871240875
-1.718694182214243, -0.7720561919482813, 1.1385115411358022, -2.2918515142927367, -2.4916178335523265, 1.5862970128032359, -0.01125935763623609
-1.7156333658389462, -0.7718229910545586, 1.1366519888658502, -2.292520213061631, -2.493921614134769, 1.5909953300678792, -0.013520866480495997
-1.7112017277988674, -0.7707683171664383, 1.133640564726461, -2.293920666658658, -2.498908609328894, 1.5939531132929643, -0.014181176612240165
-1.7066180295742823, -0.7693532939972787, 1.1301246244947176, -2.29517819220458, -2.5037775060521996, 1.5967604926297678, -0.014815450654376505
-1.7022797618558103, -0.7678841931054032, 1.1264345073879092, -2.2964037404190636, -2.5086024214158877, 1.5995060609615672, -0.015456834402280961
-1.6981104463626808, -0.766379042447352, 1.1226664231529853, -2.297699249165583, -2.513393996499235, 1.6022520832763067, -0.016108701524592206
-1.6929156314645404, -0.7650834471500447, 1.1179417107969662, -2.299709210325383, -2.5182580122601808, 1.6061749373951155, -0.017435569885247304
-1.6771930810325397, -0.7652222563175641, 1.107659066587468, -2.312934513391304, -2.5212933620062428, 1.617971553701138, -0.021721471109959367
-1.660174866896952, -0.7659178567085903, 1.099300461273467, -2.329853252512973, -2.5236919279053476, 1.6313630012451226, -0.026078729967354164
-1.643303605565329, -0.7663323509778106, 1.09268889341155, -2.347213020290174, -2.5264847758975266, 1.645640726500445, -0.03043999684404497
-1.626397173920564, -0.7666711869595719, 1.0863787199002761, -2.3641202370499217, -2.5294564145634757, 1.6599995435307964, -0.03478271819925105
-1.6100677877739251, -0.7713801382076824, 1.0793848338874827, -2.381165133386422, -2.525067903726349, 1.6813009703952, -0.03153686100265407
-1.596511161862618, -0.8068116854693201, 1.0736138085134428, -2.4118914155914686, -2.49726444073245, 1.7213993168575819, -0.013457389634519146
-1.5794648335945487, -0.8523700126701499, 1.0730052264651997, -2.4463132635337415, -2.4698525057412013, 1.7622447781812216, 0.004063678747084687
-1.5582634504678285, -0.8985750858996973, 1.0762634422179618, -2.4780739399241734, -2.4438111634007473, 1.8031758681997871, 0.021767812674216458
-1.5348518556239537, -0.9442257784547223, 1.0806478793532, -2.5072325972782155, -2.4184081258316468, 1.8436834266538256, 0.03969727439658666
-1.5077124056796674, -0.9881653312470018, 1.0815502024705994, -2.5360132949157643, -2.3962656090103875, 1.8823124006786838, 0.04986034845434517
-1.465595487793541, -1.0273998522950176, 1.0691417773713718, -2.5642396045412577, -2.3789874098748136, 1.916672882227811, 0.04875915220164728
-1.4209206732844963, -1.0672826009066263, 1.0530985155753685, -2.587963770932599, -2.3617286988093174, 1.9480553751198322, 0.04802353686262606
-1.3763543941744123, -1.1083347445587233, 1.037158396428473, -2.609903567320722, -2.344634511939308, 1.9782339716544364, 0.047403824927007676
-1.3320850206859394, -1.1497369455829531, 1.0220772438241825, -2.6320886590381827, -2.3275523847485404, 2.0085073542909697, 0.0468156331284213
-1.2862332659073203, -1.1843668925306527, 1.007972870817862, -2.6541967074772925, -2.3184260704261117, 2.0209951919455733, 0.03199219424112165
-1.2352139549427434, -1.197651334627274, 0.9879721711997975, -2.6653148349406353, -2.3198009297064033, 2.009585774475271, 0.003211865921617374
-1.1840124095001743, -1.2072830800093275, 0.9641914678146497, -2.6721164789919998, -2.3209885671453314, 1.996289548503178, -0.025083501773378813
-1.1333608000217108, -1.2186878055484591, 0.9403309010790339, -2.6793503161375734, -2.3219212175449506, 1.9826668981013462, -0.05333750815707461
-1.0829046558736684, -1.2316754503005853, 0.9175396892280352, -2.687831068308129, -2.322744901837135, 1.9695653762923246, -0.08164368482913531
-1.0388151640731733, -1.2445703660812395, 0.8983443507651367, -2.693229920372395, -2.3267854160342125, 1.9567768455579397, -0.09325682803581437
-1.0102129382344511, -1.254645697372517, 0.8846024398337233, -2.6901558370547507, -2.334431413052638, 1.9425806925764952, -0.09451643898418638
-0.9844954980135867, -1.26312592526914, 0.8703865627820404, -2.6874627106527083, -2.3419343613409094, 1.9284236394388294, -0.09594930744624897
-0.9583423075431625, -1.2711544550076717, 0.8552840535759403, -2.6863387849286653, -2.349031842402285, 1.9146216531068951, -0.09744646337204088
-0.931382152176246, -1.2793199469861047, 0.8399599972675444, -2.685878075754272, -2.3560090714129167, 1.9010921242572536, -0.09896166968456832
-0.9066187353576467, -1.286330843906942, 0.8250771957388325, -2.683602134216704, -2.3692932395853035, 1.8944389353534437, -0.09947504561624143
-0.8872231346064634, -1.2889079985573204, 0.8121968340282875, -2.679990458769911, -2.386391308053888, 1.8919995831013594, -0.09982640004591126
-0.8695422655306562, -1.2893653109972352, 0.799361290289176, -2.678142458913247, -2.4031188508373393, 1.8904511993904265, -0.10027804533633677
-0.8523142512838833, -1.2891777800269075, 0.7860490048730631, -2.67761770489954, -2.4195284327199627, 1.8893725352388522, -0.10080209750617719
-0.8349860105945597, -1.2890710152422695, 0.7724764407741889, -2.677407861900398, -2.435843355176324, 1.888389397386046, -0.10135717038390091
-0.826278038063764, -1.2913042490891797, 0.7627081574333259, -2.67232564671494, -2.4400481485204484, 1.8998481527817148, -0.10258979705958282
-0.8294350835668336, -1.2950534694980078, 0.7590874742253826, -2.6645520963370464, -2.441293153240693, 1.9151519607924783, -0.10440110624811894
-0.8336686377954106, -1.2978748945912333, 0.7560634391120784, -2.6580047072029327, -2.442654840705332, 1.931070305689932, -0.10635975455359414
-0.8370569328373989, -1.2999444284513668, 0.7523263080858866, -2.6523281083873584, -2.443878234384366, 1.9473062632649913, -0.10832433130163643
-0.8397144115332402, -1.3018521577607682, 0.7480185872031049, -2.6467782892663845, -2.4450532248104526, 1.9635216545470815, -0.11026580013565379
