Qx, Qy, Qz, Qw, x, y, z, q7
-0.756002,-0.647994,-0.0924346,0.00458847,0.451013,-0.115161,0.301241,-0.671972
-0.755997,-0.648004,-0.0924034,0.00461361,0.450999,-0.115111,0.301248,-0.671832
-0.755966,-0.648042,-0.0923919,0.00459672,0.450985,-0.11506,0.301245,-0.671811
-0.755942,-0.648071,-0.0923805,0.00458657,0.450973,-0.115018,0.301238,-0.671774
-0.755938,-0.648072,-0.0924103,0.00455588,0.450976,-0.114977,0.301233,-0.671702
-0.755954,-0.648051,-0.0924261,0.00459001,0.450972,-0.114942,0.301221,-0.671598
-0.755919,-0.648089,-0.0924488,0.00458505,0.450977,-0.114911,0.301222,-0.671718
-0.755946,-0.648055,-0.0924604,0.00459956,0.450979,-0.114874,0.301216,-0.671528
-0.755936,-0.64806,-0.0925077,0.00461354,0.450988,-0.114848,0.301225,-0.671614
-0.75596,-0.648028,-0.0925303,0.00461899,0.45099,-0.114822,0.301243,-0.67149
-0.755988,-0.647987,-0.0925959,0.00461161,0.451002,-0.114792,0.301258,-0.671307
-0.755985,-0.647987,-0.0926146,0.00460129,0.451008,-0.114786,0.301273,-0.671312
-0.755992,-0.647971,-0.0926739,0.00461688,0.451026,-0.114777,0.301284,-0.671262
-0.756018,-0.647935,-0.0927137,0.00466999,0.451017,-0.114756,0.301294,-0.671165
-0.755982,-0.647964,-0.0928009,0.00471825,0.451036,-0.11474,0.3013,-0.671339
-0.756011,-0.647924,-0.0928329,0.00477692,0.451051,-0.114711,0.301303,-0.671169
-0.755969,-0.647969,-0.092864,0.00480416,0.451044,-0.114685,0.30131,-0.671333
-0.755976,-0.647953,-0.0929181,0.00482118,0.451052,-0.114663,0.301309,-0.671281
-0.755969,-0.647966,-0.0928912,0.00477751,0.45105,-0.114643,0.301315,-0.671242
-0.755953,-0.647983,-0.0929052,0.00475346,0.451051,-0.114605,0.301327,-0.671183
-0.755961,-0.647973,-0.0929028,0.00469897,0.451049,-0.114576,0.301331,-0.671027
-0.75595,-0.647984,-0.0929179,0.00463555,0.451055,-0.114547,0.301341,-0.670963
-0.755938,-0.647995,-0.0929495,0.00455619,0.451063,-0.114523,0.301354,-0.670879
-0.75592,-0.648015,-0.0929569,0.00458302,0.451048,-0.114491,0.301353,-0.670905
-0.755931,-0.647996,-0.0930053,0.004541,0.451044,-0.114469,0.301368,-0.670777
-0.755921,-0.648008,-0.0930021,0.00450482,0.451051,-0.11446,0.301376,-0.67077
-0.755916,-0.648007,-0.0930441,0.00454978,0.451051,-0.114435,0.301373,-0.670762
-0.755945,-0.647968,-0.0930788,0.00461423,0.451036,-0.114409,0.301385,-0.670647
-0.755949,-0.647958,-0.0931092,0.00461167,0.451029,-0.114399,0.301385,-0.670609
-0.755931,-0.647968,-0.093188,0.00464827,0.451033,-0.114376,0.301383,-0.670676
-0.755919,-0.647973,-0.0932478,0.0046862,0.451029,-0.114364,0.301389,-0.670714
-0.755918,-0.647969,-0.0932855,0.00469295,0.451038,-0.114361,0.301401,-0.670734
-0.755945,-0.647929,-0.0933416,0.00473049,0.451017,-0.114341,0.30141,-0.670612
-0.755942,-0.647924,-0.0933979,0.00478255,0.45103,-0.11433,0.3014,-0.670673
-0.755968,-0.647885,-0.0934557,0.00479902,0.451044,-0.114321,0.301399,-0.670561
-0.755959,-0.647889,-0.0934978,0.00481854,0.451049,-0.114317,0.301408,-0.67061
-0.755988,-0.647847,-0.0935571,0.00482969,0.451071,-0.114316,0.301399,-0.670536
-0.756001,-0.647825,-0.0936049,0.00486245,0.451081,-0.114325,0.301412,-0.670553
-0.756053,-0.647753,-0.0936762,0.00493955,0.451081,-0.114313,0.30141,-0.670373
-0.756044,-0.64775,-0.0937731,0.00498492,0.451094,-0.114315,0.301422,-0.670484
-0.75605,-0.647738,-0.093798,0.00505494,0.451097,-0.114317,0.301432,-0.670517
-0.756042,-0.647732,-0.093902,0.0051201,0.451113,-0.114314,0.301437,-0.670596
-0.756049,-0.64772,-0.0939296,0.00518673,0.451117,-0.114306,0.301434,-0.670605
-0.756062,-0.647699,-0.0939665,0.00518217,0.451126,-0.114296,0.301427,-0.670529
-0.756061,-0.64769,-0.0940352,0.00526064,0.45114,-0.114285,0.301429,-0.670571
-0.756037,-0.647714,-0.0940616,0.00526317,0.451163,-0.114284,0.301439,-0.670665
-0.756023,-0.64772,-0.094128,0.00526692,0.451178,-0.114272,0.301433,-0.670717
-0.756032,-0.647704,-0.0941658,0.00532519,0.451178,-0.11425,0.301442,-0.670695
-0.756028,-0.647704,-0.0941925,0.00532688,0.451189,-0.114237,0.301452,-0.670725
-0.756091,-0.64763,-0.0941998,0.00534058,0.451183,-0.114229,0.30146,-0.670492
-0.756115,-0.647598,-0.0942247,0.00530781,0.451199,-0.114213,0.301468,-0.670401
-0.756155,-0.647551,-0.0942272,0.00532722,0.451201,-0.114202,0.301471,-0.670263
-0.756178,-0.647521,-0.0942503,0.00532489,0.451204,-0.114195,0.30148,-0.67021
-0.756213,-0.647477,-0.0942641,0.00538112,0.451206,-0.11418,0.301485,-0.670086
-0.756189,-0.64751,-0.0942345,0.00536539,0.451201,-0.114157,0.301494,-0.670154
-0.756205,-0.647484,-0.0942771,0.00539826,0.451206,-0.114129,0.301498,-0.670092
-0.756172,-0.647529,-0.09424,0.00537856,0.4512,-0.114106,0.301508,-0.670206
-0.75618,-0.647521,-0.0942345,0.00540777,0.451218,-0.114076,0.301518,-0.67014
-0.756202,-0.647494,-0.0942343,0.0054073,0.45121,-0.114047,0.301527,-0.670041
-0.756207,-0.647486,-0.0942569,0.00540412,0.451226,-0.11402,0.301534,-0.67004
-0.756267,-0.647415,-0.0942606,0.00541139,0.451234,-0.114006,0.30154,-0.669826
-0.756288,-0.647378,-0.0943441,0.00549831,0.451242,-0.113971,0.301542,-0.669833
-0.756318,-0.647338,-0.0943747,0.00553025,0.451257,-0.113962,0.301555,-0.669783
-0.756376,-0.647263,-0.0944189,0.00553308,0.451267,-0.113951,0.301567,-0.669588
-0.756388,-0.647246,-0.0944384,0.00554611,0.451281,-0.113928,0.301581,-0.669533
-0.756394,-0.647235,-0.0944636,0.0055895,0.451284,-0.113916,0.301593,-0.669525
-0.756382,-0.647249,-0.0944603,0.00560466,0.451295,-0.113891,0.30159,-0.669532
-0.756453,-0.647223,-0.0940984,0.00507373,0.451369,-0.113891,0.301543,-0.668925
-0.756449,-0.647226,-0.0941084,0.00510854,0.451367,-0.113861,0.301547,-0.668868
-0.756422,-0.647256,-0.0941234,0.00507323,0.451387,-0.11384,0.301548,-0.66889
-0.756287,-0.647345,-0.0945619,0.00563414,0.451338,-0.113807,0.301609,-0.669675
-0.756389,-0.647278,-0.0942347,0.00515679,0.451417,-0.113812,0.301558,-0.668997
-0.756297,-0.647316,-0.0946775,0.00572232,0.451365,-0.113783,0.301618,-0.669676
-0.7563,-0.647304,-0.0947387,0.00576836,0.451367,-0.113783,0.301613,-0.669711
-0.756346,-0.647242,-0.0947889,0.00583132,0.451376,-0.113794,0.301616,-0.66959
-0.756367,-0.647202,-0.0948878,0.00588721,0.451384,-0.113801,0.301616,-0.669611
-0.756438,-0.64711,-0.0949539,0.00589189,0.451398,-0.113827,0.301615,-0.669424
-0.756428,-0.647115,-0.094983,0.00600245,0.451394,-0.113839,0.301616,-0.669549
-0.75649,-0.64704,-0.0950053,0.00600197,0.451404,-0.113854,0.301608,-0.669358
-0.756492,-0.647029,-0.0950644,0.00603238,0.45142,-0.113859,0.301607,-0.669381
-0.756459,-0.647069,-0.0950463,0.00610467,0.451428,-0.113851,0.301599,-0.669488
-0.756481,-0.647045,-0.0950345,0.00610669,0.45145,-0.113845,0.301597,-0.669339
-0.756443,-0.647083,-0.0950781,0.00616245,0.451455,-0.113816,0.301583,-0.669448
-0.756384,-0.647156,-0.0950501,0.00613211,0.451471,-0.113813,0.301579,-0.669613
-0.756405,-0.647131,-0.0950528,0.00612006,0.451485,-0.113821,0.301592,-0.66952
-0.756372,-0.64717,-0.0950487,0.00616852,0.451492,-0.113816,0.301573,-0.669637
-0.756389,-0.64715,-0.095058,0.00608554,0.451518,-0.11383,0.301563,-0.669599
-0.756405,-0.647133,-0.0950403,0.00608254,0.451538,-0.113847,0.301552,-0.66959
-0.75647,-0.647053,-0.0950626,0.00611151,0.451569,-0.113864,0.301559,-0.66939
-0.756482,-0.647039,-0.0950688,0.0060888,0.451605,-0.113893,0.301558,-0.669404
-0.756493,-0.647033,-0.095025,0.00607699,0.451623,-0.113921,0.301562,-0.66938
-0.756496,-0.647031,-0.095011,0.00606853,0.451647,-0.113929,0.301567,-0.669341
-0.756507,-0.647019,-0.0950069,0.00608893,0.451671,-0.113934,0.301566,-0.66933
-0.756471,-0.647064,-0.0949896,0.00605525,0.451696,-0.113946,0.301565,-0.669466
-0.756442,-0.6471,-0.0949746,0.0060496,0.451705,-0.113968,0.301555,-0.669658
-0.756484,-0.64705,-0.0949832,0.00603157,0.451723,-0.113987,0.301552,-0.669559
-0.756472,-0.647068,-0.0949596,0.00597022,0.451757,-0.114022,0.301545,-0.669668
-0.756475,-0.647071,-0.0949091,0.00598352,0.451784,-0.11404,0.301536,-0.669735
-0.756507,-0.647047,-0.0948309,0.00589882,0.451842,-0.114067,0.301525,-0.669658
-0.756483,-0.647079,-0.0947982,0.00586761,0.451901,-0.114081,0.301504,-0.669787
-0.756512,-0.647057,-0.0947283,0.00576027,0.451969,-0.114099,0.301488,-0.669677
-0.75651,-0.647069,-0.0946706,0.00572808,0.452023,-0.114119,0.301488,-0.669718
-0.75655,-0.647034,-0.0945911,0.00562731,0.452104,-0.114137,0.301476,-0.66952
-0.756547,-0.647061,-0.0944307,0.00557274,0.452159,-0.114157,0.301468,-0.669478
-0.756521,-0.647111,-0.0943064,0.00543525,0.452235,-0.114169,0.301448,-0.669458
-0.756517,-0.647144,-0.0941203,0.00532653,0.452299,-0.114178,0.301436,-0.669334
-0.756513,-0.647176,-0.0939323,0.00524432,0.452377,-0.114189,0.301422,-0.66928
-0.756527,-0.647187,-0.0937478,0.00514985,0.452459,-0.114175,0.301401,-0.669114
-0.75652,-0.647233,-0.0934984,0.00506776,0.452554,-0.114149,0.301364,-0.669039
-0.756551,-0.647233,-0.0932479,0.0049836,0.452677,-0.114112,0.301309,-0.668847
-0.756578,-0.647246,-0.0929417,0.00484018,0.452805,-0.114068,0.30127,-0.668689
-0.756582,-0.6473,-0.0925437,0.00465129,0.452925,-0.114016,0.301231,-0.668553
-0.756612,-0.64733,-0.0921053,0.00433671,0.45307,-0.113959,0.301217,-0.66821
-0.756636,-0.647373,-0.0916164,0.00406522,0.453228,-0.113887,0.301228,-0.667867
-0.756715,-0.647375,-0.0909603,0.00361735,0.453369,-0.113794,0.301284,-0.66706
-0.756912,-0.647239,-0.0903163,0.00301981,0.453525,-0.11369,0.301373,-0.665523
-0.757304,-0.646842,-0.0898864,0.00262699,0.453676,-0.113541,0.301507,-0.663259
-0.757836,-0.646263,-0.0895707,0.00236261,0.453804,-0.113309,0.301748,-0.660342
-0.758498,-0.64554,-0.0891892,0.0020887,0.453939,-0.113022,0.30202,-0.656775
-0.758671,-0.6453,-0.0894456,0.00218793,0.454207,-0.112584,0.302383,-0.655111
-0.758634,-0.645228,-0.0902746,0.0025123,0.454494,-0.112018,0.302943,-0.654147
-0.758669,-0.645075,-0.0910778,0.00207319,0.454891,-0.111411,0.303557,-0.652474
-0.758647,-0.644965,-0.0920491,0.00149075,0.455381,-0.110758,0.304269,-0.650792
-0.758547,-0.644936,-0.0930792,0.000899368,0.455913,-0.109982,0.305013,-0.649095
-0.758242,-0.645067,-0.0946436,0.000782477,0.456438,-0.109115,0.305896,-0.648295
-0.758208,-0.644936,-0.0958063,3.11702e-05,0.457078,-0.108199,0.30681,-0.645944
0.758203,0.644725,0.0972521,0.000236466,0.457786,-0.107232,0.307813,-0.643592
0.758436,0.644408,0.0975345,0.000232193,0.458311,-0.106121,0.309025,-0.639465
0.758833,0.643657,0.09939,0.00107793,0.459253,-0.105015,0.309966,-0.635217
0.759687,0.642639,0.099445,0.00071085,0.459757,-0.103734,0.311365,-0.62834
0.760678,0.641394,0.099902,0.0015898,0.460493,-0.102399,0.312563,-0.620363
0.761609,0.640016,0.101599,0.003087,0.461717,-0.101078,0.313446,-0.613422
0.762243,0.639081,0.102724,0.00301433,0.462534,-0.0995745,0.314813,-0.607057
0.762556,0.638511,0.103925,0.00331179,0.463398,-0.097984,0.316213,-0.60163
0.762742,0.638077,0.105213,0.00356316,0.464233,-0.0962237,0.317719,-0.596436
0.762846,0.637667,0.106914,0.00400632,0.465223,-0.0943303,0.319285,-0.591041
0.762747,0.637483,0.108683,0.00456982,0.46627,-0.0923353,0.320888,-0.586022
0.762668,0.637252,0.110546,0.00512762,0.467389,-0.0901955,0.322635,-0.580364
0.76222,0.637441,0.112487,0.00591577,0.468545,-0.0880041,0.324393,-0.576257
0.761852,0.637554,0.114287,0.00669245,0.469732,-0.0856415,0.326161,-0.571207
0.761611,0.637495,0.116174,0.00720183,0.470969,-0.0831638,0.327974,-0.5653
0.761648,0.637079,0.118159,0.00783135,0.472084,-0.0805342,0.329863,-0.557919
0.761438,0.637007,0.119874,0.00801675,0.473148,-0.0778372,0.331734,-0.551649
0.761642,0.636431,0.121632,0.00795834,0.474191,-0.0749941,0.333703,-0.543328
0.762195,0.635346,0.123838,0.0075785,0.475347,-0.0720147,0.33576,-0.533399
0.762818,0.63418,0.126009,0.00677002,0.47634,-0.0688845,0.33781,-0.523197
0.763402,0.633147,0.127694,0.00604544,0.477301,-0.0657953,0.339994,-0.51301
0.763941,0.632071,0.129809,0.00550414,0.478311,-0.0625681,0.342149,-0.5026
0.764287,0.631327,0.131387,0.00534925,0.479325,-0.0593784,0.344384,-0.49273
0.764087,0.631217,0.133064,0.00544831,0.480351,-0.0560638,0.346588,-0.484759
0.763815,0.631218,0.134608,0.00559948,0.481332,-0.0526633,0.348859,-0.476376
0.76322,0.631658,0.135881,0.00627777,0.482157,-0.0491827,0.351093,-0.4692
0.76291,0.631686,0.137451,0.0069897,0.483063,-0.0456285,0.353403,-0.460183
0.762541,0.631714,0.13933,0.00746917,0.483956,-0.041954,0.355842,-0.451149
0.762677,0.631153,0.141112,0.00757145,0.484764,-0.0381441,0.358211,-0.439922
0.763229,0.629965,0.143451,0.0069209,0.485486,-0.0340844,0.360617,-0.426526
0.76393,0.628531,0.146032,0.00591356,0.486195,-0.0298712,0.363106,-0.412416
0.764591,0.627136,0.148599,0.00449459,0.486838,-0.0255937,0.365606,-0.398427
0.765192,0.625845,0.150971,0.00282158,0.487484,-0.0212179,0.368028,-0.384476
0.765565,0.624852,0.153195,0.00125015,0.487886,-0.0168793,0.370497,-0.371574
0.765603,0.624293,0.155274,0.00019607,0.488294,-0.0124777,0.372877,-0.359715
-0.765279,-0.624181,-0.15731,0.000391759,0.488765,-0.00811068,0.375276,-0.348926
-0.764352,-0.624804,-0.15933,0.000578433,0.48908,-0.00366118,0.377574,-0.340243
-0.763148,-0.625737,-0.161424,0.000700534,0.489409,0.000917273,0.379862,-0.332175
-0.76184,-0.626751,-0.163655,0.000506493,0.489724,0.00557189,0.382104,-0.324311
-0.760829,-0.62739,-0.165894,0.00034573,0.489931,0.0102787,0.384265,-0.314892
-0.760479,-0.627214,-0.168149,0.000448522,0.490098,0.0150484,0.386434,-0.302568
-0.759194,-0.628021,-0.170913,0.00159782,0.490114,0.0202124,0.388564,-0.293532
-0.758715,-0.627858,-0.173594,0.00317049,0.489968,0.0254096,0.390582,-0.281228
-0.758424,-0.62746,-0.176235,0.00530855,0.489764,0.0306743,0.392621,-0.268041
-0.758086,-0.627159,-0.178655,0.00773091,0.489386,0.0358737,0.394536,-0.255373
-0.757392,-0.62731,-0.18095,0.00979924,0.488975,0.0411012,0.396359,-0.244097
-0.756382,-0.627805,-0.18334,0.0116048,0.488567,0.0462886,0.39804,-0.23407
-0.754779,-0.629206,-0.184849,0.0155011,0.487861,0.051389,0.399892,-0.22731
-0.753552,-0.62984,-0.187702,0.0151199,0.487455,0.0565471,0.401391,-0.217381
-0.752076,-0.63089,-0.190085,0.01508,0.486978,0.0617517,0.402803,-0.20837
-0.750789,-0.631718,-0.192393,0.0152417,0.486394,0.0669657,0.4041,-0.198586
-0.749398,-0.632623,-0.194794,0.0156876,0.485672,0.0723264,0.405265,-0.189002
-0.748255,-0.633276,-0.196982,0.0165695,0.484918,0.0777568,0.406317,-0.178254
-0.747079,-0.634041,-0.198876,0.0176741,0.483903,0.083241,0.407124,-0.167955
-0.746223,-0.634582,-0.200268,0.0186859,0.482862,0.0887095,0.407745,-0.156224
-0.744977,-0.63579,-0.200935,0.0201191,0.48146,0.094164,0.40815,-0.146405
-0.740419,-0.641971,-0.198326,0.0179026,0.479887,0.0986739,0.407997,-0.152734
-0.742891,-0.63826,-0.200452,0.0235823,0.478154,0.104858,0.408351,-0.126419
-0.741973,-0.639476,-0.199677,0.0259813,0.476258,0.11014,0.408197,-0.116196
-0.735964,-0.648171,-0.194279,0.0220697,0.474151,0.113953,0.407274,-0.130168
-0.73461,-0.650117,-0.192608,0.0244566,0.471983,0.118956,0.40672,-0.122571
-0.7333,-0.651971,-0.190984,0.0270252,0.46977,0.123982,0.405967,-0.11473
-0.731829,-0.653946,-0.189429,0.0299625,0.4675,0.129001,0.405086,-0.107524
-0.730614,-0.655507,-0.188156,0.0333557,0.465207,0.134004,0.404124,-0.0992649
-0.728985,-0.657547,-0.186673,0.0369669,0.462783,0.138979,0.403018,-0.0927904
-0.727277,-0.659683,-0.185088,0.0403698,0.460253,0.143861,0.401729,-0.0869171
-0.72528,-0.662126,-0.183376,0.0439384,0.457787,0.148661,0.400351,-0.0823233
-0.723188,-0.664792,-0.18114,0.0473268,0.455234,0.153233,0.398834,-0.0787276
-0.72153,-0.666933,-0.178847,0.051074,0.452612,0.157742,0.397193,-0.0737407
-0.720001,-0.669088,-0.176051,0.054093,0.449987,0.161987,0.395327,-0.0686522
-0.718822,-0.670967,-0.172825,0.0568281,0.447419,0.165918,0.393431,-0.0629754
-0.718074,-0.672407,-0.169493,0.0592456,0.444871,0.169741,0.391341,-0.0560233
-0.717481,-0.673653,-0.166173,0.0616315,0.442396,0.173394,0.389201,-0.0488888
-0.71728,-0.674436,-0.163056,0.0636951,0.440038,0.1768,0.387063,-0.0405939
-0.717326,-0.674856,-0.160304,0.0656878,0.437827,0.18014,0.384892,-0.0317245
-0.717413,-0.675115,-0.157993,0.0676516,0.435664,0.183328,0.382699,-0.0233149
-0.717378,-0.675499,-0.15588,0.0690751,0.433712,0.186203,0.38065,-0.0158974
-0.717111,-0.676042,-0.154175,0.0703455,0.431774,0.188997,0.378552,-0.00984634
-0.716555,-0.676865,-0.152616,0.0714897,0.429948,0.191667,0.376501,-0.00523807
-0.715938,-0.67767,-0.151474,0.0724737,0.428285,0.194186,0.374439,-0.00130952
-0.715785,-0.67809,-0.15001,0.0730882,0.426677,0.196439,0.372356,0.00363902
-0.715102,-0.679182,-0.148487,0.0727473,0.42519,0.198476,0.370243,0.00629842
-0.71476,-0.679945,-0.14681,0.0723874,0.423665,0.200394,0.368036,0.00964221
-0.714851,-0.680483,-0.143934,0.072206,0.422012,0.201991,0.365831,0.0140745
-0.714077,-0.681682,-0.14282,0.0707541,0.420888,0.203539,0.36368,0.0152015
-0.714634,-0.681837,-0.13945,0.0703556,0.419202,0.204824,0.361373,0.0207155
-0.714554,-0.682473,-0.137185,0.069455,0.4179,0.206014,0.359181,0.0235312
-0.715062,-0.682476,-0.134828,0.068812,0.416661,0.207075,0.357065,0.0281833
-0.715524,-0.682442,-0.132784,0.0683188,0.415489,0.208053,0.354952,0.0322688
-0.715959,-0.68245,-0.130742,0.06761,0.414395,0.208969,0.352915,0.0360906
-0.716381,-0.68233,-0.129283,0.067159,0.413382,0.209896,0.350935,0.0398501
-0.717045,-0.681842,-0.128197,0.0671106,0.412477,0.210748,0.349111,0.0440255
-0.717325,-0.681686,-0.127383,0.0672557,0.411567,0.211611,0.347339,0.046826
-0.71763,-0.681375,-0.127201,0.0674839,0.411328,0.212806,0.345136,0.0539024
-0.717576,-0.681413,-0.127166,0.0677429,0.410548,0.213532,0.343562,0.0548924
-0.717488,-0.681464,-0.127343,0.0678349,0.409834,0.214169,0.34204,0.0557157
-0.717382,-0.681584,-0.12741,0.0676263,0.409194,0.214758,0.340513,0.0563237
-0.717719,-0.681255,-0.127492,0.0672136,0.408547,0.215295,0.339078,0.0587214
-0.718051,-0.680949,-0.127557,0.0666454,0.407949,0.215702,0.337672,0.0606192
-0.718619,-0.680383,-0.12779,0.0658365,0.407503,0.216047,0.336423,0.0636141
-0.718503,-0.680568,-0.128163,0.0644607,0.407124,0.216191,0.335231,0.0637403
-0.7185,-0.680643,-0.128693,0.0626161,0.406839,0.216338,0.334082,0.0643041
-0.718206,-0.681,-0.129438,0.0605415,0.406644,0.216412,0.333052,0.063836
-0.717447,-0.681842,-0.130414,0.0579063,0.406649,0.216407,0.332136,0.0616524
-0.716166,-0.683106,-0.132249,0.0546027,0.406854,0.216446,0.331277,0.0578043
-0.715346,-0.683966,-0.133267,0.0520693,0.406809,0.216466,0.330439,0.0554905
-0.714737,-0.684565,-0.134345,0.0497338,0.406842,0.216459,0.329696,0.0538824
-0.714074,-0.685197,-0.135376,0.0477077,0.406897,0.216462,0.328961,0.0520392
-0.712819,-0.686507,-0.135981,0.0458914,0.406824,0.216396,0.328257,0.0478335
-0.711426,-0.688011,-0.136208,0.0442875,0.406663,0.216283,0.327538,0.0430519
-0.709813,-0.689738,-0.136312,0.0429746,0.406461,0.216166,0.326858,0.0372033
-0.708619,-0.690989,-0.13638,0.0423593,0.406234,0.216145,0.326182,0.0329023
-0.707599,-0.692105,-0.136143,0.0419483,0.405971,0.216058,0.325499,0.029088
-0.706859,-0.692963,-0.135613,0.0419695,0.405636,0.215913,0.324798,0.026113
-0.706237,-0.693686,-0.135069,0.0422423,0.405258,0.215809,0.32411,0.0237106
-0.705759,-0.694246,-0.134566,0.0426497,0.404912,0.215733,0.323418,0.0217019
-0.705222,-0.694923,-0.133832,0.0428142,0.404554,0.215585,0.32269,0.0193344
-0.704991,-0.695322,-0.133066,0.0425254,0.404276,0.21542,0.321926,0.0182955
-0.704521,-0.696001,-0.132301,0.0415987,0.404101,0.21518,0.321151,0.0165614
-0.703633,-0.697127,-0.13161,0.0399141,0.404003,0.214815,0.320362,0.0134187
-0.702476,-0.698738,-0.129902,0.0376453,0.403796,0.214218,0.319533,0.00898156
-0.701191,-0.700257,-0.129435,0.0349062,0.403884,0.213778,0.318799,0.00478713
-0.699424,-0.702246,-0.129013,0.0318097,0.403972,0.21333,0.318074,-0.000997024
-0.697515,-0.704249,-0.12911,0.028926,0.404095,0.212997,0.317421,-0.00713529
-0.694882,-0.706935,-0.129323,0.0256446,0.404294,0.212588,0.316809,-0.0158043
-0.692601,-0.709072,-0.130423,0.0225886,0.404671,0.212266,0.316356,-0.0231813
-0.690805,-0.710676,-0.131694,0.0196353,0.405067,0.212029,0.315973,-0.0284907
-0.689247,-0.712075,-0.132714,0.0165926,0.405422,0.211763,0.31558,-0.0328381
-0.688895,-0.712274,-0.133724,0.01442,0.405673,0.211592,0.315235,-0.0329843
-0.688399,-0.712693,-0.134251,0.0123307,0.405823,0.211346,0.314861,-0.0338938
-0.689176,-0.711898,-0.134543,0.0116287,0.405764,0.211252,0.314528,-0.0305062
-0.690396,-0.710667,-0.134774,0.0119443,0.405615,0.211201,0.314249,-0.0262127
-0.691202,-0.709787,-0.135291,0.0117536,0.405634,0.211096,0.314077,-0.023228
-0.691167,-0.709719,-0.135791,0.0121692,0.405604,0.211031,0.314006,-0.0236168
-0.690799,-0.709916,-0.136539,0.0131455,0.405526,0.211042,0.314032,-0.0253854
-0.690503,-0.710009,-0.137457,0.0141153,0.405471,0.211119,0.314145,-0.0267927
-0.690128,-0.710182,-0.138354,0.014926,0.405425,0.211183,0.314295,-0.0283948
-0.68987,-0.710213,-0.139428,0.0153641,0.405465,0.211246,0.314467,-0.0293528
-0.689717,-0.71012,-0.140635,0.015573,0.405577,0.211333,0.314619,-0.029736
-0.689036,-0.710531,-0.141928,0.0152007,0.405762,0.211381,0.314764,-0.0317287
-0.687863,-0.711462,-0.143045,0.0143123,0.405974,0.211371,0.314878,-0.0353815
-0.686779,-0.712296,-0.144201,0.0132459,0.406233,0.211342,0.314998,-0.0384914
-0.686018,-0.712906,-0.144883,0.0124275,0.406426,0.211284,0.315096,-0.0405761
-0.685375,-0.713512,-0.144983,0.0118966,0.406488,0.2112,0.315161,-0.0424839
-0.685216,-0.713732,-0.144654,0.0118374,0.406418,0.211102,0.315175,-0.0427428
-0.685282,-0.713771,-0.144121,0.0121682,0.406202,0.211062,0.315262,-0.0423431
-0.685615,-0.713536,-0.143629,0.0129748,0.405949,0.211106,0.315445,-0.041077
-0.68665,-0.712522,-0.143587,0.014386,0.405733,0.211268,0.315777,-0.0372894
-0.687307,-0.711841,-0.143659,0.0159059,0.405531,0.211441,0.316312,-0.0348369
-0.688264,-0.710733,-0.144377,0.0175088,0.405441,0.21167,0.31703,-0.0309862
-0.688895,-0.709932,-0.145139,0.0188401,0.40541,0.211909,0.317905,-0.0281304
-0.689338,-0.70921,-0.146378,0.0202099,0.405375,0.212235,0.318955,-0.025902
-0.689128,-0.709088,-0.147805,0.0212195,0.405375,0.212592,0.320147,-0.0256192
-0.688962,-0.708968,-0.149036,0.0220182,0.405438,0.212892,0.321492,-0.0251084
-0.688578,-0.708974,-0.150677,0.0226542,0.405616,0.213253,0.323068,-0.0248348
-0.687615,-0.709654,-0.151843,0.0228055,0.40577,0.213446,0.324748,-0.0268466
-0.687505,-0.709441,-0.153276,0.0231566,0.406036,0.213715,0.326602,-0.0254789
-0.686756,-0.709951,-0.154279,0.0231047,0.40646,0.213848,0.328609,-0.0264167
-0.685707,-0.710951,-0.154371,0.0228902,0.406805,0.213787,0.3306,-0.0287912
-0.686805,-0.709679,-0.155244,0.0235449,0.407256,0.213986,0.332916,-0.0233688
-0.686482,-0.709909,-0.155584,0.0238011,0.407822,0.214081,0.335193,-0.0228987
-0.686435,-0.709849,-0.156018,0.0240713,0.408474,0.214056,0.337743,-0.0215398
-0.686132,-0.709957,-0.156892,0.0238418,0.409349,0.214012,0.34042,-0.0212852
-0.685599,-0.710191,-0.158165,0.0237809,0.410415,0.213961,0.343362,-0.0213232
-0.684954,-0.71044,-0.159868,0.0235595,0.411664,0.21397,0.346494,-0.0217914
-0.684701,-0.710183,-0.162087,0.0234965,0.413085,0.214,0.349741,-0.020936
-0.683977,-0.710296,-0.164722,0.0228533,0.414785,0.214026,0.353186,-0.0213837
-0.683968,-0.709673,-0.167471,0.0224736,0.41658,0.213926,0.356834,-0.0193468
-0.684159,-0.70882,-0.170356,0.0218835,0.418544,0.213881,0.360651,-0.0164289
-0.683346,-0.709018,-0.172972,0.0202974,0.420682,0.213578,0.36453,-0.0176817
-0.682492,-0.709257,-0.175584,0.018135,0.422962,0.213186,0.368503,-0.0190029
-0.682034,-0.709154,-0.177981,0.0159126,0.425444,0.212642,0.372543,-0.0192337
-0.682256,-0.708352,-0.180458,0.0140717,0.427952,0.212096,0.376738,-0.0171222
-0.692493,-0.696428,-0.187312,0.0188516,0.430748,0.212996,0.38148,0.0238783
-0.692944,-0.695515,-0.189181,0.0172539,0.433486,0.212234,0.385745,0.0262492
-0.693276,-0.694756,-0.190891,0.0156338,0.436202,0.211428,0.390019,0.0279354
-0.693863,-0.693744,-0.192548,0.014099,0.439079,0.210668,0.394347,0.0305637
-0.69429,-0.692838,-0.194359,0.0127037,0.442104,0.209814,0.398756,0.0321618
-0.699945,-0.685122,-0.201237,0.0137378,0.446079,0.209935,0.404007,0.0557471
-0.700026,-0.68437,-0.203587,0.0123923,0.44935,0.209133,0.408571,0.0560499
-0.700022,-0.683621,-0.206183,0.010931,0.452716,0.208273,0.413168,0.0563414
-0.70064,-0.68219,-0.208889,0.00925467,0.456215,0.207387,0.417797,0.0587719
-0.700714,-0.681322,-0.211533,0.00739606,0.459723,0.206486,0.422484,0.0593777
-0.701556,-0.679627,-0.21425,0.00486878,0.463407,0.205488,0.427205,0.0625967
0.686608,0.696821,0.207264,0.00715419,0.466044,0.202137,0.430593,0.00144319
0.6873,0.695414,0.209554,0.0102379,0.469731,0.201029,0.435349,0.00354135
0.688085,0.693839,0.21199,0.0136696,0.472348,0.199507,0.440796,-0.00263791
0.688622,0.692542,0.214228,0.0170642,0.475949,0.198343,0.445597,-0.00151447
0.688508,0.691809,0.216681,0.0201676,0.479473,0.197246,0.450437,-0.00272899
0.698631,0.679343,0.223941,0.016069,0.483108,0.19774,0.455792,0.0380515
0.698734,0.678227,0.226774,0.0187543,0.486715,0.196797,0.460634,0.0378198
0.698913,0.677011,0.229621,0.0212376,0.490328,0.195967,0.465464,0.0380538
0.704352,0.668537,0.237692,0.0211999,0.494922,0.196044,0.471016,0.0614608
0.704155,0.667605,0.240672,0.0233915,0.498672,0.195336,0.475649,0.0602636
0.688468,0.685661,0.233618,0.0361156,0.501753,0.192274,0.478971,-0.00673459
0.68794,0.685155,0.236271,0.0384352,0.505713,0.191537,0.483353,-0.0101059
0.688204,0.683885,0.238798,0.0406334,0.50976,0.190787,0.487561,-0.0109119
0.688402,0.682881,0.240675,0.0430409,0.513783,0.189936,0.49159,-0.0125671
0.688942,0.681636,0.242097,0.0460492,0.517843,0.189011,0.495461,-0.0132586
0.68999,0.680112,0.242784,0.0491646,0.521765,0.18802,0.499128,-0.01254
0.690554,0.679093,0.243326,0.0525386,0.525694,0.18703,0.502627,-0.0138316
0.691022,0.678292,0.243452,0.0560261,0.529589,0.186089,0.505936,-0.0156125
0.691885,0.677025,0.243962,0.058435,0.533506,0.185356,0.509088,-0.0158049
0.692519,0.67615,0.243968,0.0609772,0.537402,0.184556,0.512045,-0.0173563
0.69299,0.675396,0.24421,0.0629795,0.541317,0.18387,0.5148,-0.0195376
0.694638,0.673455,0.244712,0.0636587,0.545246,0.183283,0.517412,-0.0176884
0.696421,0.67134,0.245414,0.0638177,0.549191,0.18281,0.519797,-0.0152347
0.698108,0.66928,0.246313,0.0635563,0.553215,0.182392,0.522077,-0.0132958
0.699538,0.66752,0.24706,0.0634505,0.55718,0.182001,0.524145,-0.0123515
0.699946,0.666563,0.248441,0.0636094,0.561204,0.181795,0.526169,-0.0144538
0.699948,0.666348,0.248812,0.0643909,0.565123,0.181345,0.527934,-0.0190175
0.698934,0.667148,0.248933,0.0666035,0.569172,0.180776,0.529514,-0.027528
0.698823,0.667154,0.248761,0.0683384,0.572983,0.180263,0.530809,-0.0326788
0.699391,0.666508,0.248467,0.0698788,0.576797,0.179726,0.53191,-0.0356136
0.70021,0.665734,0.247689,0.0717969,0.580528,0.179153,0.532767,-0.0379014
0.701852,0.664142,0.246908,0.0731777,0.584187,0.178548,0.533444,-0.0372978
0.702771,0.663242,0.246097,0.0752254,0.587771,0.177981,0.534007,-0.0388875
0.703398,0.662716,0.245139,0.0771098,0.591156,0.177443,0.534459,-0.0416145
0.703631,0.662554,0.244565,0.0781926,0.594497,0.176979,0.534852,-0.0457885
0.704768,0.661355,0.244287,0.0789613,0.59763,0.176772,0.535103,-0.045648
0.706116,0.660057,0.243978,0.0787416,0.600606,0.176616,0.53524,-0.0451617
0.707237,0.659046,0.243582,0.078375,0.603461,0.176579,0.535256,-0.0454093
0.70901,0.657388,0.243337,0.0770269,0.606172,0.176642,0.535141,-0.0432852
0.710405,0.656315,0.242489,0.0759932,0.608732,0.176614,0.534861,-0.0429813
0.710986,0.656226,0.241247,0.0752757,0.611125,0.176543,0.534466,-0.045819
0.711443,0.656297,0.239721,0.0752082,0.613494,0.176362,0.533983,-0.049204
0.712075,0.656225,0.23805,0.0751657,0.615737,0.17615,0.53337,-0.0519195
0.712808,0.65607,0.23614,0.075601,0.617903,0.17584,0.532723,-0.0541075
0.713571,0.655828,0.234222,0.0764561,0.619971,0.175498,0.532028,-0.0559422
0.71454,0.655197,0.232764,0.0772664,0.621993,0.175248,0.53129,-0.0565148
0.715297,0.654793,0.23114,0.0785552,0.623879,0.175005,0.530545,-0.0573654
0.715485,0.654957,0.229507,0.0802391,0.625702,0.174774,0.529797,-0.0600598
0.715671,0.654999,0.228411,0.0813631,0.627409,0.174673,0.529042,-0.0622035
0.715359,0.655551,0.227278,0.0828195,0.628976,0.174574,0.528312,-0.0656818
0.715243,0.655824,0.226315,0.084283,0.630524,0.174549,0.527549,-0.0682272
0.715278,0.655947,0.225478,0.085269,0.631926,0.17451,0.526746,-0.0701567
0.715452,0.655978,0.224628,0.0858126,0.633196,0.174522,0.525939,-0.071577
0.715769,0.655932,0.223449,0.0865917,0.634284,0.174456,0.525094,-0.0724267
0.716305,0.655661,0.222391,0.0869407,0.635282,0.174457,0.524167,-0.0724333
0.716589,0.655774,0.220943,0.0874337,0.636101,0.174366,0.523262,-0.0735315
0.717287,0.655443,0.219589,0.0876058,0.636823,0.174346,0.522387,-0.072992
0.717634,0.655418,0.218459,0.0877731,0.637445,0.174283,0.521504,-0.0734177
0.717543,0.656026,0.21682,0.088034,0.637952,0.174201,0.520632,-0.0758767
0.717179,0.656793,0.215526,0.0884586,0.638417,0.174144,0.519769,-0.0787012
0.717079,0.657267,0.214368,0.0885655,0.638807,0.174147,0.518948,-0.0803444
0.71688,0.657808,0.213433,0.0884191,0.639166,0.174205,0.518117,-0.08229
0.716725,0.658292,0.212622,0.0880329,0.63944,0.174303,0.517284,-0.0840205
0.716568,0.658721,0.211927,0.0877669,0.639738,0.174373,0.516504,-0.0855893
0.71659,0.658861,0.211611,0.0873008,0.640027,0.174462,0.515765,-0.0862462
0.716719,0.658852,0.211356,0.0869286,0.640312,0.174557,0.515041,-0.0864373
0.71675,0.658884,0.21109,0.0870765,0.640588,0.174626,0.514337,-0.0867176
0.716662,0.659026,0.21088,0.0872318,0.640875,0.17467,0.513691,-0.0874809
0.716951,0.658835,0.21043,0.0873926,0.641081,0.174669,0.51302,-0.0868895
0.716563,0.659255,0.210036,0.0883528,0.641351,0.174547,0.512365,-0.0885013
0.716265,0.659597,0.209583,0.0892756,0.641599,0.174437,0.511731,-0.0898482
0.716011,0.659976,0.208857,0.0902107,0.641819,0.174301,0.511099,-0.0911768
0.714915,0.661214,0.208066,0.0916628,0.642071,0.174074,0.510481,-0.095669
0.714724,0.661465,0.207504,0.0926071,0.64227,0.173914,0.509875,-0.0966541
0.713783,0.662499,0.206767,0.094108,0.642572,0.173684,0.509268,-0.100467
0.713084,0.663299,0.205955,0.0955456,0.642781,0.173465,0.508631,-0.103273
0.713092,0.663291,0.205624,0.096251,0.643052,0.17333,0.507958,-0.10352
0.712541,0.664048,0.204553,0.0973867,0.643268,0.173063,0.507295,-0.106202
0.712837,0.663833,0.203991,0.0978627,0.643443,0.172894,0.506588,-0.105607
0.713764,0.663045,0.20329,0.0979068,0.643504,0.17277,0.505873,-0.102906
0.714114,0.662821,0.202684,0.0981279,0.643611,0.172581,0.505147,-0.102255
0.714409,0.662745,0.202204,0.097477,0.643658,0.17237,0.504413,-0.102592
0.715365,0.661915,0.201653,0.097255,0.643622,0.172236,0.503656,-0.099709
0.716088,0.661459,0.201285,0.0957755,0.643571,0.172118,0.502883,-0.0985943
0.716714,0.661098,0.200955,0.0942765,0.643472,0.171996,0.502088,-0.0978454
0.717529,0.660569,0.200322,0.0931249,0.643286,0.171886,0.501252,-0.096065
0.718446,0.659867,0.199687,0.0923895,0.643083,0.17179,0.500367,-0.0934487
0.719051,0.659548,0.198949,0.0915458,0.642904,0.171661,0.499444,-0.0922886
0.718917,0.660052,0.198062,0.0908973,0.642712,0.171387,0.498458,-0.0941672
0.718903,0.660352,0.197201,0.090692,0.642569,0.171124,0.497431,-0.0950706
0.718634,0.660851,0.196128,0.0915121,0.642521,0.170782,0.496399,-0.0965939
0.717884,0.661856,0.194867,0.092827,0.64249,0.170332,0.49538,-0.0998881
0.718745,0.660848,0.194997,0.0930691,0.642554,0.170209,0.494551,-0.0964816
0.718945,0.6606,0.195585,0.0920448,0.642528,0.170238,0.493859,-0.0959362
0.718594,0.660741,0.196734,0.0913191,0.642557,0.170243,0.493418,-0.0972063
0.718399,0.660593,0.197874,0.0914691,0.64252,0.170271,0.493065,-0.0970938
0.718467,0.660322,0.199006,0.0904287,0.642395,0.170354,0.492767,-0.0967528
0.718953,0.659501,0.20012,0.0900929,0.64228,0.170406,0.492633,-0.0944214
0.719447,0.658796,0.200992,0.0893634,0.64209,0.170443,0.492529,-0.092367
0.719638,0.65848,0.201756,0.0884301,0.641883,0.170427,0.492433,-0.0918144
0.720202,0.657731,0.202346,0.0880624,0.641709,0.170385,0.492389,-0.0895075
0.720931,0.656753,0.203062,0.0877514,0.6416,0.170387,0.492375,-0.0864056
0.721479,0.65598,0.203845,0.087209,0.641535,0.170414,0.492413,-0.0841801
0.721725,0.655548,0.20463,0.0865827,0.641458,0.170445,0.492452,-0.0832094
0.721837,0.655263,0.205249,0.0863421,0.641455,0.170479,0.492466,-0.0824962
0.721726,0.655207,0.206006,0.0858874,0.64152,0.170549,0.492444,-0.0826945
0.721413,0.655373,0.206649,0.0857032,0.641595,0.170653,0.492409,-0.0833441
0.721054,0.65562,0.207183,0.0855464,0.641681,0.170756,0.492377,-0.0842151
0.720664,0.655875,0.207701,0.085624,0.64179,0.170871,0.49232,-0.084963
0.720245,0.656154,0.208211,0.0857717,0.641918,0.17101,0.492281,-0.0857144
0.719334,0.657014,0.208387,0.086411,0.642069,0.171115,0.492216,-0.0883082
0.718477,0.657874,0.208596,0.0864922,0.642212,0.171216,0.492126,-0.0911473
0.718503,0.65788,0.208505,0.0864431,0.642261,0.171316,0.492009,-0.0907892
0.718519,0.657918,0.208406,0.0862641,0.64232,0.171416,0.491909,-0.0906267
0.718502,0.657978,0.208306,0.0861922,0.642406,0.171518,0.491885,-0.0905505
0.718382,0.658186,0.208227,0.0857924,0.642428,0.171653,0.491893,-0.0909936
0.718257,0.658379,0.208154,0.0855321,0.642447,0.171777,0.491987,-0.091388
0.717893,0.658826,0.208096,0.085292,0.642452,0.171899,0.492175,-0.0927057
0.717364,0.659426,0.20812,0.0850488,0.642461,0.172005,0.492473,-0.0947252
0.716829,0.659931,0.20839,0.0849747,0.642519,0.172085,0.492907,-0.0965921
0.716553,0.659902,0.209197,0.0855436,0.642716,0.172218,0.493507,-0.0966324
0.715726,0.660319,0.210683,0.0855987,0.642952,0.172346,0.494286,-0.0987972
0.715304,0.660085,0.212608,0.0861693,0.643211,0.172603,0.495305,-0.0984793
0.713843,0.660648,0.215485,0.0868208,0.64363,0.172855,0.496679,-0.101737
0.712488,0.66083,0.218763,0.0883601,0.644009,0.173182,0.498375,-0.10328
0.71126,0.660673,0.222685,0.0896215,0.644425,0.173495,0.500278,-0.104291
0.710353,0.660249,0.226221,0.0910748,0.6446,0.173811,0.502284,-0.103723
0.709275,0.660038,0.229526,0.0927175,0.644575,0.174064,0.504438,-0.103537
0.708446,0.659653,0.232914,0.0933453,0.644304,0.174351,0.506629,-0.10282
0.707825,0.659052,0.23607,0.0943676,0.643938,0.174638,0.508917,-0.10091
0.706694,0.659053,0.238941,0.0956033,0.643354,0.174854,0.511305,-0.100731
0.705671,0.658958,0.241823,0.0965647,0.642553,0.175129,0.513789,-0.099871
0.704464,0.658997,0.244961,0.0971962,0.64168,0.175425,0.516422,-0.0994153
0.703398,0.658965,0.247896,0.0976899,0.640552,0.175762,0.519113,-0.0982134
0.702442,0.65876,0.25109,0.0978002,0.639224,0.176214,0.521893,-0.0960577
0.701007,0.659135,0.254052,0.0979192,0.63771,0.176592,0.524716,-0.0956792
0.699255,0.659844,0.256938,0.0981359,0.635984,0.177063,0.527562,-0.0958504
0.697444,0.660545,0.260022,0.0981883,0.634133,0.177647,0.530468,-0.0958074
0.69567,0.661193,0.263377,0.0974724,0.632061,0.178356,0.533425,-0.0953285
0.6934,0.662368,0.266516,0.0971304,0.629815,0.178957,0.536401,-0.0966291
0.691669,0.663011,0.269562,0.0966809,0.62734,0.179627,0.539371,-0.0953357
0.689868,0.663729,0.272528,0.0963059,0.6247,0.18031,0.542237,-0.0941335
0.687574,0.665041,0.275271,0.0958544,0.62183,0.18102,0.544975,-0.0945984
0.685538,0.666154,0.277758,0.0955369,0.618776,0.181736,0.547595,-0.0938634
0.683615,0.667243,0.280086,0.0949139,0.615539,0.182426,0.550084,-0.092816
0.681886,0.668174,0.282344,0.0941081,0.612174,0.183144,0.552437,-0.0908605
0.680407,0.668944,0.284582,0.0925871,0.608559,0.183956,0.554636,-0.0879091
0.679798,0.668922,0.286816,0.0903052,0.604814,0.184795,0.556714,-0.0817271
0.678972,0.669146,0.288951,0.0880233,0.601004,0.185639,0.558595,-0.0762895
0.678502,0.669237,0.290646,0.0853317,0.597016,0.186442,0.560279,-0.0699593
0.678041,0.669404,0.292076,0.0827679,0.592979,0.187231,0.561739,-0.0637058
0.677361,0.669963,0.293025,0.0804266,0.588848,0.188055,0.562904,-0.0584491
0.676886,0.670436,0.293595,0.0783803,0.584693,0.188877,0.563816,-0.0526705
0.676352,0.671069,0.29397,0.0761291,0.58043,0.189709,0.564482,-0.0473606
0.675946,0.671827,0.29394,0.0731084,0.576086,0.190373,0.564879,-0.042633
0.676443,0.67168,0.293741,0.0706216,0.571685,0.191141,0.565082,-0.0339724
0.676297,0.672299,0.293166,0.068486,0.567421,0.191676,0.565095,-0.0287998
0.676292,0.672671,0.292798,0.0664232,0.563187,0.192282,0.564911,-0.0226346
0.676054,0.673441,0.292052,0.0642955,0.558905,0.192811,0.564539,-0.0177519
0.675542,0.674477,0.291254,0.062407,0.554644,0.19344,0.563959,-0.013694
0.680613,0.668185,0.296021,0.0516295,0.550181,0.195754,0.56367,0.0173337
0.674262,0.676637,0.290319,0.0569858,0.546017,0.194961,0.562194,-0.0061293
0.673578,0.677784,0.289807,0.0539733,0.541767,0.195786,0.560999,-0.00279761
0.673147,0.678725,0.289196,0.0507082,0.537565,0.196755,0.559487,0.00122385
0.672992,0.679513,0.288301,0.0471868,0.533358,0.197674,0.557661,0.00578446
0.672991,0.680179,0.287341,0.0432902,0.529341,0.198584,0.555572,0.0104293
0.672989,0.6811,0.28563,0.040051,0.525398,0.19936,0.553173,0.0140712
0.673352,0.681715,0.28374,0.0367729,0.521511,0.20011,0.550503,0.0188665
0.673842,0.682431,0.281134,0.0344739,0.517772,0.200631,0.547521,0.0231998
0.67472,0.682791,0.278385,0.0324302,0.514082,0.201107,0.544316,0.0287272
0.675516,0.683425,0.275041,0.0309992,0.510504,0.201424,0.540805,0.0331414
0.675992,0.684462,0.271344,0.0303148,0.506973,0.20166,0.537074,0.0360073
0.676529,0.685445,0.267623,0.0291755,0.503452,0.201963,0.533063,0.0388557
0.677034,0.686448,0.263826,0.0284519,0.500084,0.202233,0.528863,0.041332
0.677528,0.687529,0.259816,0.0275056,0.496682,0.202497,0.524487,0.0432975
0.678204,0.688339,0.256019,0.0261175,0.49344,0.202875,0.520011,0.0459313
0.678971,0.688962,0.252494,0.0240168,0.490292,0.203299,0.515423,0.0488721
0.679559,0.689773,0.24889,0.021608,0.487196,0.203731,0.510709,0.0506943
0.680226,0.690177,0.246088,0.0197215,0.48448,0.204163,0.506001,0.0530023
0.680667,0.691093,0.24248,0.0169499,0.481535,0.204647,0.501061,0.0541456
0.681071,0.69211,0.238569,0.0145402,0.478685,0.205039,0.495908,0.0547307
0.681074,0.693517,0.234558,0.0124517,0.475859,0.205407,0.490616,0.0536736
0.681098,0.695028,0.230065,0.0105961,0.472972,0.205756,0.485111,0.0523546
0.680977,0.696678,0.225472,0.00845401,0.470143,0.206083,0.479446,0.0500824
0.680875,0.698415,0.220413,0.00657959,0.4672,0.206341,0.473634,0.047551
0.680769,0.700154,0.215212,0.00465622,0.464214,0.206452,0.467758,0.0448855
0.680729,0.701826,0.209866,0.00217563,0.461261,0.206535,0.461797,0.0420122
-0.680927,-0.703255,-0.20438,0.000564596,0.458323,0.206639,0.455881,0.0398784
-0.680851,-0.70481,-0.199173,0.00378586,0.455435,0.206903,0.449958,0.0370675
-0.680639,-0.706353,-0.194272,0.00732424,0.452653,0.207183,0.444124,0.0338813
-0.680682,-0.707539,-0.189577,0.0109805,0.449932,0.207491,0.438305,0.0314569
-0.680482,-0.708737,-0.185516,0.0148441,0.447333,0.207862,0.432567,0.0284527
-0.680585,-0.709513,-0.181801,0.0185361,0.445294,0.208372,0.42654,0.0304437
-0.680524,-0.710483,-0.177907,0.0212117,0.442963,0.208511,0.420739,0.0268034
-0.680866,-0.711041,-0.174006,0.0237449,0.440744,0.208665,0.414946,0.0248674
-0.681056,-0.711897,-0.169508,0.0251406,0.438562,0.208549,0.409136,0.021917
-0.681504,-0.712476,-0.165049,0.0262449,0.436467,0.208388,0.403353,0.0199379
-0.681882,-0.713185,-0.160227,0.0270322,0.434379,0.208069,0.397624,0.0175144
-0.682679,-0.713452,-0.155414,0.0279859,0.432301,0.207735,0.392022,0.0165201
-0.68347,-0.713687,-0.150607,0.0289319,0.430281,0.207381,0.386491,0.0156662
-0.684042,-0.714116,-0.145804,0.0294384,0.428359,0.206893,0.381149,0.0139222
-0.684673,-0.714391,-0.141221,0.0304227,0.426428,0.206481,0.375981,0.0126344
-0.68532,-0.714486,-0.137347,0.0313455,0.424619,0.206109,0.371019,0.0116697
-0.685842,-0.714571,-0.133965,0.0326062,0.422861,0.205825,0.366275,0.0103173
-0.686292,-0.714589,-0.131227,0.0338536,0.421236,0.205636,0.361739,0.00888499
-0.686681,-0.714614,-0.128814,0.0346901,0.419704,0.205437,0.357417,0.00756077
-0.687264,-0.714313,-0.127054,0.0358108,0.41832,0.205301,0.353342,0.00679869
-0.687517,-0.714312,-0.12552,0.0363668,0.417032,0.205137,0.349467,0.00475272
-0.68764,-0.714436,-0.124003,0.036818,0.415767,0.204966,0.345745,0.00243826
-0.687654,-0.714705,-0.12234,0.0368955,0.414588,0.204712,0.34218,-0.000491876
-0.687857,-0.714784,-0.120795,0.0366721,0.413459,0.204431,0.33879,-0.00235968
-0.687793,-0.715172,-0.119121,0.0357661,0.412449,0.204042,0.33552,-0.00498805
-0.688302,-0.714954,-0.11771,0.0350038,0.411511,0.20371,0.332404,-0.00549616
-0.68877,-0.714787,-0.116356,0.0337276,0.410658,0.203365,0.329404,-0.00543474
-0.688955,-0.714882,-0.115042,0.0324032,0.40986,0.203008,0.326518,-0.00669804
-0.689136,-0.714988,-0.113683,0.0309729,0.409038,0.202631,0.323649,-0.00781819
-0.68922,-0.715194,-0.11215,0.0299321,0.408284,0.202248,0.320945,-0.0090458
-0.689472,-0.71526,-0.110513,0.0286198,0.407465,0.201788,0.318393,-0.00969186
-0.689723,-0.715273,-0.109106,0.0276051,0.406731,0.201449,0.315888,-0.0100923
-0.690218,-0.715073,-0.107551,0.0265203,0.406004,0.200958,0.313593,-0.0101958
-0.690787,-0.714723,-0.106367,0.0258968,0.405297,0.200593,0.311433,-0.00963141
-0.691672,-0.714231,-0.1039,0.0258434,0.404284,0.200057,0.309285,-0.00855204
-0.692556,-0.713534,-0.102906,0.0253945,0.403672,0.199739,0.307343,-0.00691713
-0.693087,-0.713172,-0.101967,0.0248882,0.403137,0.199313,0.305534,-0.00686281
-0.693647,-0.712695,-0.1016,0.0244236,0.402691,0.19901,0.303835,-0.00637916
-0.694365,-0.712044,-0.101376,0.0239735,0.402264,0.198709,0.302303,-0.00532289
-0.694877,-0.711607,-0.10116,0.0229674,0.401943,0.198397,0.30081,-0.00439722
-0.694762,-0.711757,-0.101179,0.0216909,0.401669,0.198092,0.299471,-0.00552491
-0.694607,-0.711927,-0.101359,0.0201927,0.4014,0.197838,0.298213,-0.006594
-0.694317,-0.712245,-0.101377,0.0188248,0.401119,0.197584,0.297019,-0.00778797
-0.694085,-0.712451,-0.101719,0.0176993,0.400847,0.197417,0.295978,-0.00884227
-0.694063,-0.712388,-0.102406,0.0171209,0.400614,0.197343,0.295006,-0.00897436
-0.694345,-0.712037,-0.103033,0.0164794,0.400361,0.197254,0.29415,-0.00851282
-0.69463,-0.711658,-0.10381,0.0159733,0.400186,0.197201,0.293382,-0.0076709
-0.694999,-0.711173,-0.104746,0.0154093,0.400066,0.197119,0.292698,-0.00656784
-0.695192,-0.710821,-0.10589,0.0151329,0.399991,0.19711,0.292079,-0.00621904
-0.695195,-0.710713,-0.106661,0.0146818,0.399846,0.197065,0.291508,-0.0066865
-0.694937,-0.710827,-0.107578,0.0146214,0.399743,0.197051,0.290976,-0.00804394
-0.694958,-0.71066,-0.108528,0.0147356,0.39964,0.19708,0.290493,-0.00838487
-0.694732,-0.710828,-0.10893,0.014364,0.399499,0.196993,0.289974,-0.00961293
-0.694968,-0.710538,-0.109321,0.0142992,0.399389,0.196944,0.289472,-0.00914498
-0.695297,-0.710222,-0.109333,0.013881,0.39923,0.196817,0.28897,-0.00811213
-0.695705,-0.709827,-0.109342,0.0136041,0.399043,0.196703,0.288519,-0.00707361
-0.696434,-0.709111,-0.109341,0.0136531,0.398864,0.196624,0.288082,-0.0047171
-0.696768,-0.708828,-0.109048,0.0135974,0.398623,0.196475,0.287657,-0.0038318
-0.69726,-0.70833,-0.109118,0.0137781,0.398417,0.196428,0.287305,-0.00245006
-0.697791,-0.707759,-0.109362,0.0143189,0.398214,0.196419,0.28698,-0.000970314
-0.697802,-0.707688,-0.109678,0.014835,0.398027,0.196434,0.28668,-0.00117494
-0.697923,-0.707455,-0.110323,0.015494,0.397876,0.196505,0.286428,-0.00105576
-0.698236,-0.706959,-0.111419,0.0161211,0.397809,0.196608,0.286276,-0.000327593
-0.69819,-0.706853,-0.112358,0.0162827,0.397798,0.196632,0.28613,-0.000516781
-0.69858,-0.706228,-0.113845,0.0163536,0.39789,0.196762,0.286038,0.00117411
-0.698178,-0.706452,-0.11503,0.0155409,0.39804,0.196708,0.285916,8.20179e-05
-0.698226,-0.706185,-0.116477,0.0146856,0.398245,0.196727,0.285826,0.000872732
-0.697596,-0.706659,-0.117549,0.0131887,0.398471,0.196637,0.285691,-0.000528535
-0.697112,-0.707037,-0.118291,0.0118599,0.398605,0.196526,0.285568,-0.00167416
-0.696722,-0.707354,-0.118828,0.0104078,0.398689,0.196365,0.285426,-0.00283276
-0.696279,-0.707782,-0.118969,0.00934107,0.398683,0.196167,0.285194,-0.00421989
-0.695584,-0.708539,-0.118585,0.00858261,0.398597,0.195923,0.284889,-0.00699226
-0.695601,-0.708559,-0.118334,0.00895313,0.398421,0.195836,0.28455,-0.0076159
-0.695344,-0.708861,-0.118015,0.00925223,0.398323,0.19573,0.284204,-0.00934614
-0.695124,-0.709026,-0.118303,0.00943778,0.398409,0.195673,0.283921,-0.010989
-0.695422,-0.708656,-0.118741,0.00982265,0.398515,0.195637,0.283677,-0.0106837
-0.69539,-0.708578,-0.119378,0.00987792,0.398694,0.195562,0.283443,-0.0114965
-0.695072,-0.708778,-0.120061,0.00970639,0.398885,0.195418,0.28326,-0.0134931
-0.694502,-0.709198,-0.120945,0.0088109,0.399175,0.195242,0.283096,-0.0156673
-0.694232,-0.709416,-0.121223,0.00870363,0.399189,0.195121,0.282921,-0.0169705
-0.694631,-0.708864,-0.122111,0.00943878,0.399198,0.195209,0.282827,-0.0159124
-0.695169,-0.708123,-0.123348,0.0092899,0.399316,0.195315,0.282819,-0.0135803
-0.693795,-0.709146,-0.125238,0.0087502,0.399379,0.195503,0.282569,-0.016985
-0.693311,-0.709488,-0.126008,0.00831139,0.399445,0.195543,0.282588,-0.0182279
-0.692925,-0.709787,-0.126486,0.00766058,0.399485,0.195543,0.282597,-0.0190543
-0.692701,-0.71001,-0.1265,0.00701461,0.399435,0.195468,0.282592,-0.0193693
-0.692802,-0.709943,-0.126345,0.00659254,0.399383,0.195366,0.282633,-0.0185659
-0.693095,-0.709706,-0.126097,0.00610121,0.399312,0.19527,0.282763,-0.017023
-0.693285,-0.709579,-0.125782,0.00567243,0.399227,0.195167,0.282937,-0.0158667
-0.69463,-0.708459,-0.12467,0.00579427,0.399132,0.19499,0.283471,-0.0116529
-0.694858,-0.708297,-0.124293,0.00621093,0.39897,0.194963,0.283906,-0.0106514
-0.694994,-0.708228,-0.123889,0.00698044,0.398708,0.194984,0.284466,-0.00997923
-0.695315,-0.707954,-0.123569,0.00835581,0.398444,0.195075,0.285218,-0.00881886
-0.695933,-0.707351,-0.123417,0.0100171,0.398241,0.195257,0.286185,-0.00593949
-0.696509,-0.706736,-0.123527,0.0118818,0.398083,0.195488,0.287453,-0.00380095
-0.696939,-0.706248,-0.123714,0.0135612,0.397985,0.195724,0.288927,-0.00172972
-0.696996,-0.706142,-0.123832,0.0149927,0.398003,0.195936,0.290579,-0.000608119
-0.696758,-0.706349,-0.123838,0.0162395,0.398024,0.196074,0.292576,-0.000762481
-0.696846,-0.706241,-0.123787,0.017485,0.398115,0.196226,0.294936,0.000701338
-0.696538,-0.706541,-0.123715,0.0181235,0.398315,0.19633,0.297414,0.00128016
-0.695938,-0.707125,-0.123778,0.0180002,0.398676,0.19635,0.300204,0.00160866
-0.694771,-0.708271,-0.123918,0.0170041,0.399255,0.196248,0.30333,-0.000377183
-0.693376,-0.709542,-0.124666,0.0154369,0.40011,0.196219,0.306729,-0.00194071
-0.691893,-0.710881,-0.125485,0.0136332,0.401161,0.196109,0.310397,-0.00391184
-0.690522,-0.712037,-0.126672,0.0117038,0.402438,0.195986,0.314473,-0.00530285
-0.689649,-0.712616,-0.128254,0.0106605,0.403846,0.19599,0.318697,-0.00524392
-0.689228,-0.712705,-0.130077,0.00981364,0.405542,0.196044,0.323256,-0.00314396
-0.690127,-0.711301,-0.132924,0.0103239,0.407381,0.196331,0.328129,0.00302923
-0.68947,-0.71147,-0.135409,0.0102466,0.409478,0.19641,0.333082,0.00318334
-0.688975,-0.71144,-0.138021,0.0107747,0.411721,0.196382,0.338537,0.00390661
-0.687348,-0.712498,-0.140663,0.0106343,0.414222,0.196209,0.344189,-0.000273007
-0.688418,-0.71059,-0.144886,0.0122725,0.416982,0.196497,0.349998,0.00583428
-0.687782,-0.710539,-0.148063,0.012939,0.41979,0.196322,0.356091,0.00496397
-0.686999,-0.710687,-0.15101,0.0123144,0.422916,0.195982,0.362329,0.00377384
-0.688534,-0.708368,-0.154867,0.0123063,0.426217,0.195804,0.368667,0.0113398
-0.68955,-0.706685,-0.158109,0.010877,0.429797,0.195343,0.375105,0.0169027
-0.690163,-0.705414,-0.161251,0.00802152,0.43364,0.194558,0.381658,0.0206464
-0.689787,-0.705278,-0.163604,0.0033788,0.43767,0.193444,0.388235,0.0202837
0.690362,0.704136,0.166103,0.00133489,0.441879,0.192302,0.394831,0.0233198
0.69011,0.703818,0.168351,0.00676296,0.446256,0.191023,0.401446,0.0230052
0.689496,0.703842,0.17043,0.0124656,0.450784,0.189643,0.408064,0.0208356
0.689115,0.703433,0.173205,0.0173792,0.45539,0.188418,0.414735,0.0194087
0.688773,0.702832,0.176453,0.0219852,0.460239,0.187218,0.421452,0.0177236
0.688785,0.701681,0.180439,0.0257021,0.465223,0.186137,0.428253,0.0172112
0.688557,0.700546,0.185228,0.0285589,0.470369,0.185152,0.435099,0.0154336
0.688518,0.699139,0.190228,0.0310208,0.475571,0.184228,0.441974,0.0143635
0.688319,0.697759,0.195583,0.0331148,0.480852,0.183369,0.448771,0.0127388
0.688365,0.69616,0.200616,0.0356266,0.486064,0.182419,0.455531,0.0117874
0.688577,0.694374,0.205543,0.0381978,0.491367,0.181447,0.462216,0.0113254
0.688901,0.692503,0.210028,0.0417482,0.495715,0.180137,0.469142,0.00233947
0.689372,0.690607,0.213885,0.0456236,0.500822,0.179024,0.475534,0.0015816
0.690459,0.688096,0.21751,0.0497853,0.505879,0.177865,0.481673,0.00296542
0.691375,0.685792,0.220853,0.0539759,0.510973,0.176671,0.487684,0.00344874
0.692581,0.683253,0.223897,0.0580276,0.5161,0.175439,0.493478,0.00456752
0.69322,0.681382,0.226594,0.0618057,0.521164,0.174231,0.498962,0.00294206
0.694274,0.679147,0.229234,0.0647706,0.526199,0.17316,0.504152,0.00273942
0.694645,0.677706,0.231548,0.0675931,0.531278,0.172081,0.509038,-0.000498029
0.694755,0.676444,0.234483,0.0689605,0.53636,0.171421,0.513791,-0.00444288
0.694388,0.675921,0.236396,0.0712214,0.541417,0.170532,0.518133,-0.0109987
0.704563,0.663251,0.244236,0.0635397,0.546296,0.171466,0.522541,0.0262498
0.696205,0.672277,0.24113,0.0721007,0.551173,0.169312,0.525958,-0.0143401
0.69612,0.67153,0.243093,0.0732824,0.55602,0.168573,0.529487,-0.0199654
0.696986,0.669839,0.245116,0.0737869,0.560717,0.168022,0.532649,-0.0217956
0.69746,0.66851,0.247059,0.0748674,0.565435,0.167435,0.5356,-0.0250321
0.698574,0.666697,0.24853,0.0757799,0.569973,0.166872,0.538205,-0.0261714
0.69917,0.665456,0.249519,0.0779103,0.574538,0.166234,0.540521,-0.029309
0.700692,0.66338,0.250469,0.0788807,0.578887,0.165718,0.542582,-0.0290978
0.70209,0.661479,0.251163,0.0802001,0.583091,0.165194,0.544346,-0.0292073
0.705387,0.658185,0.250468,0.0805429,0.586886,0.164494,0.545616,-0.0238059
0.706426,0.656943,0.250707,0.0808304,0.590712,0.164046,0.546939,-0.0258798
0.708064,0.655233,0.250295,0.0816495,0.594299,0.163511,0.547952,-0.0257831
0.709543,0.653792,0.249795,0.081901,0.597692,0.163021,0.548816,-0.0264357
0.710494,0.65293,0.24933,0.0819442,0.60091,0.16261,0.549502,-0.0288678
0.711046,0.652473,0.248983,0.0818499,0.603983,0.162303,0.550035,-0.0323507
0.711494,0.652149,0.248738,0.0812856,0.606875,0.162179,0.55039,-0.0359488
0.711576,0.652244,0.248482,0.080591,0.609604,0.16213,0.550639,-0.0406751
0.711538,0.652514,0.248051,0.0800648,0.612141,0.162075,0.550767,-0.0455803
0.711,0.653418,0.247218,0.0800456,0.614498,0.162072,0.550717,-0.0520805
0.709921,0.654967,0.246022,0.0806463,0.616749,0.161914,0.550573,-0.0605426
0.709935,0.655374,0.244817,0.0808791,0.618852,0.161848,0.550286,-0.0645631
0.709321,0.65658,0.24291,0.0822266,0.620837,0.161617,0.54986,-0.0711248
0.709582,0.656816,0.241236,0.0830108,0.622742,0.161417,0.549321,-0.0741358
0.710008,0.656964,0.239107,0.0843463,0.624441,0.161116,0.548685,-0.0763149
0.710555,0.657047,0.236559,0.0862604,0.626141,0.160673,0.547943,-0.0782731
0.711587,0.656716,0.233788,0.0878128,0.627595,0.160254,0.547055,-0.0783724
0.713143,0.655867,0.231126,0.0885815,0.628863,0.159853,0.546125,-0.0763749
0.714179,0.655584,0.228341,0.089544,0.630039,0.159436,0.545124,-0.0762754
0.714942,0.655595,0.225626,0.0902554,0.630963,0.159155,0.544121,-0.0765008
0.71511,0.656151,0.223216,0.090868,0.631847,0.158906,0.543142,-0.0788523
0.715217,0.656712,0.22141,0.0904022,0.632571,0.158834,0.542216,-0.080945
0.715452,0.656941,0.220288,0.0896116,0.633264,0.158906,0.541368,-0.0818266
0.716137,0.656651,0.219631,0.0878592,0.633878,0.159133,0.540576,-0.0811698
0.716874,0.6562,0.219246,0.0861641,0.634431,0.159329,0.539813,-0.0800023
0.717843,0.655386,0.21923,0.0843097,0.634974,0.159495,0.539124,-0.0777978
0.718551,0.65489,0.218747,0.083384,0.635446,0.159507,0.53849,-0.0764418
0.71924,0.654359,0.218339,0.0826866,0.635891,0.159513,0.537803,-0.0750048
0.719712,0.654118,0.21744,0.0828442,0.636234,0.159401,0.537124,-0.0743471
0.720334,0.653721,0.21642,0.0832511,0.63648,0.159273,0.536425,-0.0729309
0.720262,0.654066,0.21523,0.0842412,0.636739,0.159085,0.535743,-0.0740233
0.719931,0.654706,0.213837,0.0856344,0.63695,0.158813,0.535043,-0.0759903
0.720047,0.654879,0.212677,0.086229,0.637101,0.15868,0.534352,-0.0764048
0.719942,0.655268,0.211567,0.0868696,0.637246,0.158571,0.533618,-0.0773864
0.719908,0.655638,0.210317,0.0874028,0.637324,0.158418,0.532845,-0.0784183
0.720165,0.655728,0.209164,0.0873718,0.637352,0.158316,0.532113,-0.0783948
0.720456,0.655693,0.208381,0.0871,0.637386,0.158268,0.531359,-0.0780436
0.720351,0.656092,0.207535,0.086991,0.637385,0.158211,0.530618,-0.0791118
0.720816,0.655812,0.207075,0.0863412,0.637416,0.158219,0.529896,-0.0780598
0.720862,0.655867,0.206709,0.0864201,0.637497,0.158155,0.529154,-0.0782737
0.721096,0.655805,0.205936,0.0867816,0.637564,0.157994,0.528486,-0.0781105
0.721592,0.655346,0.205635,0.0868383,0.637696,0.157859,0.527795,-0.0768285
0.722248,0.654827,0.204782,0.0873149,0.637749,0.157626,0.527141,-0.0750818
0.722247,0.654937,0.204138,0.0880056,0.637904,0.157346,0.526498,-0.0758682
0.722784,0.654419,0.203628,0.0886251,0.638024,0.157085,0.525865,-0.074351
0.722657,0.654616,0.202953,0.0897445,0.63823,0.156703,0.525238,-0.0754666
0.722625,0.654657,0.202621,0.0904513,0.638384,0.156476,0.52462,-0.075946
0.722391,0.654928,0.20221,0.0912775,0.63854,0.156191,0.524012,-0.0772146
0.722362,0.655048,0.202017,0.0910721,0.63865,0.156048,0.523429,-0.0779849
0.722723,0.654661,0.202261,0.0904436,0.638719,0.155979,0.52283,-0.0770957
0.722928,0.654604,0.202133,0.0895085,0.63871,0.155869,0.522224,-0.0774059
0.7236,0.653922,0.202663,0.0878397,0.638762,0.155887,0.521656,-0.0757045
0.724023,0.653607,0.202697,0.0866136,0.638729,0.155761,0.521044,-0.0751769
0.724281,0.653623,0.202136,0.0856427,0.638595,0.155542,0.520405,-0.075555
0.724405,0.653787,0.201364,0.0851577,0.638472,0.15525,0.519693,-0.076254
0.724154,0.654505,0.199727,0.0856345,0.638286,0.154763,0.518863,-0.0786449
0.724407,0.654776,0.197532,0.0865104,0.638028,0.154189,0.517943,-0.0792732
0.725392,0.654249,0.19542,0.0870365,0.637798,0.153653,0.516973,-0.0772758
0.726548,0.653573,0.193015,0.0878414,0.637593,0.153049,0.515942,-0.0747924
0.728552,0.651682,0.191881,0.087778,0.637548,0.152654,0.51509,-0.068684
0.730517,0.649654,0.19185,0.08653,0.637495,0.152532,0.514481,-0.0623418
0.731588,0.648429,0.192748,0.0846517,0.637449,0.152606,0.514056,-0.0588688
0.731967,0.647841,0.19377,0.0835403,0.637438,0.152645,0.513826,-0.0575325
0.731716,0.647859,0.194842,0.0831085,0.637442,0.152711,0.513704,-0.0579908
0.731814,0.647445,0.196076,0.0825671,0.637418,0.152877,0.513674,-0.056876
0.731624,0.647384,0.196949,0.0826559,0.637391,0.15293,0.513697,-0.0568293
0.731323,0.647451,0.197674,0.0830647,0.637358,0.152946,0.51371,-0.0570474
0.73118,0.647405,0.198187,0.0834572,0.637336,0.152923,0.513712,-0.0568227
0.731133,0.647346,0.198479,0.0836307,0.637269,0.152907,0.513672,-0.0565064
0.731249,0.647171,0.198597,0.0836868,0.637174,0.152884,0.513582,-0.0557352
0.731825,0.646506,0.198838,0.0832168,0.637045,0.152955,0.513491,-0.0532805
0.732014,0.646299,0.199008,0.0827615,0.636926,0.152965,0.513363,-0.0525274
0.732363,0.645975,0.199013,0.0821835,0.636817,0.15297,0.513214,-0.0513749
0.732768,0.645608,0.199049,0.0813697,0.636694,0.153053,0.513053,-0.0499386
0.732467,0.646099,0.198757,0.0808984,0.636604,0.153027,0.512844,-0.0514416
0.732239,0.646434,0.198405,0.081146,0.636554,0.153019,0.512605,-0.0520675
0.731734,0.646985,0.198337,0.0814776,0.636624,0.153025,0.51236,-0.053627
0.731229,0.647497,0.198387,0.081826,0.636786,0.153017,0.51213,-0.0552345
0.730761,0.647938,0.198416,0.0824336,0.636943,0.153013,0.511902,-0.0564644
0.730008,0.648681,0.198396,0.0833075,0.637118,0.152994,0.511688,-0.0586998
0.728798,0.649901,0.198496,0.0841503,0.637352,0.152957,0.511506,-0.0628109
0.727715,0.650924,0.198692,0.0851529,0.637552,0.152938,0.51138,-0.0661726
0.726395,0.652359,0.198494,0.085901,0.637604,0.152868,0.511309,-0.0708608
0.725569,0.653288,0.198616,0.0855332,0.637457,0.152985,0.511317,-0.0737303
0.724725,0.654268,0.198913,0.0845017,0.637172,0.153116,0.511469,-0.0769212
0.724132,0.654847,0.200057,0.0823684,0.636791,0.153481,0.51184,-0.0788066
0.723864,0.65494,0.201374,0.0807633,0.636343,0.153858,0.512432,-0.0788739
0.723341,0.655141,0.203453,0.0785834,0.635892,0.154327,0.513255,-0.0797164
0.722332,0.655598,0.206314,0.0765652,0.635546,0.154895,0.51435,-0.081758
0.721163,0.656012,0.209643,0.0749872,0.635224,0.155364,0.515632,-0.083912
0.719477,0.656827,0.213216,0.0739568,0.634901,0.155762,0.517091,-0.0876086
0.717541,0.65777,0.216967,0.07348,0.634597,0.156019,0.51876,-0.0918792
0.715436,0.658816,0.220776,0.0732884,0.634173,0.156157,0.520501,-0.096562
0.712847,0.660387,0.224219,0.0739184,0.633646,0.15609,0.522367,-0.102899
0.71058,0.661619,0.227646,0.0742537,0.63296,0.155971,0.524284,-0.107968
0.708346,0.662889,0.23079,0.074559,0.632077,0.155748,0.526269,-0.113034
0.706457,0.663821,0.233775,0.0749024,0.631076,0.155398,0.52824,-0.116795
0.704788,0.664613,0.236609,0.0746912,0.62984,0.154984,0.530229,-0.11985
0.703551,0.665034,0.239112,0.0746367,0.628459,0.154354,0.532231,-0.121498
0.702953,0.664819,0.241697,0.0738535,0.626945,0.153665,0.534238,-0.120994
0.70241,0.66472,0.243728,0.0732472,0.625227,0.152783,0.536256,-0.120495
0.701895,0.664706,0.245343,0.0729067,0.623313,0.151773,0.538226,-0.120058
0.701437,0.664581,0.247109,0.07249,0.621322,0.150645,0.540168,-0.119519
0.700512,0.665031,0.248531,0.0724556,0.619242,0.149202,0.542139,-0.121177
0.699393,0.665691,0.249776,0.0729096,0.617096,0.147607,0.544064,-0.123695
0.698311,0.666266,0.251267,0.0729096,0.614803,0.146094,0.545985,-0.125813
0.697322,0.666744,0.252812,0.0726613,0.612389,0.144445,0.547932,-0.127794
0.695589,0.667922,0.254436,0.0727942,0.610025,0.142532,0.549895,-0.133255
0.694311,0.668498,0.256658,0.0719042,0.607554,0.140765,0.551888,-0.136708
0.692978,0.669073,0.25897,0.0711211,0.605101,0.138748,0.553965,-0.140691
0.691665,0.669565,0.261485,0.0700619,0.6026,0.136721,0.555995,-0.144706
0.690398,0.669964,0.264147,0.0687406,0.600086,0.134611,0.558016,-0.148691
0.689188,0.670385,0.266493,0.0677199,0.597489,0.132341,0.55999,-0.15274
0.687929,0.670972,0.268476,0.0668724,0.594818,0.129885,0.561902,-0.157543
0.686528,0.671683,0.270474,0.0660652,0.592128,0.127373,0.563713,-0.162829
0.68484,0.672706,0.272226,0.0659831,0.589436,0.124681,0.565475,-0.169496
0.682708,0.674121,0.273965,0.066436,0.586731,0.121831,0.567145,-0.177922
0.681088,0.674987,0.275902,0.0662577,0.583915,0.118986,0.568676,-0.184556
0.678214,0.677121,0.277352,0.0678923,0.581209,0.115743,0.570146,-0.196492
0.676553,0.677988,0.27947,0.0671195,0.578232,0.112748,0.571445,-0.203759
0.674703,0.67906,0.281139,0.0679246,0.575396,0.109392,0.572684,-0.212431
0.672766,0.680359,0.282411,0.0688548,0.572555,0.105867,0.573796,-0.222271
0.672628,0.679872,0.284143,0.0678871,0.569502,0.10269,0.574694,-0.224785
0.671434,0.680673,0.284928,0.0683906,0.56656,0.0990825,0.575462,-0.232559
0.67127,0.680444,0.28608,0.0674628,0.563535,0.0956702,0.576005,-0.236334
0.669952,0.681657,0.286125,0.0681163,0.560589,0.0919544,0.576324,-0.245728
0.670168,0.681312,0.286772,0.0667158,0.557489,0.0885266,0.57638,-0.248948
0.669114,0.682463,0.286332,0.0674149,0.554534,0.0846123,0.576223,-0.258445
0.673137,0.690309,0.256981,0.0657303,0.513075,0.0180383,0.544011,-0.399037
0.670772,0.694834,0.249624,0.070416,0.511197,0.0123618,0.54065,-0.425974
0.670683,0.696466,0.244837,0.0719346,0.509305,0.00757633,0.536877,-0.440949
0.671759,0.69679,0.240876,0.0721291,0.507467,0.00308298,0.532957,-0.450822
0.672822,0.697137,0.236881,0.072095,0.505598,-0.00141819,0.528916,-0.461166
0.674393,0.696964,0.233145,0.0712597,0.503629,-0.00573205,0.524691,-0.469676
0.674467,0.698581,0.22776,0.0721323,0.501765,-0.0105022,0.520304,-0.485354
0.676845,0.697731,0.223803,0.0704584,0.499693,-0.014667,0.515653,-0.49091
0.6778,0.698553,0.218447,0.0699464,0.497665,-0.0191913,0.510872,-0.503092
0.679581,0.69856,0.2132,0.0687767,0.495643,-0.0234857,0.505991,-0.511645
0.681172,0.698798,0.207628,0.0676537,0.49374,-0.0277742,0.501012,-0.520634
0.683218,0.698574,0.202235,0.0656395,0.491767,-0.0318744,0.495836,-0.527565
0.684952,0.698646,0.196565,0.0640017,0.489948,-0.0360673,0.490607,-0.535841
0.686821,0.698519,0.191164,0.0616774,0.488092,-0.0401103,0.485249,-0.543305
0.688286,0.698803,0.185457,0.0595131,0.486245,-0.0442366,0.479802,-0.552662
0.690012,0.698764,0.179803,0.057295,0.484378,-0.0483344,0.474192,-0.561081
0.692596,0.697771,0.174528,0.0544594,0.482527,-0.0523076,0.468598,-0.56602
0.695016,0.696992,0.16879,0.0516247,0.480572,-0.0564402,0.46293,-0.572168
0.697702,0.695878,0.163131,0.0485161,0.478589,-0.0604829,0.457195,-0.577102
0.70077,0.694401,0.157154,0.0450638,0.476502,-0.0645508,0.451435,-0.580714
0.703909,0.692805,0.15082,0.0422714,0.474504,-0.0686029,0.445609,-0.583507
0.707286,0.690982,0.143974,0.0395181,0.47248,-0.0726195,0.439727,-0.585015
0.710289,0.689454,0.136881,0.0375051,0.470518,-0.0767099,0.43379,-0.587424
0.713496,0.687622,0.129615,0.0360469,0.468626,-0.0807178,0.427913,-0.588312
0.716197,0.686284,0.121798,0.0352244,0.466648,-0.0847246,0.42196,-0.590637
0.718517,0.685268,0.113576,0.0352327,0.464732,-0.0887773,0.4161,-0.593879
0.72048,0.684456,0.105637,0.0356394,0.462789,-0.0927019,0.410355,-0.597865
0.722535,0.683363,0.0984047,0.035693,0.460869,-0.0963966,0.404735,-0.600701
0.724475,0.682291,0.0912781,0.0358227,0.458869,-0.100018,0.399268,-0.603754
0.726468,0.681029,0.0847098,0.0356063,0.456894,-0.103464,0.394084,-0.605879
0.728447,0.679648,0.0788336,0.0350379,0.454951,-0.106753,0.389128,-0.607664
0.730777,0.677803,0.0736631,0.0334918,0.453033,-0.109683,0.384353,-0.607754
0.732372,0.676654,0.0687231,0.0323705,0.451163,-0.112655,0.379633,-0.610386
0.734286,0.675075,0.0645441,0.0305192,0.449399,-0.115301,0.375075,-0.611303
0.736112,0.673539,0.0605556,0.0285782,0.44767,-0.117863,0.370622,-0.612439
0.737648,0.672294,0.0563161,0.0269396,0.445821,-0.120264,0.36627,-0.613857
0.738813,0.671425,0.0520233,0.0252423,0.444033,-0.122585,0.361998,-0.61644
0.740323,0.670157,0.0476708,0.0232298,0.442147,-0.124816,0.35787,-0.617382
0.741636,0.669032,0.0436515,0.0216022,0.440343,-0.126928,0.353791,-0.618338
0.742756,0.668074,0.0395013,0.0207479,0.438498,-0.129014,0.349796,-0.619698
0.743674,0.66731,0.0349855,0.0205571,0.436807,-0.131112,0.345872,-0.620906
0.744766,0.666294,0.0310571,0.0202711,0.43509,-0.132975,0.342096,-0.621124
0.745154,0.666085,0.0270858,0.0184954,0.433326,-0.134745,0.338552,-0.624316
0.745191,0.666173,0.0230178,0.0193555,0.43184,-0.136587,0.33497,-0.627363
0.745382,0.666045,0.0196253,0.020102,0.430463,-0.138237,0.331467,-0.629578
0.74534,0.666158,0.0165659,0.0207054,0.428997,-0.139878,0.328208,-0.633016
0.745582,0.665929,0.0137232,0.0213914,0.427672,-0.141429,0.325096,-0.635096
0.746154,0.665321,0.0112114,0.0218269,0.426343,-0.142834,0.322147,-0.636002
0.746654,0.664775,0.00904442,0.0223849,0.425093,-0.144215,0.319348,-0.637063
0.747129,0.664243,0.00698131,0.0230482,0.423907,-0.145559,0.316737,-0.638163
0.747463,0.663872,0.00510081,0.0233913,0.422798,-0.146759,0.314248,-0.639951
0.747753,0.663539,0.00370108,0.0238333,0.4217,-0.147843,0.311949,-0.641912
0.747795,0.663473,0.00265051,0.0244656,0.42066,-0.148859,0.309759,-0.644584
0.747757,0.66349,0.00158345,0.0252424,0.419761,-0.149813,0.307653,-0.647374
0.747434,0.663852,0.000567222,0.0253675,0.418849,-0.150599,0.305686,-0.65122
0.747086,0.664215,-0.000526589,0.0260821,0.417892,-0.151334,0.30384,-0.654842
0.746641,0.664686,-0.00160416,0.0267885,0.417009,-0.152045,0.302016,-0.658497
0.746267,0.665105,-0.00283835,0.0266859,0.416024,-0.152562,0.300418,-0.66205
0.746232,0.665128,-0.00388148,0.0269647,0.414973,-0.152966,0.298779,-0.663972
0.746813,0.664493,-0.00427015,0.0264885,0.414056,-0.153211,0.297286,-0.663939
0.746706,0.664642,-0.00497649,0.0256114,0.413114,-0.153443,0.295923,-0.666569
0.747048,0.664278,-0.00503491,0.0250769,0.412212,-0.153504,0.294575,-0.667514
0.747193,0.664153,-0.00508798,0.0240301,0.411472,-0.153489,0.293316,-0.669096
0.747547,0.663791,-0.00454843,0.0231159,0.410825,-0.153403,0.292036,-0.669728
0.747388,0.663995,-0.00395727,0.0224977,0.410255,-0.153251,0.290975,-0.672528
0.747068,0.664331,-0.00125776,0.0234924,0.410539,-0.152959,0.290297,-0.675837
0.74651,0.664886,0.00144461,0.0254401,0.41099,-0.152847,0.2899,-0.679529
0.746181,0.665153,0.00412965,0.02773,0.411406,-0.152579,0.289497,-0.681367
0.745493,0.66582,0.00680438,0.0296429,0.411689,-0.152227,0.289325,-0.684741
0.744834,0.666404,0.00913348,0.0323284,0.412007,-0.151901,0.289149,-0.68678
0.744474,0.66667,0.0111609,0.03441,0.41217,-0.151495,0.289138,-0.688136
0.744144,0.666886,0.0132633,0.0365659,0.412412,-0.15115,0.289168,-0.689309
0.744133,0.666785,0.0152905,0.0378123,0.412591,-0.150777,0.289255,-0.689856
0.743975,0.666826,0.016632,0.0395952,0.412715,-0.150505,0.289331,-0.690788
0.74383,0.666884,0.0182727,0.0405928,0.412827,-0.150226,0.289439,-0.692389
0.743793,0.666828,0.0196,0.0415656,0.412979,-0.150055,0.289516,-0.693487
0.743883,0.666655,0.0206792,0.0422093,0.413086,-0.149871,0.289644,-0.694393
0.743948,0.666524,0.0217049,0.0426122,0.413224,-0.14973,0.289735,-0.695707
0.744007,0.666373,0.0224184,0.0435699,0.413314,-0.149662,0.289723,-0.696481
0.744111,0.666194,0.0234011,0.0440099,0.41341,-0.149525,0.28979,-0.697555
0.744383,0.66583,0.0242341,0.0444647,0.413465,-0.149388,0.289878,-0.697783
0.744843,0.665265,0.025318,0.0446144,0.4135,-0.149198,0.289961,-0.697373
0.744934,0.665121,0.0261408,0.0447641,0.413477,-0.14903,0.290079,-0.698312
0.74497,0.665056,0.0268159,0.0447264,0.413436,-0.148886,0.290251,-0.699626
0.745053,0.66493,0.0274346,0.0448611,0.41338,-0.148749,0.290429,-0.700355
0.745107,0.664842,0.0279695,0.0449354,0.413295,-0.148591,0.290629,-0.701072
0.745191,0.66472,0.0284707,0.0450321,0.413202,-0.148442,0.290837,-0.701663
0.745215,0.664664,0.0289415,0.0451655,0.413163,-0.148311,0.291007,-0.702353
0.745285,0.664559,0.0294473,0.0452121,0.413124,-0.14814,0.291133,-0.702676
0.745313,0.664507,0.0299521,0.045193,0.413094,-0.147966,0.291237,-0.703236
0.745347,0.664457,0.0304239,0.0450508,0.413071,-0.147807,0.291379,-0.703942
0.745365,0.664433,0.0307459,0.0448772,0.41304,-0.1477,0.291502,-0.704764
0.745432,0.664359,0.0310066,0.0446793,0.412998,-0.147607,0.291594,-0.705388
0.745517,0.664269,0.0312134,0.0444641,0.412941,-0.147509,0.291694,-0.705867
0.745595,0.664184,0.0313756,0.0443161,0.41291,-0.147437,0.291801,-0.706175
0.745748,0.664014,0.0315386,0.0441719,0.41288,-0.147383,0.291907,-0.706282
0.745838,0.663911,0.0316738,0.0440849,0.412831,-0.147308,0.29202,-0.706499
0.745925,0.663807,0.0318001,0.044092,0.412792,-0.147265,0.292134,-0.706764
0.746063,0.663646,0.0319951,0.0440488,0.412736,-0.147185,0.292242,-0.706789
0.746155,0.663533,0.0321515,0.0440725,0.41269,-0.147118,0.29234,-0.706855
0.746276,0.663386,0.0323152,0.0441247,0.412604,-0.147035,0.292423,-0.706835
0.746343,0.663305,0.0323831,0.0441591,0.412489,-0.14695,0.292504,-0.707015
0.746547,0.663066,0.0325384,0.0441801,0.412394,-0.146845,0.29257,-0.706625
0.746677,0.662905,0.0325621,0.0443775,0.412284,-0.146746,0.29264,-0.706341
0.746793,0.662758,0.0326107,0.0445841,0.412172,-0.146639,0.292727,-0.706099
0.746953,0.662562,0.0326553,0.0447935,0.412086,-0.14655,0.292807,-0.705611
0.747121,0.66236,0.0327689,0.0448891,0.412021,-0.146439,0.292893,-0.705155
0.747052,0.662425,0.0328021,0.0450616,0.411971,-0.146352,0.292971,-0.705544
0.747005,0.662462,0.032919,0.0452014,0.411867,-0.146249,0.293064,-0.705866
0.747018,0.662436,0.033008,0.045307,0.411736,-0.146142,0.293176,-0.706001
0.747113,0.662313,0.0331807,0.0454274,0.411603,-0.146046,0.293285,-0.705993
0.74723,0.662164,0.0334307,0.0454777,0.411471,-0.145941,0.29343,-0.706006
0.747298,0.662066,0.0337036,0.0455962,0.41137,-0.145854,0.29355,-0.706169
0.747333,0.662003,0.033946,0.0457532,0.411264,-0.145804,0.293648,-0.706528
0.747433,0.661866,0.0343468,0.0458041,0.411163,-0.145739,0.293736,-0.706781
0.747483,0.661787,0.0347078,0.0458536,0.41107,-0.1457,0.293821,-0.707249
0.747625,0.661581,0.0351407,0.0461788,0.411011,-0.145645,0.29388,-0.707149
0.747804,0.661363,0.0354667,0.0461421,0.410899,-0.145583,0.293978,-0.707152
0.747968,0.661153,0.0358235,0.046232,0.410776,-0.145538,0.294082,-0.707192
0.748082,0.661009,0.0361801,0.0461706,0.410645,-0.145477,0.294218,-0.707464
0.748266,0.660778,0.0365413,0.0462036,0.410494,-0.145422,0.294373,-0.707358
0.748335,0.660689,0.0369774,0.046004,0.410337,-0.145331,0.294511,-0.707778
0.7485,0.660485,0.0374884,0.045851,0.410224,-0.145283,0.294665,-0.7079
0.74875,0.66018,0.0382333,0.0455453,0.410143,-0.145216,0.294797,-0.707877
0.748817,0.660081,0.0389336,0.0452839,0.410068,-0.145159,0.294949,-0.708561
0.748789,0.660096,0.0395245,0.045009,0.40996,-0.145103,0.295128,-0.709608
0.748921,0.659935,0.0401528,0.0446198,0.40986,-0.145036,0.295317,-0.709976
0.748974,0.659864,0.040728,0.0442657,0.409778,-0.145004,0.295505,-0.710734
0.749037,0.659757,0.0413674,0.0441843,0.409731,-0.144975,0.295653,-0.711174
0.749162,0.659604,0.0419536,0.0438086,0.409672,-0.144927,0.295818,-0.711578
0.749143,0.659615,0.0423995,0.0435371,0.40961,-0.144901,0.295966,-0.71249
0.749273,0.659449,0.0429342,0.0432822,0.40956,-0.144855,0.296119,-0.712758
0.74934,0.659355,0.0435104,0.0429947,0.409522,-0.14481,0.296293,-0.713324
0.749484,0.659173,0.0440181,0.0427543,0.409494,-0.144765,0.296471,-0.713564
0.749601,0.659017,0.0445446,0.0425408,0.409495,-0.144732,0.29667,-0.713883
0.749782,0.658798,0.0450577,0.0422247,0.409508,-0.144672,0.296859,-0.713898
0.749873,0.658672,0.0455721,0.0420108,0.409509,-0.144619,0.297007,-0.714202
0.750059,0.658442,0.0460977,0.0417188,0.409515,-0.144551,0.297182,-0.714156
0.750238,0.658224,0.0465232,0.0414667,0.409544,-0.144506,0.297373,-0.714112
0.750368,0.658059,0.0469782,0.0412099,0.409611,-0.144466,0.297568,-0.714265
0.750564,0.657819,0.0474298,0.0409596,0.409614,-0.14439,0.297759,-0.714255
0.750648,0.657709,0.0478163,0.0407424,0.409578,-0.144287,0.29794,-0.714549
0.750804,0.657512,0.0482983,0.0404833,0.409604,-0.144192,0.298146,-0.714497
