2.402603885254205, 0.5252769249071143, -2.296926167670245, -2.491158917146022, -2.4115133454078412, 1.302240205644246, -0.6440571711209726
2.399285051233008, 0.5243996948814118, -2.294418782587596, -2.4892886118417996, -2.4123249501390562, 1.3003652008659703, -0.643106219902231
2.3956366427115245, 0.5229085501053934, -2.2922633795920504, -2.4863813173414586, -2.41346466710863, 1.2985269050990906, -0.6422621227587513
2.392878044866432, 0.5226065706594865, -2.2917580572012897, -2.48431760558842, -2.4137713851110005, 1.3000690313670669, -0.6432641423701213
2.3901612648216535, 0.5229288325127142, -2.291624372610918, -2.48289051975164, -2.413767708618555, 1.3013408905050348, -0.6440998362184098
2.3891913105953595, 0.5221236573327124, -2.292663605068161, -2.481431102882083, -2.413752540790566, 1.3002252614044458, -0.6430112840870335
2.3885302024776465, 0.5208454386774255, -2.294058337738414, -2.4797087546521084, -2.41386431995046, 1.2994053004354162, -0.641908944839173
2.390222260544082, 0.5192819063277669, -2.2972956949919228, -2.4786743428927265, -2.413998621656421, 1.3006371998721935, -0.6408013315765171
2.3917004779552844, 0.5177233118157867, -2.300106900752483, -2.477912362402445, -2.4140682987194095, 1.3019775570155323, -0.6397033720015513
2.3912684035311944, 0.5170302102012032, -2.3014058349383033, -2.4773468909288185, -2.414171936553868, 1.3033711526209295, -0.6387148466290116
2.391074906385983, 0.5165106741427232, -2.302798775989033, -2.4769106266712706, -2.414137657712571, 1.304280413579952, -0.6380523127651783
2.3922966565967663, 0.5147762734416359, -2.3044837062221033, -2.4763118139224654, -2.4135100074955993, 1.303168672924481, -0.6383939476660503
2.3964128553373314, 0.5118315757215646, -2.308142959871325, -2.475951685773099, -2.413602544247426, 1.3017569020067645, -0.6360484601589684
2.4114382867851436, 0.503717025255372, -2.3196791742781437, -2.4751299252785035, -2.4153871372565794, 1.2983511829709835, -0.6263738754264621
2.418671146230041, 0.4962774281184563, -2.3247010979092684, -2.4728449671460924, -2.4164663142318465, 1.2964867022213094, -0.6222169420458341
2.4014826527524065, 0.49858266866872203, -2.3109603397170355, -2.4712882342347067, -2.4159019194382187, 1.299612973770877, -0.6314434962741293
2.39585186705256, 0.5004354921152938, -2.306434116260119, -2.472316006729078, -2.41644310163482, 1.301447955031585, -0.6333969004841791
2.4207588760458414, 0.49075917139334635, -2.3249407842030774, -2.47245076201561, -2.4196050842599943, 1.2989205831102586, -0.6198807666274959
2.433535407711503, 0.4814953607574104, -2.3331317743281508, -2.469553446729579, -2.4216965226225557, 1.295931063911202, -0.6137468957263277
2.4229122512210584, 0.48077736100013, -2.3227498073544988, -2.4678234424334553, -2.4210829880972407, 1.2931711538740869, -0.6197682918061016
2.411635291295404, 0.48302406829691336, -2.3122683785870235, -2.4672600716107915, -2.4200637744431672, 1.2933016137398798, -0.62709345396717
2.3980094527077664, 0.4892157358334659, -2.300709249031616, -2.467360865679078, -2.4194945483429233, 1.298162088615574, -0.6362213189434041
2.389359653119145, 0.4947808698830496, -2.2927057311815435, -2.467587143920251, -2.4194473776441807, 1.2997451989729187, -0.6413689120110391
2.38845322374652, 0.4962174011295417, -2.289976977032092, -2.4667539428801195, -2.419988058684911, 1.2968125091145515, -0.6414698846347964
2.389552148144954, 0.4968178445010043, -2.2892336617566675, -2.465716023842532, -2.421030752900581, 1.2969331956245123, -0.6419920931578957
2.3931505388987127, 0.4975627901869002, -2.2914564782505407, -2.4652133300068355, -2.421904295541397, 1.2999468948248802, -0.6428994164110335
2.3941726538723955, 0.4983512234522385, -2.2920157343921197, -2.4642893026760166, -2.4227159122578765, 1.3010129270958553, -0.6427496359179239
2.392422738881951, 0.4985739759195509, -2.2910171208898342, -2.4622261605937945, -2.423921490702952, 1.300310687807598, -0.6417386287523241
2.393226895667251, 0.4974742693752896, -2.2928905833911415, -2.4605421808665495, -2.4265472270982933, 1.2987816480021612, -0.6330881877651242
2.3963588516519394, 0.49379083948080105, -2.2973917859772826, -2.45911553652316, -2.4303972809943293, 1.2966310815487754, -0.6187144916651928
2.37730234048602, 0.495979478136376, -2.2857578450301475, -2.457091547715309, -2.4323313080902347, 1.3013856085047992, -0.6090315182793669
2.3406532856062583, 0.5072422952912339, -2.262827232726867, -2.459884042137163, -2.432700846729059, 1.3121186979126298, -0.6028994225784077
2.3128415156409616, 0.5134354420404144, -2.247390304826471, -2.4645745294776527, -2.432385207602638, 1.3179008252519164, -0.5889836453754427
2.290443969808395, 0.5093806185725427, -2.2368159956457845, -2.4685381786781617, -2.4320425351527177, 1.3214204881491058, -0.5707421439827467
2.2618782235160317, 0.5008323037929419, -2.223163377776478, -2.473318297593482, -2.432426667951705, 1.322941303005467, -0.5513524643370111
2.22838441854565, 0.4877218207663585, -2.2085942649854697, -2.4801484088966346, -2.432897023857559, 1.32451432931032, -0.5315578945936359
2.187916050235536, 0.4711081631901468, -2.1914806922412993, -2.4874696204970883, -2.434493210994125, 1.3236107905453478, -0.510968350901595
2.1431641787319116, 0.4507423080588815, -2.174432813856985, -2.4944277693070314, -2.436894528139982, 1.322243830577194, -0.49012426260759856
2.09761644896251, 0.42691469128537385, -2.1587945040889727, -2.500048268574509, -2.4363683131976526, 1.3186173769621652, -0.4797050555994611
2.051510618369168, 0.4001559865799482, -2.1442141244057735, -2.5033729849794275, -2.4352031577757183, 1.3139818322929004, -0.4720814449926154
1.9793687080124567, 0.3822556774135428, -2.1083098245989618, -2.502592467718994, -2.427218327450089, 1.3166018778979645, -0.453276483953303
1.8999443117204908, 0.3734100601760115, -2.0670301203158363, -2.50136899227334, -2.4175916376873436, 1.320709024809994, -0.43252319090406743
1.8071770927524113, 0.372992778528352, -2.0132262658591227, -2.4971280183116153, -2.410140260936994, 1.3185601611487598, -0.4195480435806562
1.711354173944228, 0.37977293044797467, -1.9569011680435668, -2.4903725959461287, -2.403865574539558, 1.3137705591644622, -0.4077790102141323
1.6328315288502449, 0.38908389767158624, -1.9175316861592409, -2.4827365319370305, -2.4008363643889172, 1.318936797634315, -0.39846896561644485
1.557452649103075, 0.4006764655367281, -1.8808956636140879, -2.4717863401565205, -2.3985004617571404, 1.3231655850720818, -0.3892692778923079
1.4932671815210217, 0.41359943678916267, -1.8546583471345937, -2.460888660846906, -2.40082376846202, 1.3252934701128805, -0.38216808935007673
1.4310276590368627, 0.4286159573832471, -1.8298746794347727, -2.4471212482562814, -2.4038722679082447, 1.3249802286974361, -0.375043967471238
1.3870575612840987, 0.4394880333706048, -1.8198559886311436, -2.435282311950693, -2.4108732991479602, 1.3219102934799203, -0.3580660154216675
1.3456571680138047, 0.44856321420226664, -1.8101976469681462, -2.421149375718951, -2.4184154208353377, 1.3175062783438864, -0.3408307893553584
1.3123686009976918, 0.4603814926535783, -1.8069915605966749, -2.408800312109105, -2.4251232944149272, 1.3158756943426209, -0.3306848106553266
1.280736213402605, 0.4747930257691042, -1.8035383783395638, -2.3962528339252342, -2.43181757440372, 1.3134782541111552, -0.32049580896665564
1.253786545062253, 0.49398257833879367, -1.8036388007700204, -2.3864705483629756, -2.4430180714347483, 1.3120024425447898, -0.3079895933944057
1.2278939704889176, 0.5158775572607981, -1.8026658931232156, -2.3769052887270163, -2.4533956144047337, 1.3096177406619312, -0.2939175311416342
1.2028235664971536, 0.5368438860684055, -1.7975516930667865, -2.3661789307731906, -2.4528085201972294, 1.3014960571306204, -0.26709185084827425
1.1800242398334237, 0.5575704004538204, -1.7915812343535604, -2.355260485568736, -2.452843496119308, 1.29396287376896, -0.24149377172943254
1.1668622383138612, 0.573057697124935, -1.789513636974224, -2.347177992649712, -2.453282006398582, 1.2893729625994563, -0.22368488255474173
1.1556386679220392, 0.5864711869780024, -1.7868961085337176, -2.3394570417826577, -2.4544211714158957, 1.2848899291049616, -0.20788639862116387
1.1492578280041492, 0.5952261231536875, -1.7856124652936227, -2.334827008585105, -2.459432962382931, 1.2789591885938787, -0.20228063654243833
1.1478304101955183, 0.5981982005407778, -1.7870092468377052, -2.3330877726692796, -2.4737051745367262, 1.267818133994929, -0.2105446492772689
1.1831078012163339, 0.5491928760076705, -1.8039230636096963, -2.340144828364477, -2.533142037109447, 1.2332178243153233, -0.2612152547012485
1.2141843927619833, 0.48959558367843226, -1.81815824597793, -2.3397866549564545, -2.580363290965086, 1.2068788647066668, -0.2964205747167856
1.2078938936864807, 0.48040608975984433, -1.8191715203659964, -2.3359658119781166, -2.576623251071471, 1.2089592429725942, -0.2956230429676632
1.1998339412061343, 0.486379462098105, -1.8222121036048993, -2.337271352753582, -2.5722822820836857, 1.2083612081404302, -0.29802201072957946
1.1963416450278652, 0.48773566482265984, -1.8233939101833627, -2.3383502156955043, -2.570363733578934, 1.205118362517534, -0.3052950290953982
1.194029914435668, 0.4870042187223831, -1.821302541464643, -2.3383824214292472, -2.569444316559027, 1.2018959063655883, -0.30855973887730226
1.1888979965599011, 0.48833319537641096, -1.8154375579440352, -2.3373733902572793, -2.5693972648860326, 1.198087530756026, -0.30456662322176786
1.1880902867520966, 0.48875749279866376, -1.812011020658817, -2.3376116236740554, -2.570282251440429, 1.194842242563987, -0.30812395948284
1.1983648632402621, 0.4810169123483501, -1.813539391099937, -2.3423556618524692, -2.571124018924521, 1.1925183580385683, -0.32404395145379716
1.212174050159991, 0.4771334156813012, -1.817435646935115, -2.3477385261042176, -2.5499884784932245, 1.2129141727398496, -0.327108984115303
1.232883174170376, 0.49774102006216214, -1.8254011367491163, -2.3624285424290807, -2.481133456679684, 1.2706478188323471, -0.31550667246597897
1.2812213058331716, 0.5067751385320296, -1.8441139637801847, -2.3877079437564337, -2.4297009601578425, 1.3129426615420332, -0.32342234179327534
1.384255133383066, 0.45609018647489386, -1.889456872228175, -2.4108650713059987, -2.3984050646333532, 1.3283321706550142, -0.3500641688295225
1.510632067581695, 0.39371732479149557, -1.9550232830428165, -2.4308303035615317, -2.370990837072048, 1.3497358421332208, -0.37948854898854734
1.656475516339369, 0.33843176811205744, -2.0426897214456545, -2.4492101000166304, -2.343338740356466, 1.3685400307570896, -0.4125133505335885
1.8046312301464198, 0.29133350305626493, -2.134582852350478, -2.465120965754041, -2.31948577847682, 1.3795576354978012, -0.45844926639760786
1.9445541699778612, 0.25842183631162996, -2.222305144830056, -2.4783646168322893, -2.2980526113305064, 1.3792842502662985, -0.5160535117755174
1.9464759573647186, 0.21343696079458852, -2.1756991981892595, -2.4693862367032713, -2.2788904566217925, 1.363464090020087, -0.5653851459248749
1.7707450460661072, 0.13018542053321092, -1.9460117843731037, -2.4599568307195963, -2.266165235752137, 1.3675518183660706, -0.6093431421163711
1.4721745067644747, 0.03171602383712191, -1.5840806962754224, -2.4784033368389498, -2.249465257461071, 1.3704101889650877, -0.6550532054522353
1.1143056938177125, -0.07240083486726512, -1.1636738947508327, -2.51362336544819, -2.23104371242803, 1.3909031596081238, -0.7007623366228248
0.9655019659022877, -0.15092464926694227, -0.962205395386027, -2.522207282760559, -2.252327178239346, 1.3564376755734324, -0.7684933574134352
0.9781398694058216, -0.23254410911570922, -0.9003977128955869, -2.501761889388156, -2.3039111166477593, 1.2615654903243003, -0.8478520770948901
1.0098281713453696, -0.31155409134076706, -0.8314870828772234, -2.4709324930687133, -2.337326029912898, 1.2021046324409967, -0.8924876430458379
1.0482273485211122, -0.38854750123557125, -0.7671506816519642, -2.4404130452121375, -2.3554552970185707, 1.1599687103984904, -0.9234968436819653
1.1019760042834177, -0.4661760421671435, -0.7254748424307707, -2.417496953391942, -2.3683394032589273, 1.1285581104840263, -0.9596691267370563
1.156256417729506, -0.5429599907853859, -0.7054130035669077, -2.400883033996597, -2.3754753635600387, 1.1003171081144005, -0.9981732867638513
1.2130082634448494, -0.6185859453273039, -0.7133516035012653, -2.391455097464271, -2.4056264056213124, 1.0670195488351117, -1.038866518086424
1.2679773143270303, -0.6931674735379971, -0.741296366893871, -2.3883444403796483, -2.4424628248949958, 1.0328994298222272, -1.0797795448397345
1.2768419855570396, -0.7429936267255393, -0.7555431502057468, -2.385853187499735, -2.4492474366025636, 1.0261257373701627, -1.090540117620435
1.2598008858270386, -0.759453609039964, -0.7654424120493113, -2.379071402227666, -2.449318842668874, 1.0197576707509457, -1.096274938395803
1.2490056984062203, -0.7695937947711062, -0.7752010244362522, -2.376035170555803, -2.456062685543576, 1.0187246851625682, -1.1130179733592538
1.2456367783222912, -0.7794953258163133, -0.7800264571600666, -2.37811435868917, -2.4643974552108068, 1.0220142661626506, -1.1313874005442521
1.258467528498029, -0.7898936363097651, -0.7858905693350176, -2.379132524097562, -2.475596439858962, 1.0129204351567598, -1.1422845667621555
1.2792922755065215, -0.800454335501227, -0.7916924405506629, -2.379609402706059, -2.487596896222054, 1.0035654416945867, -1.1517869373006757
1.3115865136996083, -0.818477468487357, -0.8016094194154642, -2.3824902862150843, -2.5143488600987256, 0.9884065946098328, -1.179286081485733
1.3474827006733392, -0.8424621715941623, -0.8135047321082984, -2.3869181047670924, -2.5418626905334216, 0.974126921652875, -1.2075074838466815
1.355493473346364, -0.8494899276163785, -0.8147133135829847, -2.3892287405769856, -2.5399383685383894, 0.9779391832151472, -1.2031279302347935
1.3521288332548203, -0.8460724017289589, -0.8135195077151618, -2.388889128391253, -2.5367271835159393, 0.9791570293547247, -1.1986494217250376
1.3369863667841688, -0.8363155351627789, -0.8071292472733074, -2.3886123184799173, -2.5264679306446682, 0.9875236382472012, -1.19040641052709
1.3183204657348515, -0.824141078260288, -0.7989807825819861, -2.3880913339591627, -2.5158726737954042, 0.9951120208984614, -1.1815825589343865
1.284284236754477, -0.8034482593682286, -0.782307194895818, -2.3879858000553, -2.4921383696716832, 1.0112354890249913, -1.1602650624941857
1.2451103642705803, -0.778851327515655, -0.7614886490951838, -2.387226876512801, -2.4667304762869797, 1.0275867207625948, -1.134396480591068
1.1545440919800374, -0.7310451078410338, -0.7077008291948808, -2.3926224301401726, -2.404153221732032, 1.0656785439980974, -1.0616395842447623
1.0510234131348763, -0.6749039191738913, -0.6464635916406518, -2.398668861130255, -2.348680789179049, 1.0961253509866342, -0.9938836420179067
1.0378229357985784, -0.6501392945193505, -0.651779805960234, -2.4124980376166194, -2.357499089001122, 1.0859081389636795, -0.9549373426885737
1.0183455132162997, -0.6280953975862733, -0.6596309249544188, -2.4374228314223485, -2.3518071767570357, 1.0938209670713324, -0.9071286844763629
0.8807935760681094, -0.5573185715885289, -0.5751262183085801, -2.4578477603586526, -2.3106001222587826, 1.1611448864265599, -0.823320619323991
0.7296251763004911, -0.4822369729262288, -0.47558651225474424, -2.4700873176019362, -2.2798325569443225, 1.2256182990186515, -0.744019188175308
0.5686094658504377, -0.4067639588580896, -0.3629116525214755, -2.477251614444456, -2.269085129665868, 1.2896123539708135, -0.6835600189513951
0.44568826196355626, -0.33289587156475253, -0.27541918182117797, -2.481871754147682, -2.2681946943630686, 1.33217519363102, -0.6282704516184596
0.6267089854978884, -0.25409700878251407, -0.4650231027308589, -2.4742039644953877, -2.3140512259210064, 1.3069266072592924, -0.5811763881503635
0.9058335175838952, -0.1711504248896123, -0.7645322986386116, -2.472500656359939, -2.351279460114239, 1.2941713142522717, -0.5358491197684465
1.2679505415901744, -0.07079361845194576, -1.167334868234411, -2.473654073059093, -2.3696343380690523, 1.3107773711305049, -0.4956880165753059
1.388577371825236, 0.07121547442691334, -1.3462041740715023, -2.4897334497819408, -2.377590762012993, 1.3291384405574425, -0.4569166793471249
1.4189577760445973, 0.23821602550379684, -1.4432174342082025, -2.478845597712718, -2.3792642599468756, 1.326589078860235, -0.41720453535786906
1.3896573105832948, 0.38372866867960287, -1.5167424178125568, -2.4437702055560786, -2.3929234865924887, 1.3120405817587075, -0.3810133170375991
1.351105494536367, 0.46279830130105637, -1.5966442801310254, -2.4029530390558014, -2.409959150490863, 1.2872275448493786, -0.35147415544320015
1.2888790185653933, 0.5076557794542378, -1.6667863554664635, -2.359725540606598, -2.425832661477509, 1.2633946816743125, -0.32177274484998275
1.222691239137073, 0.5431824269370358, -1.7284757536318232, -2.332164004505108, -2.4348637324585773, 1.242034994942295, -0.29354190719733264
1.1564125345435192, 0.5737425776865743, -1.7676283298163433, -2.317331593843763, -2.4369789675838174, 1.2278623757995577, -0.26752077072355895
1.1134826885689355, 0.596633643424501, -1.7931074097521478, -2.3166965068677685, -2.4273370976744593, 1.2214332320280912, -0.24423266823057777
1.096124261740968, 0.6049627748827495, -1.808237691270996, -2.323904604505934, -2.4490161434114777, 1.2044923186242569, -0.2490321189306366
1.1310474392137664, 0.5531461531205251, -1.8270524123537886, -2.333676738977493, -2.5166405193525234, 1.1711425449746438, -0.2819299850569861
1.1550301658172106, 0.511186919395624, -1.8316247453897807, -2.330793058764324, -2.5562075314932846, 1.156509965669124, -0.2903824383947775
1.1520983156192752, 0.5213439643041973, -1.8282484428076264, -2.3267811428527905, -2.5598708117661984, 1.1586713454995694, -0.28122317829710575
1.1513735990357619, 0.5409959055343272, -1.829341246878034, -2.3239215355769716, -2.5686273146680003, 1.1592558737201344, -0.27797248296594024
1.1540885945723174, 0.5572912132760113, -1.8332637026835013, -2.32079951314158, -2.5834316239855513, 1.160764847002259, -0.27871510998725757
1.1579572073295559, 0.5682198704962591, -1.8374426797011072, -2.3172332202561394, -2.5909623811231386, 1.1623039653539449, -0.27984707341177906
1.164166340975596, 0.5713680030395114, -1.8414762170555274, -2.3144263770703937, -2.5914417378928265, 1.1643112311978978, -0.2815212996421339
1.1691797422423562, 0.5730731982595554, -1.846213631739948, -2.313310672674687, -2.592315276187997, 1.1674173264725534, -0.28673658187964346
1.1729788601966877, 0.5749090173696745, -1.8517429426381735, -2.314115660376709, -2.592944559241171, 1.1712413624305906, -0.29406337878400723
1.1759082668911018, 0.576217246587829, -1.8576119580810548, -2.31564013018812, -2.5961670972855204, 1.176876635512457, -0.297481484437923
1.178597314888302, 0.5764742132965477, -1.8628601125792574, -2.317615663939028, -2.6015067658534727, 1.184066378361134, -0.2988063388371751
1.1790346817995943, 0.5751982027815545, -1.8636549247162932, -2.3180333827457, -2.599124337111305, 1.1864588390226443, -0.29627639568899333
1.178747681738444, 0.5720261503448656, -1.8608534712539742, -2.317210419238717, -2.5933086641501495, 1.1869425502553126, -0.2921803484753642
1.187576199452474, 0.5644010495740472, -1.8611270097919288, -2.319012886401869, -2.583595999296773, 1.1927124247389838, -0.2978293407435473
1.203235969756708, 0.550902397012309, -1.860617084374435, -2.323814862606816, -2.5716575361118794, 1.2013039718999332, -0.3065442252592856
1.2173627200038037, 0.5501912557874915, -1.8568661257087697, -2.330153116430119, -2.5273057929740297, 1.2369384645623605, -0.30851451140300323
1.2313183760718536, 0.5654676421083211, -1.8485075178565005, -2.344100895169446, -2.470243855583969, 1.2821954010925456, -0.3103728160974599
1.2795738203595821, 0.5568883767530179, -1.8532794791092186, -2.365708857145804, -2.438019914733582, 1.3173037768127447, -0.3406969414928147
1.34867031457033, 0.5208074608685154, -1.8611075587844645, -2.381775611556532, -2.4139958944956232, 1.3492499239074673, -0.3753548844751924
1.4799858041179723, 0.45358779936262916, -1.9221738184306894, -2.40456537515382, -2.4096613710943453, 1.3550512090334346, -0.43558280801718663
1.6329091696953952, 0.37722274361377206, -2.0013102824634856, -2.4132349215058513, -2.4052142800664376, 1.3424190125116704, -0.4981920282809158
1.7914065995392114, 0.3022829117277235, -2.0839860768706178, -2.4110449752984495, -2.376585836170701, 1.3476820485260346, -0.534597638204958
1.9554005773757819, 0.2331600683816939, -2.17382210277796, -2.4078681142082754, -2.344933069182156, 1.3578683626424795, -0.5685096888984207
1.8448416139507664, 0.15438324676292847, -1.9977461049444702, -2.3818149021614508, -2.318136698301827, 1.3540067440799248, -0.6094470576391524
1.5873038855299466, 0.05821529467661346, -1.6674374730728694, -2.3814588226887903, -2.2889953477222917, 1.3711833515510552, -0.6524648561721884
1.318487191352684, -0.051289093752211024, -1.3201657513283802, -2.417787180049034, -2.3046899206637894, 1.3619232444785645, -0.7431771222509491
1.3872920939449411, -0.14960963868880217, -1.307505639911776, -2.4211278064556057, -2.329751924035631, 1.2867195679844095, -0.832037904570055
1.3417164612373131, -0.22960471681535832, -1.1869966997815524, -2.4030951702486822, -2.356138215465399, 1.2314068201229293, -0.8954938350961195
1.3731573890341897, -0.3146154369113363, -1.1281743339789276, -2.3645523588607444, -2.383493007736475, 1.1580054834749323, -0.9568304118372781
1.3806028872517704, -0.3929508303888598, -1.0459103536844037, -2.3319811368398895, -2.3988671645039945, 1.1288530343229848, -0.9823838346733789
1.4096709430809238, -0.4708621238188444, -0.9928741498263784, -2.302673057792873, -2.41458388473501, 1.1000966385999522, -1.0096815803628632
1.441484725634873, -0.5470107884315256, -0.9634688269406428, -2.2873995377399137, -2.4536649960530115, 1.0797617876627346, -1.0481602130113563
1.472671651286639, -0.6217624074852148, -0.9521957656122595, -2.2796334695590996, -2.4869145813929867, 1.062067116597623, -1.083579023028121
1.487297413129543, -0.684907780166621, -0.9483977065091675, -2.2754992773837586, -2.5056219262838697, 1.049272867497196, -1.0992311117244578
1.494936241755374, -0.7308055150665114, -0.9551046940276748, -2.268736291372182, -2.5228865929215294, 1.0337550496902512, -1.1153140765172518
1.499384934161406, -0.7645695167676605, -0.964845200072908, -2.2643435835213612, -2.537674547932597, 1.0205884523979591, -1.1308516061517286
1.506378715581926, -0.7912543521500472, -0.9733497299193541, -2.2621532852661037, -2.5526236302789487, 1.0095941908784827, -1.1485815196505174
1.5140326510163113, -0.811121989272535, -0.978699681901162, -2.2629866055893118, -2.568919206800632, 1.0053397727886235, -1.1729353469927704
1.5227936026740867, -0.8253180177824531, -0.9800816247988893, -2.2646200807966936, -2.579754233474394, 1.004975626550249, -1.1863763826158928
1.516596763403431, -0.8177873367749253, -0.97496174542042, -2.26453196891576, -2.5691768312947625, 1.0109398085322328, -1.1709828389920158
1.5117151618881, -0.8066782214051482, -0.9685892296263097, -2.263350465902139, -2.565681011108749, 1.0128414930781044, -1.1653181475317789
1.5223670339885471, -0.8120725193198943, -0.9652828063549528, -2.2639714037304532, -2.579701104323698, 1.0089135222446597, -1.181516715259197
1.5320757314820002, -0.8208816329454613, -0.962068942783894, -2.26563090508162, -2.5883371358066922, 1.0088090247843313, -1.19086745065494
1.530022899940385, -0.8211472423912891, -0.9575351298287993, -2.2669668108916987, -2.5864756060021232, 1.0124123767025157, -1.1887537438374878
1.5281723807873524, -0.8217349753513297, -0.9552871191336196, -2.2670763910991223, -2.589224008416079, 1.0110329234928352, -1.1934650647528864
1.536085009129355, -0.8309071155296692, -0.9577928063215841, -2.2663230933390413, -2.600699023224082, 1.0034672404628582, -1.208446719174316
1.5403431575179596, -0.8389771207865513, -0.9597146750931653, -2.266308814015243, -2.604891646981481, 1.0021994265746734, -1.2143734645592978
1.529484067037016, -0.833633847377258, -0.958442099838992, -2.267636878236681, -2.5969460841656, 1.0088794452308836, -1.208394117229517
1.5209256417138253, -0.828208519943125, -0.9577309007413657, -2.2683905519576353, -2.5926034984426947, 1.011884673895378, -1.205046254094749
1.5220043068154672, -0.8314771871744906, -0.9576240112480097, -2.268518702647018, -2.59315970747043, 1.0125524510936987, -1.2039608225881455
1.5246048032669526, -0.8358759089611176, -0.957128402427589, -2.2689847185502785, -2.59527892573879, 1.0111041826052158, -1.2054852896181174
1.527925046464861, -0.8390824732047975, -0.9573846013044989, -2.2692592723313343, -2.5990505918935645, 1.0062799890139154, -1.2097123307516036
1.5206021386419915, -0.8335216935906047, -0.9537131691426541, -2.270084230675268, -2.58751051521949, 1.0111564119019967, -1.1952255483066079
1.4887774179154585, -0.804430123191529, -0.942788579253226, -2.272181192350528, -2.5594886031918005, 1.0217213688474809, -1.165625736105417
1.4579559480066662, -0.7730959566619386, -0.9303226948492656, -2.2734773908273116, -2.524878784149368, 1.028484029809742, -1.1169150088661537
1.4308031199558569, -0.7433846550230507, -0.9169459145338976, -2.2779778037812903, -2.482821657298719, 1.033472875735285, -1.0548056146700704
1.406444832121653, -0.7156476798288107, -0.9064230019194799, -2.2877370768910357, -2.4521507919892, 1.0449678187333191, -1.0094621076760468
1.384130458103356, -0.6915028504886171, -0.9029623261176329, -2.3060817975152066, -2.4274462143102733, 1.0636267868603628, -0.9742841465989036
1.3514671243515286, -0.6580420876958595, -0.9036174335978018, -2.328866471244485, -2.411361460195856, 1.0851691834902502, -0.9383833526897245
1.3046336662531077, -0.6059975652821743, -0.9118296915089186, -2.352616837423362, -2.4014920486436973, 1.1052644082626983, -0.9020358371582526
1.1948154637181725, -0.5345004128329833, -0.8683613496799278, -2.3802960752912483, -2.35637336854269, 1.1756019278402592, -0.8440832851154623
1.0385826239728795, -0.44984554952953726, -0.7787967201005843, -2.393477465348946, -2.31024602383283, 1.2623707318590123, -0.7766555169438885
0.8909919535834261, -0.36664860849299874, -0.6937104204584088, -2.401561452446513, -2.3029709513451184, 1.3054570188518184, -0.6980398900204845
0.7429344389641672, -0.27965901430161555, -0.6041757979756532, -2.4035058667549656, -2.3167738795274406, 1.3259017911926385, -0.6138491095029268
0.7865892472265044, -0.19769057130317602, -0.6856705697373506, -2.398656559822591, -2.3596034006481243, 1.288717520256145, -0.5711785225005643
0.9869223472617135, -0.10675245890667373, -0.9259291963961456, -2.400141780606792, -2.4120645215840923, 1.243144738877663, -0.5399478183365183
1.2216627742993635, 0.01675750302440271, -1.2173440310342603, -2.411770366310164, -2.4209159417622343, 1.2387765576194631, -0.4823343061724481
1.2565311567988715, 0.18168028244557366, -1.323010944201508, -2.422617954337518, -2.4179928330723346, 1.2356189234698274, -0.420076936142479
1.2662732941845336, 0.3481711070925222, -1.4201845441357932, -2.4216165735705797, -2.4218801655995694, 1.2325682741726922, -0.37682483160710234
1.2673117616133611, 0.4530492426154771, -1.5018677632854072, -2.411736904509633, -2.4354343618422316, 1.2306132057560273, -0.33490833307640777
1.2484550751014831, 0.5167217479959421, -1.5805332879927043, -2.387627981813079, -2.439489258880461, 1.2234317583272523, -0.30733460983443717
1.2104365240032644, 0.5574333261233662, -1.6512689012045332, -2.357506642310323, -2.43926874880954, 1.2123371557230316, -0.2817779617331251
1.1617281612376607, 0.596721205359672, -1.7148862758089702, -2.332906746114495, -2.4301355417994737, 1.2091709791469052, -0.25858803697942356
1.1074448537135906, 0.637922903093525, -1.7603924539896294, -2.316476625006061, -2.4183454940303717, 1.2081576314764568, -0.23620835649295113
1.1064430820296405, 0.6159201126512768, -1.8091219308457944, -2.3236424746068316, -2.487202747150878, 1.1695403296164626, -0.26670961895407785
1.1305305750846033, 0.5542801232250882, -1.8485988982229014, -2.3242251220674897, -2.56849910556301, 1.131539971484739, -0.2955667295694724
1.1256230613879845, 0.5379828023526612, -1.8644794810069119, -2.316843670491103, -2.5873047836382597, 1.1300304201058902, -0.2837898171480946
1.1159080920785387, 0.5524979720157059, -1.8753222750912713, -2.316242805752042, -2.6009192166141055, 1.1293437180656856, -0.2746571839094596
1.1100448053743586, 0.5702824395070527, -1.8795854039369413, -2.313829570405585, -2.6129184030476917, 1.1273054009543362, -0.27210311668188236
1.1076874560984349, 0.5873659452023148, -1.8798672564750127, -2.3097176912965534, -2.6259262312547964, 1.125355006726652, -0.26904475101308467
1.1079751646384466, 0.5993708230835546, -1.8757020170326255, -2.302551175040999, -2.6245974210111758, 1.1223891731921274, -0.26459108593549097
1.108811495661528, 0.6089425748329571, -1.8713086477930858, -2.2952990558272877, -2.6237885040816122, 1.1200022142787525, -0.2606064117643232
1.1089567936237001, 0.6203532536851126, -1.8707496185936954, -2.290462527780247, -2.6276591762645056, 1.1216264547782, -0.26078638269967236
1.1074980017892644, 0.6316700724603646, -1.8726674650181412, -2.286850172206414, -2.6308878777363924, 1.1236101687343902, -0.2615891932264738
1.1099435090672847, 0.6380809680148358, -1.878639706650496, -2.2859309817929656, -2.634489975270827, 1.1287964961652577, -0.26474140479045616
1.1118836823424543, 0.6420694466968362, -1.8853577188592823, -2.2857460363282014, -2.6377518149979133, 1.1338009205808603, -0.26741910937325386
1.114184839635433, 0.6429322363365975, -1.891602865941195, -2.287135689986566, -2.641226898410898, 1.1366895686629759, -0.2679345236832713
1.1162026069192432, 0.6425275588464867, -1.8969000706697958, -2.2893258647653036, -2.6442372407481782, 1.139404834654381, -0.2682643384874197
1.1183572872809062, 0.6377940730076084, -1.8983975542761655, -2.2918276952739527, -2.6454318331088613, 1.1395064346110084, -0.2679176919218147
1.1213360188191457, 0.6312413808759576, -1.8977098803438093, -2.2953147635104125, -2.644832236766139, 1.1400335220017288, -0.2701677183930542
1.1278121406868218, 0.6184159206920832, -1.8916671081036665, -2.3010364061113178, -2.6365028683693916, 1.1401922114584737, -0.27946257251860196
1.139174360927747, 0.6032777171746897, -1.8849530459820807, -2.309787483549875, -2.628150416117532, 1.1467716300663486, -0.28932816561220065
1.168253230024554, 0.5780515119977654, -1.881634231839377, -2.325484306934375, -2.6161132919248606, 1.1668245508506994, -0.30073620470881224
1.1992051816740092, 0.5510319904233594, -1.873231313797703, -2.3418244271432274, -2.600353322098689, 1.188983893597979, -0.3145348538563457
1.2328261405438763, 0.5221587791543421, -1.8580431482379183, -2.3564996925650616, -2.5737119915738216, 1.2136749029795881, -0.33388416427401246
1.2701052853369381, 0.4959716335049009, -1.8404790454919393, -2.3686257150519987, -2.5357279308724587, 1.2484310100295826, -0.3476677602496867
1.3127831621193078, 0.4773669695143816, -1.8223311186538318, -2.374334240441468, -2.4742422036012606, 1.2974229567710074, -0.35509164923806047
1.372992896494126, 0.45260278448110647, -1.8147537303579355, -2.3814975628815356, -2.440160423329429, 1.3327414833758606, -0.3868445948481174
1.4742723360101317, 0.3893776472153121, -1.8373897044529635, -2.3855767553105407, -2.4489244296447197, 1.3444824554656831, -0.44719940774954736
1.6012191436053245, 0.3160802327234329, -1.8862109431644765, -2.3841804011618155, -2.4507089351586338, 1.3581858972391245, -0.4974179896065305
1.7634682520264207, 0.23777380903827172, -1.9687048173120942, -2.3721744536777143, -2.436105924717163, 1.3598738199604163, -0.5367763578583826
1.927549076203423, 0.17121558102742718, -2.057313935284437, -2.354074657078532, -2.4149784591549857, 1.375941844640023, -0.5699729012618704
2.082469157883878, 0.1377587880740485, -2.149352925597169, -2.3381327539736594, -2.380870359424981, 1.4033888554174387, -0.5993222913175877
2.097744516592954, 0.09572086513390232, -2.1021586843854703, -2.306899537851776, -2.360644588947747, 1.400936043277949, -0.6267080818774815
1.9462594490719702, 0.004598707605103058, -1.8720628286051273, -2.2765871865552203, -2.3580081549727865, 1.3985221109356427, -0.6512600484405695
1.8111294563164382, -0.11196594843334573, -1.646728090464764, -2.2752024358510123, -2.3571621482245284, 1.3908507274340813, -0.6812559482850773
1.7173694702704125, -0.20769100604410617, -1.4747351541945397, -2.2760087591120053, -2.3643656578884134, 1.368417950910251, -0.7138082007299804
1.6590729037535805, -0.280588207642273, -1.3633646326444842, -2.2598996733862595, -2.4046889067708417, 1.31979983946718, -0.778574109216164
1.6332875501376218, -0.35706855096491097, -1.289424510428284, -2.229940258716706, -2.4650975845554175, 1.2472718788954342, -0.8602635488255146
1.616923432964076, -0.43294014918637025, -1.2316850277576483, -2.2023319085736572, -2.4917914172098623, 1.2132407794307154, -0.9029549481357009
1.5905554122517822, -0.5060182624854601, -1.1731898790051574, -2.181317661306985, -2.495428378613598, 1.193973643257375, -0.9281509302410154
1.5602937916725574, -0.5514724355081118, -1.1336214231351445, -2.1638156756967586, -2.489879442363284, 1.1918898772306354, -0.9430948697508299
1.5192448783878065, -0.5587056421573546, -1.1086516638965547, -2.1514801756047497, -2.4780541228577935, 1.1927070687359143, -0.9554807152839171
1.495484767149983, -0.5616434317706158, -1.0966441291439715, -2.1431619759782494, -2.470439130556854, 1.1881000173699068, -0.9666707428155572
1.4843908081154078, -0.564965300756656, -1.0881598511464547, -2.138986316709679, -2.464400190361583, 1.1846703111664727, -0.9771827125279238
1.475336324446288, -0.5640120760560468, -1.0768411451088333, -2.1376450680513592, -2.4622477343620286, 1.186991623547633, -0.9854252053977017
1.4674844561504043, -0.5585261689366767, -1.063888833800143, -2.137129214766043, -2.461896581800553, 1.1913007552539678, -0.9929747201501815
1.4681607859617527, -0.556326060851907, -1.0533896702100423, -2.135907559803143, -2.4642986513756764, 1.1936403544441454, -1.0001782726571573
1.472638936369293, -0.5583399164001577, -1.0440345208737911, -2.13555444605122, -2.466873017913075, 1.1969234579297918, -1.007074439655618
1.470940680630565, -0.5566930120179636, -1.0340474564741484, -2.136008667309465, -2.467522526741929, 1.2008144059656614, -1.0093995500196709
1.4654704075276657, -0.5520243834066587, -1.0263418131418858, -2.1365524174187023, -2.4673405631513443, 1.2035445927139063, -1.0113122881833938
1.4690054119805032, -0.5541695112133045, -1.0256820405732352, -2.136687122972491, -2.4691638227593247, 1.1992179499502011, -1.0145424204170332
1.4746581146231508, -0.5615610578079622, -1.0271382730746161, -2.138016864183646, -2.470453307870076, 1.195036305861505, -1.0177604702814875
1.4743980740729539, -0.5664820621898077, -1.0273858950603785, -2.1395384114390055, -2.470177954390884, 1.1939211028989707, -1.0196671348911988
1.4721853774661193, -0.5693957481867802, -1.0280722108644067, -2.140467008292214, -2.4699030062934906, 1.1922477343349325, -1.0216225918402522
1.4715131740374146, -0.5723581727751927, -1.0294529336070362, -2.1407373153406404, -2.4702123481176192, 1.1881086565633456, -1.021792207641365
1.47158140540233, -0.5752172260031188, -1.030193760130075, -2.1407808647877005, -2.4708239159557666, 1.1839447017760776, -1.0221503981964624
1.4763414626682723, -0.5827178618275948, -1.0312676563275147, -2.1414479851140573, -2.47504795107029, 1.1808172455285888, -1.0320804173997153
1.4820081726327787, -0.5921982132245223, -1.0312825012474063, -2.142764738739954, -2.478874587979246, 1.178998507150796, -1.0408280691299634
1.4732106336338466, -0.5887575307471327, -1.02639959763171, -2.143415538544933, -2.473762094829829, 1.1870750161604873, -1.0325782956601124
1.4623920213833346, -0.5797645839219339, -1.0219289959627016, -2.1431317449321954, -2.469266648640457, 1.1924424462945638, -1.0228784725872142
1.45751231255658, -0.5780494899496436, -1.0170038015226144, -2.1495107716276207, -2.466822861073741, 1.1860024073823503, -0.9981556219498433
1.454755145539239, -0.578998508256392, -1.0118145270098564, -2.159562371356249, -2.4641116377824197, 1.1798359654785724, -0.9748566818010174
1.4560277324994049, -0.5815736990028881, -1.0098571983533304, -2.177334605034095, -2.4673759498096945, 1.1642380057766442, -0.9595699437025109
1.4570638910859248, -0.5822961355124825, -1.0094349935113494, -2.199837913670655, -2.4679582003321725, 1.1529821172510202, -0.9428724285760444
1.4458939472366925, -0.5700414373897615, -1.009742784228111, -2.2260439646511463, -2.464047711808992, 1.1593207369479908, -0.9190285456533287
1.4176236449921156, -0.5466737868997376, -1.002300971804078, -2.255798714019627, -2.4485918907431143, 1.1794905620796685, -0.8845686320045782
1.2938495552546403, -0.47095325983668346, -0.9269332525430256, -2.288672404054199, -2.394739612982157, 1.239017496356598, -0.8188698647538839
1.1659670465454628, -0.39340673225227807, -0.8466351532987861, -2.312426759170811, -2.3515651816578194, 1.2918513009046348, -0.7575220957099722
1.024888715364245, -0.31299626930406976, -0.7514940217838966, -2.3348107045060553, -2.3345671911741004, 1.332519100226433, -0.7085659007887779
0.9448374369570001, -0.23368361453299702, -0.7060320410139234, -2.3522309661729244, -2.3258517212751384, 1.3503020467001141, -0.6627409201223315
1.120901381063086, -0.1513122221460046, -0.9050283561727266, -2.36188902027395, -2.3455832273535835, 1.3301549917743705, -0.6200095896337894
1.4267778895217873, -0.05124936859602158, -1.2461561650125752, -2.391479349641675, -2.364995120417132, 1.3276799844308753, -0.5832206372894646
1.6652094692201498, 0.07371202406331268, -1.5310821886614256, -2.4415459186043504, -2.3937818193522906, 1.3592340035754278, -0.557588209171608
1.6722496524149664, 0.19669373045178862, -1.6035821009130498, -2.4602259993647113, -2.425664788449784, 1.3661212400428786, -0.5171516729466328
1.6055464228981169, 0.3312166013531854, -1.6519292176210296, -2.441740316627718, -2.4376504188823356, 1.3553739783991379, -0.45552213897286364
1.5038918747323624, 0.4451592880055095, -1.671763213830479, -2.412478134648623, -2.448760188371387, 1.3260901438143051, -0.40391817913840633
1.426844439368363, 0.508971570880167, -1.7124486949546682, -2.386303676669397, -2.4610412188152972, 1.285142787788656, -0.36408847584423043
1.34232606628043, 0.5468663964008362, -1.7349971005779778, -2.3607237693871124, -2.480178661320596, 1.2446642182400982, -0.33585794052739626
1.273833510189828, 0.5553301954258112, -1.755996248013215, -2.341042586564309, -2.5079461060934127, 1.2061020447023338, -0.3204047731308508
1.2168595393306436, 0.5594194721479591, -1.7755157353703588, -2.3256903757405674, -2.5319663907155485, 1.182000926787568, -0.30344706320395165
1.1800952595364045, 0.5645954521335703, -1.7992879967082605, -2.316516144747929, -2.5488771128880385, 1.1702436087655972, -0.28559477999355476
1.1547035833601775, 0.5709159358562257, -1.8203633957381005, -2.30822723754859, -2.5695855761981106, 1.1618613673412828, -0.2744678252822794
1.1458182255460425, 0.5715212744202471, -1.8411272926555853, -2.301203701530305, -2.5926143906448607, 1.1560016740024501, -0.26910594573849345
1.1351626928407654, 0.5768898230412356, -1.8531528672435265, -2.29022484653391, -2.604812956360427, 1.1487125598805434, -0.2539763210883397
1.1200510660333567, 0.5922961570949958, -1.858729992525495, -2.277254443949264, -2.6068688911493245, 1.139873483026193, -0.23274770281857293
1.1111061777971045, 0.6096634792785967, -1.8668735008520514, -2.2661323607475943, -2.6075642429109704, 1.1370577715264139, -0.21749342505154523
1.1086860353549692, 0.626075871786294, -1.87694995959224, -2.2590366839226146, -2.605523439839752, 1.1389529835208387, -0.2062591683510595
1.1100110804520602, 0.6410680669805631, -1.8896134453409115, -2.255751652970181, -2.6143261371511874, 1.1458157655357883, -0.20403492836322812
1.1149709610934497, 0.6533670527641133, -1.904080604060379, -2.2568180097727044, -2.6298408740063026, 1.156529299436273, -0.20646685446193125
1.1198224791161113, 0.6608214070639473, -1.9155113548739724, -2.2576797391332253, -2.6382082260990574, 1.1642679258311546, -0.212463762615009
1.1261135428970466, 0.6616879953427004, -1.9240335430936497, -2.258040684360129, -2.643116967121654, 1.1711569539141333, -0.21996668285525445
1.1320781538517242, 0.6612877206926502, -1.9315277677942166, -2.258550582999593, -2.646332749773392, 1.177568850990827, -0.22961062358163709
1.1380739830366897, 0.6602095321355019, -1.9383063873442197, -2.259099523147233, -2.6487637998272797, 1.183810201329008, -0.24009361504207583
1.144196980858565, 0.6593248505507585, -1.9447267060446407, -2.2600689985048703, -2.6497545051812574, 1.1887074610898383, -0.24893084124748377
1.15053865213212, 0.658582886409862, -1.9507192979324124, -2.261693582269766, -2.6500592032004056, 1.1931618930544632, -0.25727368690537844
1.1562698046890407, 0.6568817389026389, -1.9549859004910175, -2.2642403059475136, -2.651503352459671, 1.1942954448539327, -0.25808859267138295
1.1616279985243274, 0.6538055327570635, -1.9574500698609913, -2.2684482405196196, -2.6535178622047644, 1.195446428207739, -0.25708576837507735
1.1690017729512974, 0.6448558472112218, -1.9557635163789753, -2.2745534656935256, -2.6496350288090653, 1.1932260558962513, -0.26621139639015645
1.1783680640006837, 0.6303053366195055, -1.949240055630331, -2.283958265215528, -2.644711616959391, 1.1925959610265346, -0.2770464309717511
1.1904133916080086, 0.6103349920896104, -1.936859630708807, -2.296327440074199, -2.632160684432816, 1.19486892284106, -0.28831134028141925
1.2051145096085962, 0.586131577341531, -1.9182382510874332, -2.312804391085301, -2.6188969729841958, 1.2006112953384562, -0.29955882342099827
1.2191224828764007, 0.5605472383134575, -1.8905545059682085, -2.3277453621420907, -2.593622496940136, 1.220393894035512, -0.3176331941626902
1.2356423590429602, 0.5345380540379949, -1.8567036682244176, -2.3438274052462003, -2.568424928632055, 1.2440410798112769, -0.33630182541097753
1.2618762070630938, 0.49683516645293757, -1.820138115480602, -2.356440371345151, -2.543109043031037, 1.2693632122006813, -0.3644264033076361
1.2930606643525522, 0.45175385287519987, -1.7807342014656964, -2.3651993972758785, -2.519630151029461, 1.2953587508267352, -0.39226200373931874
1.3337675624894025, 0.38392503549339807, -1.739326464257843, -2.3675587710788077, -2.496834696043737, 1.3072344703082655, -0.45024552334809975
1.376175786941313, 0.3093116727684677, -1.6982206318767998, -2.364236136535924, -2.475033164867053, 1.3189952395923, -0.506367237815839
1.4138759831590013, 0.23474736935046714, -1.6563546102019062, -2.351479026270555, -2.4453999758588143, 1.3425529370356264, -0.5417864367813774
1.4375939783225, 0.15961097341160801, -1.6040793217661085, -2.3334462566396166, -2.4160136244471246, 1.362733577435221, -0.5769202989236177
1.3065223840847455, 0.08452432273624311, -1.397315854847708, -2.303895973420647, -2.394658923678067, 1.385782312935886, -0.6083336185050516
1.0872076441515013, 0.012060982762122308, -1.1023307465577972, -2.288525553591758, -2.374761156369167, 1.4216724356094117, -0.6406316195107813
1.2539661330579905, -0.060152370589497295, -1.1971546544582754, -2.267984388393896, -2.385263623486874, 1.413060333970618, -0.6795582531768414
1.439625490466403, -0.13531003605588054, -1.303913783117581, -2.223686176564777, -2.4067370545239504, 1.3846886499554465, -0.7229205086489507
1.586179534624927, -0.21284397956365453, -1.3746429166340572, -2.185029105840659, -2.469638273359897, 1.3368454920779058, -0.7927750599778118
1.6749504489350464, -0.29118027683856873, -1.4028017055471143, -2.1561751817361667, -2.523435279382981, 1.297700127541292, -0.8541675188426012
1.7290845642607469, -0.3670903837015498, -1.4126597890531816, -2.1305314042690195, -2.5507319265712107, 1.284400930110598, -0.8828046983984201
1.7620895705915167, -0.44402833894742777, -1.4117144751280666, -2.108348790019342, -2.5740746449065552, 1.2724118705057332, -0.906335165311603
1.7765227892181485, -0.5040786938783999, -1.4095232627487118, -2.089067393692809, -2.587557552499425, 1.2637579795017668, -0.9113808142357218
1.7800882887893668, -0.5454969813680375, -1.4073795484110594, -2.070297577823986, -2.5974325614801, 1.2567488624702259, -0.9196124125338869
1.7711904287412832, -0.5639404562075114, -1.4022578252846447, -2.055585485564558, -2.5974274266496433, 1.2588732363280846, -0.9355364287028785
1.7640027229480655, -0.5743439077072559, -1.3947788894952682, -2.041101211490899, -2.5997826706879863, 1.2593394424852749, -0.948128064355684
1.7631894660970708, -0.5793795670633397, -1.3885656132220703, -2.028124439658429, -2.6072348557580494, 1.2580132957802084, -0.9526754880456529
1.7666832631693303, -0.5819250742691526, -1.3805947568592742, -2.0174933964555475, -2.613320256097536, 1.2579268384383493, -0.958092536312039
1.774009411492603, -0.5794640446308934, -1.3744866560667424, -2.0081297409501637, -2.6160725512369503, 1.2574431161628157, -0.9655293352424312
1.7817088953659912, -0.5748337243005013, -1.3677337319397331, -2.0005236209170034, -2.617974235090834, 1.2591999618156615, -0.9724529276501404
1.7865074015467588, -0.5651262858796464, -1.361930534525003, -1.9947312879801453, -2.6181659563056936, 1.2631427529610475, -0.9788833705700242
1.790532511994133, -0.5558765501859284, -1.3566029316264174, -1.989144131657027, -2.618890001702633, 1.2663878616530537, -0.9835294868485676
1.794054266315806, -0.5497434166838673, -1.35169171045189, -1.9842599002009385, -2.620422544060732, 1.2690247181441237, -0.9856348106256494
1.7956371263348245, -0.5450897636149854, -1.3473293425359145, -1.979821648106265, -2.620478751276271, 1.2723153554208713, -0.9882659934702147
1.7942708234190548, -0.5414067181558426, -1.3428731145062445, -1.9761573198309481, -2.6185106844707295, 1.2761862618918052, -0.9916418962134035
1.7939661328673395, -0.5408410100090659, -1.339919566915114, -1.9724439266901186, -2.6201071241096834, 1.2742649373540509, -0.9903819965079634
1.7970430882846475, -0.5472562873055882, -1.3374911131065126, -1.9690012546240299, -2.6257743808687337, 1.2672123675676303, -0.9843458597725059
1.796381668575414, -0.5513081514757596, -1.3349133254078893, -1.9667004659731067, -2.62654556764263, 1.265128074169466, -0.9831297631112017
1.7895571639595431, -0.5471153255924417, -1.3331499619767486, -1.966337125300483, -2.622052291088285, 1.266465683775155, -0.9865605291167308
1.7837068390998922, -0.5428545579261534, -1.3315241401352687, -1.9656893443780783, -2.6158840129661014, 1.2667767393073515, -0.9937757836147485
1.779804898165537, -0.540522711584055, -1.3295516743948852, -1.9652789277142526, -2.6077922715311272, 1.266780860401683, -1.003707455560904
1.7777805204189239, -0.5394319669875163, -1.3283342400060478, -1.9655924159161273, -2.6059943337802647, 1.265689843840466, -1.0046932653584983
1.7776054933638434, -0.540207787472399, -1.327676746084629, -1.9663380331686984, -2.6089433711199455, 1.2644776603136219, -1.0002379566597615
1.7768092301240692, -0.5403948956262576, -1.326509571761358, -1.9669482563497684, -2.6081620577706417, 1.2650965932191935, -1.0009604674234538
1.7752175991228114, -0.5394160349936783, -1.3249291179354081, -1.9670705352374487, -2.6051442958157907, 1.266341505474288, -1.0044370041505761
1.7745206756665475, -0.5403186983025225, -1.322697235038591, -1.967126374420765, -2.6046165889768487, 1.2661021575664702, -1.0050534715451853
1.7750951908964865, -0.5442273169338758, -1.3196060719091411, -1.9672518393762903, -2.6054560603364516, 1.2656320686814997, -1.0042023289069224
1.7723103278533312, -0.5438211818596077, -1.3168252216856153, -1.9677021541759387, -2.602214966705702, 1.2700133601785835, -1.0077368089757393
1.7664821029049858, -0.5380198117845145, -1.3152397672282596, -1.96847521391755, -2.5971239062144864, 1.2753975038088265, -1.0130852831321029
1.7671779478827432, -0.5400347607305163, -1.314582958759983, -1.9703051923362214, -2.603043460551607, 1.2701176552287334, -1.0046118053380049
1.773081726513098, -0.551050395620023, -1.313677839616302, -1.9741741077255508, -2.612390312002013, 1.2634860197267797, -0.9916970285842783
1.7779449768668556, -0.5594717927055894, -1.314543691237681, -1.9812191297155088, -2.617275065007396, 1.253984710120597, -0.9830755983070567
1.7820567084533963, -0.5645157103583331, -1.3177344145846597, -1.9916819037433164, -2.61967745630346, 1.2437653921951073, -0.9758440485371889
1.783046651091155, -0.5617263708306748, -1.3232932136426108, -2.005293685633326, -2.61812872728974, 1.2349864500639276, -0.969900507597039
1.7826890360189065, -0.5527455252121456, -1.3308414543950544, -2.0216756346511175, -2.61497197271959, 1.2263108259761486, -0.9646364900494184
1.7856001190553084, -0.5404723965518601, -1.3416738440723393, -2.039496254517344, -2.6127167451604327, 1.2109399668045944, -0.9557062235069171
1.790067005458452, -0.5260309333855187, -1.3536140839986697, -2.059505301351516, -2.6099722975911606, 1.1952074413215863, -0.9465265146177231
1.7750508544331485, -0.4879439480459533, -1.3605832273022784, -2.087739083668348, -2.6014302133404765, 1.1893508097484142, -0.9319608213256076
1.7539392856963225, -0.43334167326604867, -1.3679444541500114, -2.1174634055566344, -2.5919759136848057, 1.1815912873604608, -0.9179391616825336
1.6964260900063746, -0.37014359354448256, -1.3396022529747666, -2.1550867117095738, -2.573623595070435, 1.1877246304142908, -0.9097567578061048
1.6336673280816125, -0.3019146803127821, -1.3038559233572897, -2.1857487827345032, -2.5573874843657807, 1.1898914043545128, -0.9027282668950436
1.5146571346782096, -0.23135536990134042, -1.2087437734985471, -2.2215038299617884, -2.530954780589128, 1.2033214496476, -0.9390643308806306
1.4043489598286119, -0.16124005702975897, -1.1212556796343245, -2.2487536119671745, -2.506740710184915, 1.2112412690161944, -0.9739291483171977
1.3022834064522346, -0.12829148882152275, -1.0246870815647897, -2.2894350839761746, -2.4995923572024026, 1.2069497425930242, -0.9756358417280575
1.2288018752742875, -0.11391516354501885, -0.9496895905387293, -2.3298614168150493, -2.493890070399792, 1.2047341374103793, -0.9737934266435389
1.3298928342758298, -0.0386290300054295, -1.0721649819793528, -2.3407874152867887, -2.500828724256486, 1.198456461444918, -0.951436682194057
1.453033206141063, 0.06761339521051024, -1.2261373305272967, -2.374525699244698, -2.5013628277951456, 1.2091868581862952, -0.9256394917912303
1.5540506730824957, 0.20372831857205131, -1.3580623364419742, -2.4102772103336623, -2.4800881503726915, 1.2399053627274839, -0.8744989143635298
1.6467794482938585, 0.3454599210230205, -1.4685974980753853, -2.4410405038660876, -2.456118129728397, 1.2699507521501054, -0.821482007490145
1.7436424311091763, 0.4789149379020259, -1.570696892923837, -2.4516331209018816, -2.4173531740893504, 1.3298065745434062, -0.7549728369082311
1.8345775138762548, 0.5959302601668579, -1.6623353532340674, -2.4489078301762266, -2.388932490178922, 1.3737017168673784, -0.6987490165862535
1.9276116284256624, 0.6542604281583007, -1.743067528466761, -2.4434545315115654, -2.396135553039702, 1.3853477169680497, -0.6751267029886687
2.0265195851889004, 0.6888044351203728, -1.8237262736604078, -2.4407737382829175, -2.399566289198832, 1.3972690301690207, -0.6543228418977307
2.1203241463340845, 0.7116570693872974, -1.90121365043984, -2.439348380135767, -2.397529698559058, 1.3991477506579395, -0.6430892206121754
2.175864562486151, 0.7364873032543233, -1.9690981748388454, -2.4352345182202617, -2.3954719585438555, 1.3986585433419911, -0.633416453489164
2.1936585161303324, 0.7517092013396391, -2.0181775786606027, -2.432050461185118, -2.3879692024537817, 1.3917644378312293, -0.6292291308494358
2.1904825096767233, 0.7585228238773922, -2.049544065183281, -2.436952778327238, -2.3795473541687304, 1.3882172666401509, -0.6232772675382066
2.1778657098332594, 0.7580824604926928, -2.066332699804147, -2.4468168256158664, -2.373002386688208, 1.3868147826395463, -0.6130303972345432
2.1631678014041356, 0.7566613271500344, -2.0739818609348495, -2.4583035645920246, -2.3675121629189766, 1.3887515330070679, -0.6048849735693258
2.1452978708029207, 0.7599829560949631, -2.074004554296777, -2.466444466458708, -2.3648807716705518, 1.3920380971604693, -0.6001657359147616
2.1347442929509057, 0.7646689973336045, -2.0742052554529344, -2.471764819724542, -2.3630181973285165, 1.395141427416978, -0.593753776627497
2.142047893807293, 0.760684135810628, -2.0807591632254177, -2.4736536772125257, -2.3607522715000684, 1.3983313815033496, -0.5842718130518598
2.1500264660431707, 0.758362286526661, -2.085902863362577, -2.472460198595809, -2.3624976070625276, 1.4035004955288972, -0.5789083852321131
2.153850658298472, 0.7634105466080436, -2.0887829727965705, -2.4726768878588796, -2.368892890192745, 1.412527018880085, -0.5788070915145482
2.1566950750922373, 0.7688187642732167, -2.0899211073988244, -2.4733190294759204, -2.372111653750525, 1.4169218340993606, -0.5787704664520277
2.158166187402342, 0.7705887471361663, -2.088568830451517, -2.4722088163156677, -2.372352813690144, 1.4163534149706933, -0.578688972620208
2.1591803278981185, 0.7710086267435665, -2.0874852721307597, -2.471373833902992, -2.3726732653996425, 1.4162193809112669, -0.5785726368557933
2.159556362319865, 0.7709588245071561, -2.086974365352022, -2.471131726210558, -2.372767918958697, 1.4162548406667765, -0.5784923874934123
