-1.0584596751415454, -1.391074508516894, 0.9144925088404747, -2.6525652622981344, -2.1824306060426917, 1.9871730861434358, 0.03297159852920295
-1.058776225897132, -1.3910271976195459, 0.9147091024739673, -2.652136039739852, -2.181116703296178, 1.9877142600822868, 0.03412136833474477
-1.0592729260419294, -1.3909381604868711, 0.9151554343613046, -2.65146833033927, -2.179807860566414, 1.988286272116877, 0.03529425525855778
-1.0597430518141557, -1.39089575954101, 0.9155580091854842, -2.6508686957781267, -2.1792975542931003, 1.9888405214540867, 0.03635139963514522
-1.060201920713931, -1.3909266524290516, 0.915726369110673, -2.650459922038264, -2.179510890332404, 1.9893329507597244, 0.037272801033236824
-1.0606791081737512, -1.39093669050194, 0.9157862451866157, -2.6501277023213117, -2.179747132804904, 1.9897838515064041, 0.038149864251767696
-1.0609468895067078, -1.3909561642921648, 0.9156094065121101, -2.6500718968305685, -2.180807272600532, 1.9901294090938677, 0.038588631066684975
-1.0611070868043182, -1.390978649519166, 0.915285764030199, -2.650114763480837, -2.1818281737537095, 1.9904520782618285, 0.03902767896109527
-1.0611370817345351, -1.3908881524950232, 0.9148860486959434, -2.6500806218483426, -2.182250119997928, 1.9909690754358138, 0.03950150516074391
-1.060858807146384, -1.3905585101674172, 0.9143511333897729, -2.649933030540553, -2.1823163333487408, 1.991604433175354, 0.04002600427051917
-1.0605085632568407, -1.390230097019689, 0.9138092716616972, -2.649704336401382, -2.182171286779009, 1.992261739773415, 0.040330873039202686
-1.0600649130929032, -1.3899654602552474, 0.913539566386695, -2.6493233799848, -2.1808378898490295, 1.9931739337653642, 0.03980413625983026
-1.059534423124573, -1.3897940267839077, 0.9134672785445721, -2.6488794949394956, -2.179561083238328, 1.994145757346958, 0.03928190991889835
-1.0590346178239027, -1.3896054922598458, 0.9134937453328371, -2.648421052752602, -2.1785132455115885, 1.9947898158827542, 0.039765223496019075
-1.0586883687991389, -1.3893106336991616, 0.9135198325797127, -2.6479780355773785, -2.177535767382702, 1.9953022389749115, 0.04056843109402042
-1.058457324077203, -1.3889576604124816, 0.9135156793317369, -2.6476421845099507, -2.176896820123247, 1.9957674863842634, 0.04160017775029168
-1.0585225423205538, -1.3887093949919658, 0.9136165318239504, -2.6475489904690113, -2.1771921432919434, 1.996126809021316, 0.0430717077286511
-1.058738822759378, -1.3884467067504218, 0.9137839983684133, -2.6475911192347503, -2.177459515355812, 1.996543123570497, 0.04453006753273492
-1.0589245172937884, -1.388159013147252, 0.9139387357975561, -2.647679515251978, -2.1771994040667213, 1.9968691689722036, 0.044925187833882774
-1.0590095893524323, -1.38791475005155, 0.9140217203862893, -2.6477422358400524, -2.1768215218383817, 1.997140271053457, 0.04513855939282507
-1.0588789669765841, -1.3875982812984766, 0.9140903847827619, -2.6477649507924035, -2.1757811588434706, 1.997076458572515, 0.0450391254575786
-1.0579363291340051, -1.3867831397774077, 0.9139355259281903, -2.647867113307429, -2.173500015487825, 1.9965412916165661, 0.04457291756971049
-1.0567685137557046, -1.3858682421241513, 0.9136309293117506, -2.6479340286296456, -2.1712416823134646, 1.995989931188337, 0.0441242595588891
-1.0562000708067263, -1.3855617454361937, 0.913373149865981, -2.6475824380327095, -2.1696799756833256, 1.9969624398398196, 0.04304865206131492
-1.0560315208062745, -1.385737427640775, 0.9134745894957659, -2.646963531850666, -2.1682561052310128, 1.9979775456750328, 0.041911448911386096
-1.0561750473532614, -1.386063864103571, 0.9138673152677343, -2.6462218495049026, -2.1674630818947715, 1.9983808304016026, 0.04178023056554192
-1.057740283173037, -1.3866123020814953, 0.9147442839614195, -2.645154271052995, -2.16745572113573, 1.9979373383349586, 0.04262986860261453
-1.0597368941872967, -1.3870517377994975, 0.9156943139523861, -2.6442232274742024, -2.167425172346208, 1.9974959513445523, 0.04346950599198518
-1.0618503168906228, -1.3873948040081956, 0.9167841119809035, -2.643686054425392, -2.167550255705054, 1.9961604409638092, 0.04460999700436297
-1.064023046353527, -1.3877214193059917, 0.9178803230381467, -2.6433357783412523, -2.1676507228301833, 1.9948800332987844, 0.04573759561139923
-1.06602809669302, -1.387921123117886, 0.9188557238615997, -2.6429120132088917, -2.1670826050127054, 1.994195209024232, 0.046509632156247704
-1.0675472814836118, -1.3878398331650965, 0.919651916250297, -2.6422690102447968, -2.166025978509798, 1.9939427696579735, 0.04709638354287371
-1.068909434646721, -1.3877638321545405, 0.9205008316512142, -2.6414909174027343, -2.1648794970307677, 1.9933347813493718, 0.04779055255581888
-1.071249731856187, -1.387766230395802, 0.9224489196092431, -2.6405129430736114, -2.1626127845359893, 1.9900962775675595, 0.04924098945058031
-1.074268401242171, -1.3878212091300943, 0.9248811212880552, -2.639556509471694, -2.160415998134657, 1.9869841581558525, 0.050661344231926364
-1.0786364729939768, -1.3868567302856984, 0.9285530986007959, -2.6384954511881817, -2.1615227137797106, 1.9817430652371542, 0.057355698523698706
-1.0858911993140792, -1.3839745484419925, 0.9342110831610038, -2.637078996204088, -2.164466060561656, 1.976018968047434, 0.06621590080499473
-1.093819273518986, -1.3788103135307246, 0.941054683935926, -2.636742710265728, -2.168555475751326, 1.966556189781194, 0.07604944134526548
-1.099842123530494, -1.36012674749474, 0.9521711813208302, -2.6363847615791043, -2.1774327542397938, 1.9448002801912576, 0.08922956022242179
-1.1067212331846212, -1.3355888591690537, 0.9638739859140282, -2.6371551122334314, -2.1861931506810475, 1.9252899765933247, 0.10244858545521929
-1.1036506975276161, -1.291230211563386, 0.973797969343182, -2.6413588246846853, -2.2065395401900627, 1.8847997589778007, 0.11601359806735267
-1.0875172962734183, -1.2206017446006525, 0.9754856885387015, -2.646286295710153, -2.2299389009338917, 1.8406772872421797, 0.1305669813695003
-1.074111181803465, -1.14781074434363, 0.9735218929762324, -2.6517570677581723, -2.25501492287888, 1.8029364862261463, 0.141238232774489
-1.0709603800051601, -1.0787178358162794, 0.9670043457978865, -2.655601025604083, -2.2858988950797414, 1.7769907858513676, 0.14348302217619402
-1.0723706612821209, -1.0107684581817038, 0.9586413456475169, -2.6603355082687035, -2.3160427233317975, 1.749899141278636, 0.14550215998354066
-1.0942912416969408, -0.9512780982510831, 0.9598071562935937, -2.6591213184624474, -2.332099952262203, 1.7224306360455728, 0.15076762502156615
-1.1301837735307698, -0.8987883994918375, 0.9642496416278394, -2.6549378813177897, -2.346682675734815, 1.6930720714767773, 0.15566018545244464
-1.1807552812580182, -0.8588744230025451, 0.9746672629568494, -2.646034334794721, -2.347764902558229, 1.6875892957301053, 0.18107448594980902
-1.2742923378140771, -0.8685028649791837, 1.0117823576522254, -2.6318561186759855, -2.330613733690618, 1.716983355739556, 0.23046912106169604
-1.3716112110854946, -0.8918437401239077, 1.0504293763436934, -2.6154812101183262, -2.314391880950393, 1.7424151823891698, 0.2793934897672452
-1.4450310291066897, -0.8908134170928461, 1.0709592398773875, -2.5977948528686072, -2.307549246356089, 1.7411882426089562, 0.2985647133874716
-1.5091721034573782, -0.8712202382168508, 1.0806117453039032, -2.575461265786914, -2.300461763978321, 1.737863295336762, 0.3187714280283336
-1.5638515346563642, -0.8415278846556751, 1.0825261389538587, -2.5577606842583585, -2.3099373650875936, 1.7189476701035318, 0.326879316335396
-1.5973586461240084, -0.7950670165601457, 1.070217589265595, -2.5430936620838436, -2.3345256605699536, 1.6849670568099349, 0.3260144170627255
-1.6304929006216566, -0.7485893306875724, 1.0582152615510347, -2.526649714076582, -2.359680413121559, 1.651414997166933, 0.3258923565874845
-1.6627900067263122, -0.7178188012450324, 1.045130103865664, -2.5154728059827827, -2.396074038308374, 1.6271399445528996, 0.3304306996436077
-1.6922979596111647, -0.6972571552790416, 1.0342800243339285, -2.5055061019674376, -2.4320926617763057, 1.6018222641741868, 0.33463366496091407
-1.7130571232931677, -0.6783324642170152, 1.0228291815785768, -2.4940822608550093, -2.4626386315414415, 1.5769645028655592, 0.33371663065526214
-1.7231189446689372, -0.6602005025233115, 1.0110229376701207, -2.480648873311468, -2.489245467087919, 1.5518496058485542, 0.3303454276484956
-1.7300543687164227, -0.6441618796565365, 1.0016782518035816, -2.464899613657515, -2.5156502440583317, 1.5286671252115003, 0.3261139690658137
-1.7296874662143145, -0.6331447733666726, 0.9910511554322676, -2.4520106454610993, -2.5327944439530317, 1.5173170811603427, 0.317342807576102
-1.7275256130966383, -0.624670482591628, 0.9827020373237394, -2.440504906278348, -2.550118706679994, 1.5063579266960279, 0.30855367752142726
-1.725545165934518, -0.6202272648572595, 0.9760573781235324, -2.4307141077938974, -2.5596205163076675, 1.5022187657185597, 0.30421128388129226
-1.723804736093193, -0.6213860659814721, 0.9707899887587752, -2.4256857802132608, -2.5644965871941245, 1.5017265701811304, 0.3011234455715428
-1.7222648133729175, -0.6225804534963277, 0.9666801078271581, -2.421289540641501, -2.5686932976252344, 1.5000524001467568, 0.2984430251860761
-1.7225125668319876, -0.6233445718633845, 0.9650663691967951, -2.417263005170362, -2.569901661714228, 1.4940446747455862, 0.2969555274387101
-1.7228861149918178, -0.6235243912056596, 0.9634988055070712, -2.413511749856684, -2.571240596889611, 1.4883374567907204, 0.2954541274281386
-1.724138711100176, -0.6254636570344942, 0.9615365203254873, -2.4111924325452803, -2.5746111039455464, 1.4891114106453038, 0.2921541731736781
-1.7258914096786793, -0.6288536121136552, 0.9600487713767754, -2.411420442087338, -2.5781561920402325, 1.4921346277748757, 0.28830965281165
-1.7288049693635354, -0.6319405143948291, 0.960220878627152, -2.4117607987090954, -2.579450498321723, 1.4935571274652784, 0.28335210901487073
-1.7351131821685062, -0.6351483867858683, 0.9642825385022427, -2.410600263987959, -2.5766333182786774, 1.491316217663007, 0.27651059323670957
-1.7409479084884367, -0.6384534086637093, 0.9684987788875459, -2.4091126202755344, -2.574101509908174, 1.4890687041673019, 0.26969600954152106
-1.7386905439987883, -0.6377853676692702, 0.967063038505029, -2.4086620497746374, -2.5793305793263777, 1.4826662430221162, 0.26742297660227976
-1.734236569975339, -0.634686653196729, 0.9642014032959372, -2.4069238069098597, -2.585507747282021, 1.4753494059308743, 0.2658171897403694
-1.7305192534428215, -0.6324695457290295, 0.9613525941028174, -2.404676017202842, -2.588491881726534, 1.4723977335489078, 0.26469628074025664
-1.7278529267422496, -0.6327069258767022, 0.9585404403074334, -2.4032052798219317, -2.587148089399455, 1.4748473657742451, 0.263767477083233
-1.7253176244364763, -0.6333251805081836, 0.9557382777068932, -2.402207821781456, -2.5857947399952215, 1.4772572292785053, 0.26281429540884815
-1.7240570094996128, -0.6329446646372645, 0.9544801447793363, -2.4020723297699975, -2.5861292831307825, 1.4737750897851782, 0.2631821527104625
-1.723159884451241, -0.6315844625680755, 0.9535804020386154, -2.402605376734207, -2.5865007075796136, 1.4706552685995842, 0.26357037158488517
-1.7240612657595769, -0.6304153968257191, 0.9536794246595992, -2.403399559103664, -2.5872794454631034, 1.4684332607121107, 0.26117687061332084
-1.7272255009875614, -0.6304410735067858, 0.9551393774590782, -2.4046037684935024, -2.588644319325013, 1.4671053535082113, 0.2566221065625882
-1.730287260955615, -0.6307410654735861, 0.9566231850725577, -2.405933818446953, -2.589136481439562, 1.4662106708936182, 0.2530824341448197
-1.73381519876056, -0.6337429550458218, 0.9591885111573433, -2.4091429790555745, -2.581321180207733, 1.468672204898251, 0.25553108621875253
-1.737009870151013, -0.6378036388011932, 0.9625095500858389, -2.413840441102617, -2.5733575162175697, 1.4715836299790794, 0.25788888578559277
-1.7422438724167026, -0.6447381363932454, 0.9685230740854038, -2.42066833703974, -2.5638381857003028, 1.4744427365141037, 0.2610042434135016
-1.7491247803554657, -0.6566590055739816, 0.9780624254986634, -2.432907694539611, -2.552780172597819, 1.4785261648704688, 0.26414575097637716
-1.7548139401286846, -0.6688259962734158, 0.9891367090051313, -2.4464430537080117, -2.5409476857649267, 1.4824804445321123, 0.2673178822965019
-1.7577350651873882, -0.6817116403665366, 1.0026049946505928, -2.4636145958668516, -2.5240661527551396, 1.4836195448860083, 0.2707835001804142
-1.7592325258769304, -0.6950642688864654, 1.0182348536674901, -2.4820270315285127, -2.5075334978847366, 1.4857315685199959, 0.2742523264667982
-1.746820278600957, -0.7012539439280685, 1.026128374334907, -2.5038213412018377, -2.5001600702096622, 1.4815500413116522, 0.2659647068657396
-1.7252558832003722, -0.6996131212125247, 1.0296345332249661, -2.5257950976483814, -2.4954273134677427, 1.475175588696941, 0.25520874627101975
-1.7023739958064343, -0.6973355558080181, 1.031323375536327, -2.5484050599511603, -2.4949023415106684, 1.4708030745001004, 0.24242742214915403
-1.670082702896857, -0.6943654012509466, 1.0244214185544207, -2.575791218778753, -2.504009349861372, 1.4706494159555694, 0.2254577326932541
-1.6379944424789024, -0.6919413935897394, 1.0177832827201287, -2.6034215549359407, -2.5126928740598746, 1.4703767660751952, 0.20848577177005723
-1.5912677418921808, -0.6836576746078302, 0.9995661591289737, -2.634027179565156, -2.5323148344317232, 1.4707377682810163, 0.1797945116823083
-1.5381067046016303, -0.670680455581306, 0.9782857059818442, -2.664201102960713, -2.5539055135871465, 1.4708319320468073, 0.14998787902263366
-1.5164879191926532, -0.6789956986639973, 0.9850895640801669, -2.687862580443727, -2.547537745715311, 1.505486319698785, 0.15821591277613667
-1.562439282829133, -0.7586016407465541, 1.0555162749899285, -2.711296543421665, -2.4972253028501914, 1.5945884413828013, 0.20862288112382998
-1.5988678930967337, -0.8455749203810479, 1.1301488958174932, -2.735463692022969, -2.4488887103753774, 1.6833016674874113, 0.25931151530620156
-1.5778255585200407, -0.9277042411577439, 1.1566588525100014, -2.774833712283468, -2.457752076709408, 1.7458717034028304, 0.2579353620178084
-1.5307196136948544, -0.9939459625573663, 1.1657674538261649, -2.805082492803318, -2.4687898723960746, 1.7956617940906838, 0.25629837681025425
-1.4796799613980536, -1.0459599588034019, 1.172239202852202, -2.8266399253380543, -2.492029393906403, 1.8476553361658592, 0.24735861294611805
-1.4210590641382996, -1.0835228836989517, 1.172432787473812, -2.844215632201265, -2.527251141320761, 1.9037706585034133, 0.23147011990379784
-1.3622967309310052, -1.1161917943570598, 1.1724830851596932, -2.8616256696548907, -2.5627721394626377, 1.9596358561963836, 0.21316453760707343
-1.2885735383798442, -1.1134993161971618, 1.1505890807487669, -2.8748346565631584, -2.611617506386363, 2.0065011722811867, 0.1641959834495088
-1.210602049488183, -1.0904410726231069, 1.11930255105334, -2.8823884658538814, -2.660018905843339, 2.0513702575868926, 0.11686357236445755
-1.146134587711714, -1.0686953032702853, 1.0969493655156173, -2.8813649544574806, -2.7043083601597058, 2.107058864721724, 0.0748613690421438
-1.10613157618244, -1.0512714980350193, 1.0870497051681687, -2.8652174445161718, -2.7477559931850877, 2.167715170573576, 0.03515349949071922
-1.0682992191997842, -1.0347946912378, 1.0755303717861464, -2.8465995314623616, -2.7862459514374773, 2.2284719648911935, -0.010828626481168335
-1.0382290146726394, -0.9916076363200377, 1.0614333887391583, -2.8084424489758257, -2.798243430975793, 2.29510024114877, -0.08264308193274683
-1.0117828817608627, -0.9343389539324036, 1.0439961549747023, -2.7634794200624, -2.8109536546166964, 2.3585590137499164, -0.153594767146374
-1.0165696142755163, -0.8917766106218776, 1.0523564777654864, -2.7109453647566113, -2.8208685729792506, 2.4258029964444088, -0.18340279298416906
-1.0543621959223, -0.8749690198860387, 1.0857048457850542, -2.6530582620119763, -2.8302608238909315, 2.4921823200386335, -0.2005577810023924
-1.0902333760237966, -0.8626831449292895, 1.1168014444777903, -2.59694096542019, -2.8358640156600323, 2.5534697883586563, -0.21882374325643372
-1.1301241507144901, -0.8539371343848883, 1.1502942380796721, -2.5426030204473307, -2.8268122715000494, 2.5946592210859656, -0.23730530954701035
-1.1704048011951933, -0.8448770008750204, 1.1831026210641866, -2.488554711056085, -2.8182335336731263, 2.6359689504449655, -0.2558796900848028
-1.1998020497915345, -0.8322141038050805, 1.2065403926962084, -2.443319151444358, -2.808263310425094, 2.6628771987694346, -0.2788560293534763
-1.2225403705993951, -0.8158735150488825, 1.222219011505655, -2.4033945135248036, -2.798031236453414, 2.688269268580635, -0.30224416694782175
-1.244338925204877, -0.8008122373086923, 1.2350078842787449, -2.366851572908284, -2.790507068575546, 2.7116198835153256, -0.3167659826652036
-1.2582149184027909, -0.7982640374033858, 1.2373003536623894, -2.3451876177298967, -2.788555407267081, 2.7358910739082436, -0.31740004760123686
-1.2729479732521192, -0.7988926770115254, 1.2400398773399237, -2.3262363919501237, -2.7870564745793533, 2.7618954490899625, -0.3184669504565045
-1.2813122696019015, -0.7988896273866191, 1.2403935744639787, -2.3156340400691393, -2.790358612653078, 2.773228536739669, -0.32367856242065063
-1.2870111724106295, -0.798351983187132, 1.2403505176161342, -2.3091437414624068, -2.794180991123195, 2.7847418924224794, -0.32943984036119556
-1.2913463829094756, -0.7970159543384625, 1.2410566063178834, -2.3053748599389525, -2.798103945838937, 2.7856082504226833, -0.33188136566662507
-1.2922791914424607, -0.7942331937425653, 1.242207712356901, -2.3061124331137464, -2.8011244917424314, 2.7721005675129167, -0.33011476108993953
-1.2928384470403085, -0.7913473373371653, 1.244181365442424, -2.3068260654563186, -2.8039968133914526, 2.75917200110721, -0.32850623483559716
-1.2913589412901043, -0.7901908256952366, 1.2436139112508853, -2.307296785699556, -2.8037587412468525, 2.755718996045072, -0.33125574364898647
-1.2887718222052307, -0.7901778480983008, 1.2422387444459178, -2.3075295859956553, -2.8038176547430815, 2.7528611892811856, -0.33407033566085964
-1.2873905439736895, -0.7908868056147487, 1.241673877537223, -2.305857470948941, -2.801578308796355, 2.7540911480528205, -0.3347628350063321
-1.2881718660670867, -0.7927813912502675, 1.2425778731356578, -2.3023740361447373, -2.797287213049687, 2.7587527430918826, -0.33359565668974245
-1.2889564461798617, -0.7947426433846356, 1.2436919549620322, -2.2990291267053404, -2.7931726397617034, 2.7629136782031125, -0.3324547927263053
-1.291144142658485, -0.7953399908217298, 1.246783517241938, -2.29570773745096, -2.789756561237949, 2.761569696658377, -0.3314446331776759
-1.2940714035325591, -0.7950765275982121, 1.2502945691036995, -2.292760317944733, -2.7861907625382614, 2.76014684183399, -0.33039136698256577
-1.2969468651187643, -0.7944703883102928, 1.2532563626539241, -2.29031163274788, -2.784652174217361, 2.759994059197311, -0.3285730863281584
-1.2995305300945645, -0.7936341278406065, 1.2555421838364804, -2.288250102834138, -2.7843211375127996, 2.7608289396576406, -0.32653087217814747
-1.3021417489793272, -0.7928556023071973, 1.2575650384444996, -2.286261319184157, -2.78412280279331, 2.761681421056407, -0.3230302189295635
-1.303816867921718, -0.7932523859139575, 1.2584721695144143, -2.2852460799979744, -2.7841241508153036, 2.763128549980067, -0.31367222410719275
-1.3052290152319657, -0.7941585482149129, 1.2593635056557337, -2.284276953519889, -2.784206993767329, 2.764689732104591, -0.30436571178478466
-1.3059080955478244, -0.7946962111057765, 1.260395257767284, -2.2839997716068305, -2.7844637843102635, 2.7635782159939275, -0.2946758340997464
-1.3061457223223911, -0.7945562298927342, 1.2615968590165014, -2.284353299744523, -2.7846371102782186, 2.7616768083995957, -0.28481487250717485
-1.3065361093550827, -0.7943839444839158, 1.2627658947314497, -2.2846408692595492, -2.784656172739762, 2.761088418183933, -0.2758646316889841
-1.3069491182151705, -0.7949691918892556, 1.26295375376991, -2.284120294394392, -2.784850008292022, 2.7637306214760944, -0.2689718994085615
-1.3073402840105093, -0.7958157644960666, 1.2627192601100212, -2.283134401205773, -2.7851169103289486, 2.7660912063772543, -0.2620974624021306
-1.3091664913885133, -0.7977814683978073, 1.2634569444341386, -2.28096744218203, -2.7913134515536644, 2.771004018210675, -0.24922060628445486
-1.3119356694218158, -0.8011832561650047, 1.2647695156164316, -2.278567175082995, -2.7988237888799112, 2.776353234593783, -0.2356516085560525
-1.3154507573708383, -0.8055518991560833, 1.2667116068192126, -2.2756324907432486, -2.8089563680777374, 2.78425896921153, -0.21437139004514627
-1.3217961790009127, -0.8145622121908742, 1.2700276378833584, -2.2713807614299455, -2.823494237481704, 2.796141745807189, -0.18255068734422153
-1.3279854195046212, -0.8247695526999133, 1.2737147463138463, -2.267160627439896, -2.838046132534547, 2.8079125982523436, -0.15084912502943482
-1.3288799892174232, -0.834235229367466, 1.275041005238144, -2.2669270886641417, -2.8569652803377377, 2.8140790532065125, -0.12160407355234426
-1.3273328819276333, -0.8431824256593226, 1.2757274275529413, -2.26775606644728, -2.8761243327463912, 2.820990142492491, -0.09252201938443605
-1.3197169820771668, -0.848205942479229, 1.2725405097279339, -2.2729078955023745, -2.8771974895227856, 2.817638549458488, -0.09782057711700443
-1.297034517676452, -0.8370186712956205, 1.2602332838612043, -2.2867294245641965, -2.857782708358636, 2.805648606868523, -0.13478076567710762
-1.2747228032714633, -0.8218577083354317, 1.2461290741052604, -2.300748476173945, -2.8392621783579823, 2.7936410590097864, -0.1704944255256775
-1.2440683270080175, -0.8093212510581438, 1.2241605135971092, -2.3289603499429035, -2.8336727017143444, 2.7685232852891914, -0.19579488154639524
-1.2131023583954974, -0.7985866589425825, 1.2007146519802365, -2.3627602526321088, -2.828682243672719, 2.746821189809804, -0.22138126265576208
-1.1800812618226537, -0.7915021255470176, 1.1754227160686153, -2.4056108110806687, -2.826324412098116, 2.711471734437678, -0.2267202958544976
-1.1445625441627278, -0.7928773395137769, 1.1470298922116005, -2.462611293561645, -2.8255468964811588, 2.669859398011237, -0.2194833690043856
-1.1104016341468386, -0.7946375923075246, 1.1201638249942256, -2.523132233255396, -2.8230931957707224, 2.62534728310335, -0.20980811548210898
-1.081782964985054, -0.7975446906120789, 1.0984843274980012, -2.5908898452865365, -2.7985715269179456, 2.535832124157654, -0.17818662773636618
-1.0557070460054785, -0.7996074035870064, 1.0765278635418483, -2.6594645409405953, -2.7746582858604416, 2.446029116606475, -0.14664133004169333
-1.0712664425923357, -0.8216297693199399, 1.0873437854329406, -2.7131321690608736, -2.7366633117583072, 2.36966591192245, -0.06127984546190568
-1.1274727735450316, -0.880752851795342, 1.1281258387366888, -2.751087182579864, -2.692454005564926, 2.294843198490142, 0.04682298587732259
-1.1808697266265131, -0.9447512687261801, 1.1642698408893715, -2.7816850763883014, -2.64250928366605, 2.2259774051864945, 0.13691520917956268
-1.24268532115752, -0.9887920979639846, 1.1957949449709693, -2.7837689573419055, -2.5748808003994563, 2.1780266143227536, 0.18335023350900048
-1.3068440441493117, -1.0230283864001857, 1.2227392441627654, -2.7762248694674803, -2.5076705399777124, 2.125454732175019, 0.23041635388406068
-1.3664749355491246, -1.0316575833412287, 1.2368868704937626, -2.759059611242387, -2.452306179108337, 2.073824053224662, 0.24355001554897093
-1.4239909423512582, -1.0045361406518918, 1.236167392737478, -2.726355050602632, -2.4015472060305623, 2.0196054723582098, 0.2491192072763111
-1.4697670898800226, -0.9625211625515435, 1.2218559160210898, -2.6965754440507324, -2.3747831691129235, 1.9524224374085328, 0.22693252275998432
-1.447037844235025, -0.8821652689571158, 1.149568811196641, -2.6764900292381615, -2.4116939301978526, 1.8618382774704898, 0.1530491579288782
-1.4101071338723346, -0.8049849394121855, 1.0755295508475733, -2.6442172490298725, -2.4473603536611765, 1.7684936353819456, 0.08020767598197054
-1.4813481505631838, -0.7691521167248743, 1.1066295082512028, -2.5696129913593984, -2.383045965693136, 1.7274831474043353, 0.15649574112231868
-1.6155431915188867, -0.8093424517232863, 1.1920569301007884, -2.4960182638127595, -2.3040518263701273, 1.7325708001244209, 0.24826345515356518
-1.7416653865414222, -0.8716468231444496, 1.2665784929216244, -2.429134943070956, -2.264536608280073, 1.7156563138069885, 0.2912823820800474
-1.8085455266374808, -0.8312394794131786, 1.2990765034698208, -2.3697240163745112, -2.301054899851472, 1.6497945511339847, 0.2720798252567098
-1.8639255714177043, -0.7581509566978397, 1.3100032591008466, -2.3097129019850824, -2.3307603371505436, 1.5929758308129678, 0.25500244903147173
-1.9086432116990402, -0.700785273748501, 1.3007742648979077, -2.268478891237587, -2.3671943714253203, 1.5515476201008074, 0.24390523358131855
-1.9498094334535985, -0.6589978594169539, 1.2913998555430277, -2.238951085689145, -2.400731722856232, 1.5127619553337528, 0.23188229195897403
-1.9785123591427904, -0.6253982478270137, 1.2813855453310827, -2.217938444810848, -2.4315492096955555, 1.4835354874260585, 0.22034718538624265
-1.987961749233488, -0.6003982239834285, 1.2696528914746752, -2.2109036532513855, -2.455958619810419, 1.4622048001571315, 0.20899566641016154
-1.9915412458450739, -0.5798957222245686, 1.2662035199047024, -2.2038739226203825, -2.4812250911646636, 1.444841366625214, 0.19842616673333868
-1.9844706136873604, -0.5741859909055123, 1.2598750666428478, -2.2025295332515302, -2.4856716372032093, 1.447999003873612, 0.19367967732061953
-1.97407185685619, -0.5758296341413303, 1.2569334074276197, -2.202993607797014, -2.489833630462412, 1.4511867761780923, 0.1886515938818638
-1.9625097779400091, -0.5786651208025244, 1.2568869865260144, -2.2028578877010023, -2.497812309687898, 1.450196445747082, 0.18407764259663661
-1.9517764446128023, -0.58223970225575, 1.2573356585048652, -2.203029017051671, -2.507805736461984, 1.4462832075306302, 0.17981577603391852
-1.9425361228227196, -0.5849018420171443, 1.25681445390072, -2.2028961831194485, -2.5149532991384858, 1.4426983540464704, 0.17734867662169407
-1.9369093652182574, -0.5878953231658173, 1.256542228586408, -2.202058272776279, -2.506194072889783, 1.4409945416434606, 0.18156676760804658
-1.9331704233932525, -0.5900768129849734, 1.2548738711052358, -2.2024628112788207, -2.497204785049467, 1.4394811277717334, 0.1856739056002379
-1.9296645759585047, -0.5928427566442664, 1.2493691150138968, -2.204363295848463, -2.494691275135442, 1.447119766052011, 0.1807871592014587
-1.926831271857533, -0.5968369863824847, 1.241765281312599, -2.207792880384975, -2.495005655081248, 1.4589003013225916, 0.17233657796069135
-1.92482180961618, -0.6002255561905674, 1.2347780810535465, -2.2113172712475535, -2.4939120421474517, 1.4686528157555534, 0.1662166683775519
-1.9241216644758214, -0.6014498060774933, 1.2309356297922385, -2.2134631263751476, -2.489025582063249, 1.4722149474456359, 0.16623661088691222
-1.9228358829367957, -0.6024142097894263, 1.2276382903570529, -2.2153752081979032, -2.4844261033299118, 1.475980583416634, 0.16630423398525895
-1.9214804497983273, -0.6023318536694937, 1.2257357569400718, -2.2167987417057766, -2.4839443280011757, 1.476301572884683, 0.1675827261902576
-1.9196957059140933, -0.6012696387492049, 1.2246918377782077, -2.217425463204677, -2.4848427914517526, 1.4759946790898812, 0.16923157485709606
-1.9170469652789741, -0.6007677908151132, 1.2229134388702008, -2.2180991591846126, -2.486865444911615, 1.4776531874861067, 0.16894537776390361
-1.9130846295819266, -0.6017627206043938, 1.2184680064501023, -2.2193199663741403, -2.491072264844039, 1.4828959544851221, 0.16526409957418853
-1.9094470167658217, -0.6030054666546798, 1.2135003806012659, -2.2202277181816203, -2.4951147437094825, 1.4877275688922946, 0.16157781246113334
-1.9089982637347997, -0.6070054018304853, 1.2108683830135227, -2.2208827419665482, -2.4889093044532933, 1.4932779568899113, 0.15924535213446145
-1.9093985144957983, -0.6129604893478975, 1.209470371010866, -2.2232063218231826, -2.48128839095806, 1.4993658483686394, 0.156805186253977
-1.905688617904013, -0.6213898808591951, 1.204727232734557, -2.229230352734543, -2.473109416300386, 1.5126705842237653, 0.1541181913068792
-1.8953349359429694, -0.6373582376008899, 1.194683368777067, -2.246063578063433, -2.4614360117054623, 1.5346277930511425, 0.1505999682963628
-1.8843136299032004, -0.6544093283557038, 1.186748277524245, -2.264833096985326, -2.4501083391405487, 1.5575751753848817, 0.14665699411283395
-1.8466180711235873, -0.6662161625279213, 1.1648242358643266, -2.303650188710286, -2.452927311914129, 1.5761746292011631, 0.12998651222514201
-1.8028001801451383, -0.6761240646707192, 1.1452466120318654, -2.3491218153742626, -2.4542034878960575, 1.597405316727718, 0.1135125354151425
-1.7486896902608162, -0.683464836283556, 1.1216419486186027, -2.4000161980482275, -2.4619718452838555, 1.6219252806301556, 0.09435785100722693
-1.6775903407680053, -0.6864845998116023, 1.0907259903334339, -2.45697465120705, -2.473220324953809, 1.6482779592552577, 0.07375015387929285
-1.612808736812445, -0.6942221201034195, 1.0679658640617502, -2.5104845703170025, -2.479691070359017, 1.683751499920394, 0.066584191891228
-1.6345510323921149, -0.77359182282457, 1.1054849158009503, -2.5433700887578095, -2.437826896268658, 1.8027798611862949, 0.13588182944236138
-1.6585655041894745, -0.8668620278340233, 1.1557559628105034, -2.579641410166113, -2.3981708530573833, 1.9235344844918565, 0.20369636455610074
-1.653934523660423, -0.9664274254118519, 1.1908984168134857, -2.626743233879578, -2.3986974429911445, 2.017049096709103, 0.22701202018605393
-1.606275092578497, -1.0552905050822678, 1.2023690113561472, -2.669896610735396, -2.423494073558274, 2.0841657330997734, 0.22843370415975972
-1.5480062829116692, -1.1200626854834566, 1.2136577246252376, -2.697955731571083, -2.450716889630751, 2.1374043899386237, 0.22265317096520754
-1.4787349178606144, -1.1300868270811595, 1.218344388175197, -2.7169099265111196, -2.4882157596825802, 2.1565901441539665, 0.1903258072695433
-1.4113586308666521, -1.11629675305492, 1.216542561074517, -2.7338921577169284, -2.5248716608190716, 2.1763867041854468, 0.15941473778517334
-1.3448067981097918, -1.0810902157012716, 1.198979048110692, -2.7486768425662174, -2.590020133458765, 2.205148553447575, 0.10003229435189098
-1.2788194379480364, -1.0194538354327047, 1.1611560063198922, -2.7553961285427846, -2.664427657127151, 2.232842531072901, 0.033386282115403176
-1.2212657086477616, -0.9579698731834441, 1.1227771744289843, -2.7581244990390843, -2.73072678182287, 2.268850396930569, -0.03117494008585453
-1.1876548655142187, -0.9125026859751983, 1.0960423097936296, -2.746765401964586, -2.7789957000340753, 2.3256449064589084, -0.09183664903215139
-1.1559910796256636, -0.8736336661942037, 1.0691565190499297, -2.7329726433894166, -2.8278793341203627, 2.3800696550164275, -0.15306481488199175
-1.1505820976223298, -0.851267134856581, 1.0682542738433014, -2.710463253702959, -2.8529788342096847, 2.4289630317298574, -0.16483465584257573
-1.1588922532020298, -0.843998104596877, 1.0799560746849073, -2.6838354419064308, -2.874053400183362, 2.474268828791786, -0.1704328752861688
-1.1611136864100642, -0.8400365683128781, 1.088030105365215, -2.662792757849738, -2.8866861918851265, 2.4975550039162364, -0.17397412543578294
-1.156859859388419, -0.8441950760990986, 1.0892402835558874, -2.659806058015593, -2.8840370400018926, 2.4895309501761442, -0.17272016109389288
-1.1540966061276379, -0.8484876444514233, 1.0898733617711214, -2.661329667671299, -2.8818874800372134, 2.4843717634055054, -0.1717810925038572
-1.1526207895233105, -0.850335833163677, 1.0903333380954603, -2.6641778007751755, -2.8798999358800677, 2.480379554985495, -0.17091188900435128
-1.1517819212133453, -0.8506218788774929, 1.090489560146037, -2.66711177111391, -2.8779900769034574, 2.4767505994827026, -0.17004159118469353
-1.151018129475582, -0.8504466487211788, 1.0904882765533817, -2.6696127351374086, -2.8761301711635854, 2.473089852453594, -0.16916604596855223
-1.1499646816381484, -0.8503996474944122, 1.0905358863598877, -2.671527991458988, -2.8743012351336583, 2.4692425790909454, -0.16828876427361905
-1.1484995680322028, -0.8506459385576628, 1.090751348626073, -2.6729178373434026, -2.872488603071841, 2.4651908775532263, -0.16741070139657044
-1.1466854420524557, -0.8511370981815416, 1.091141873982366, -2.6739460693373927, -2.870682968296241, 2.4609834090110656, -0.1665316871848903
-1.1446684452049833, -0.8517609322723265, 1.0916471976559379, -2.6747940788870084, -2.868879372484331, 2.4566881444666198, -0.16565197370874074
-1.142592515458274, -0.8524175992002769, 1.0921933081106712, -2.675606080211044, -2.8670755178016467, 2.452364642970551, -0.16477238729815635
-1.1405536732867496, -0.8530462089701247, 1.0927260614157301, -2.6764673574533804, -2.865270512191696, 2.448051954981036, -0.16389384893644898
-1.138591460255653, -0.8536243706742797, 1.0932210035414398, -2.677407998248847, -2.863464193036978, 2.443767589024464, -0.16301694519769416
-1.1367027716977578, -0.8541561385647336, 1.0936777060107046, -2.6784202418169043, -2.8616567888166395, 2.439512731076988, -0.16214178392949918
-1.1348628807687167, -0.854657944575199, 1.0941084811371953, -2.679478586699916, -2.859848709267661, 2.435279525099178, -0.16126808827220707
-1.1330434283062134, -0.8551476243023872, 1.0945282341115075, -2.6805556981941967, -2.858040382647288, 2.431057526097284, -0.16039539357755395
-1.1312230539737218, -0.8556382784456646, 1.0949483522387942, -2.681631444928132, -2.8562321387436684, 2.4268379224196366, -0.1595232324906002
-1.1293907818907325, -0.8561364982557818, 1.0953746983682642, -2.682695581905395, -2.8544241536718067, 2.4226153494138156, -0.15865124999974078
-1.1275445352761606, -0.856643423366692, 1.095808368872512, -2.683746217884452, -2.852616456244961, 2.4183878656277376, -0.1577792406025358
-1.1256875675036673, -0.8571569715901246, 1.096247623408198, -2.684786474787562, -2.8508089755956734, 2.414155931530779, -0.1569071288500119
-1.123824922599967, -0.8576740049074312, 1.0966897930005262, -2.685821184054075, -2.8490016014091486, 2.40992114530097, -0.1560349231411582
-1.1219610184216142, -0.8581917965469872, 1.0971325652571107, -2.686854605535447, -2.8471942331732762, 2.4056852233092307, -0.15516266782095656
-1.1200985718189536, -0.8587086776156339, 1.0975745395927623, -2.6878893889052007, -2.8453868069424626, 2.401449419443754, -0.15429040816194028
-1.1182385619471784, -0.8592240515470975, 1.0980152297688228, -2.6889265159110876, -2.8435792999267253, 2.397214356522042, -0.15341817250302814
-1.1163807499149945, -0.8597380706831155, 1.098454779230532, -2.6899657825536503, -2.8417717203791373, 2.39298012996238, -0.1525459687872921
-1.114524329584909, -0.8602512345922007, 1.0988936162226874, -2.691006419881087, -2.8399640920158298, 2.3887465251653026, -0.1516737896891387
-1.1126684457082607, -0.8607640712347182, 1.0993321850005806, -2.6920475970776048, -2.838156440161682, 2.384513228694047, -0.15080162061134317
-1.11081248185382, -0.8612769603122805, 1.0997708002898223, -2.6930887069615936, -2.8363487832581633, 2.380279971079835, -0.14992944662270524
-1.1089561380860298, -0.8617900861132268, 1.100209611307796, -2.6941294480703997, -2.8345411301281667, 2.376046589186906, -0.1490572565764996
-1.1070993739425354, -0.862303473121492, 1.1006486342431083, -2.695169773684543, -2.832733481399404, 2.371813026553241, -0.14818504435763202
-1.1052422981384753, -0.8628170541777633, 1.1010878105045618, -2.696209786179046, -2.8309258328576794, 2.3675793006685346, -0.14731280813853953
-1.103385064337326, -0.8633307346882253, 1.1015270604251786, -2.6972496351000794, -2.8291181788515143, 2.3633454628011883, -0.14644054874990253
-1.101527802353612, -0.8638444348904981, 1.1019663179541244, -2.6982894487143954, -2.8273105146646236, 2.359111566278955, -0.1455682680483461
-1.0996705892929404, -0.864358107499215, 1.1024055446397973, -2.699329304413589, -2.8255028375659776, 2.354877649049964, -0.14469596776656335
-1.0978134506520227, -0.8648717369405423, 1.102844728422455, -2.700369228802564, -2.823695146787183, 2.350643729199163, -0.1438236489647311
-1.0959563768590215, -0.8653853291391451, 1.1032838748305807, -2.701409213444971, -2.821887442902984, 2.34640980871257, -0.14295131196584165
-1.0940993428315444, -0.8658988994959467, 1.1037229969155202, -2.702449234011513, -2.820079727068679, 2.342175880445348, -0.1420789565650704
-1.0922423230753866, -0.8664124636341297, 1.1041621076391293, -2.703489265305117, -2.818272000413752, 2.3379419346320187, -0.14120658231743377
-1.0903852997645531, -0.866926032464236, 1.1046012159052676, -2.704529289462921, -2.816464263710845, 2.333707963141917, -0.14033418877544612
-1.0885282646251628, -0.8674396110474527, 1.1050403257326504, -2.705569298019218, -2.8146565173011515, 2.329473961225922, -0.1394617756240626
-1.0866712169730324, -0.8679531998078227, 1.1054794373329973, -2.706609290089202, -2.812848761185985, 2.3252399273957707, -0.13858934271693002
-1.0848141603324555, -0.8684667966043849, 1.1059185488557635, -2.7076492690663416, -2.811040995182627, 2.32100586235269, -0.13771689004706644
-1.0829570993537008, -0.8689803986142453, 1.1063576579426782, -2.7086892395563877, -2.809233219067755, 2.316771767744253, -0.13684441769040667
-1.0811000378414306, -0.8694940035335028, 1.1067967627011095, -2.7097292053843693, -2.807425432669639, 2.312537645214677, -0.1359719257515346
-1.0792429779781223, -0.8700076100479217, 1.1072358620709286, -2.7107691687842737, -2.8056176359034, 2.3083034959038518, -0.13509941432689132
-1.0773859204170426, -0.8705212177740664, 1.1076749557593413, -2.711809130463455, -2.803809828763832, 2.304069320338556, -0.1342268834884104
-1.0755288648043306, -0.8710348269402806, 1.1081140439691106, -2.7128490901087803, -2.8020020112969286, 2.299835118564662, -0.1333543332829743
-1.0736718010096054, -0.8715513060530045, 1.1085488080233024, -2.7138879519993475, -2.8001908173376053, 2.2955937361891827, -0.1324817598219319
-1.071817085531162, -0.872072066972831, 1.1089772644668052, -2.7149207287216184, -2.7983808869830913, 2.291347548670327, -0.1316097104252627
-1.0699615594173153, -0.8725885094908827, 1.1094127673565142, -2.7159552138511343, -2.7965747872593303, 2.287109634952502, -0.13073809941999848
-1.0681045137218286, -0.8730878165954143, 1.109874572758959, -2.7169979032490437, -2.794793503265679, 2.282923466963723, -0.12986682641628455
-1.0662345325227287, -0.8735769254971517, 1.1103490328488235, -2.718071703590449, -2.7929744817216147, 2.2787056311693767, -0.12899549209963723
-1.0704457654017334, -0.9257856245621179, 1.138185097189644, -2.7435357740657595, -2.7015123926139317, 2.2454142091469134, -0.10378382014701248
-1.0630312572996834, -1.0097871661770634, 1.1892861078717276, -2.785494446703308, -2.583548982690859, 2.2175645034518148, -0.0778141729188464
-1.0523610508404717, -1.1071169392811369, 1.24514627471076, -2.8193964948559804, -2.4626657049992957, 2.2139601082609683, -0.06096580468474588
-1.0536286242352553, -1.2205436821162552, 1.2932480170250802, -2.8257997722151504, -2.3277266751384174, 2.2248606052451194, -0.05271243301511763
-1.0574320777745996, -1.3490929428849219, 1.3341700896137603, -2.8223760209319417, -2.1959341217980795, 2.2257920934292628, -0.04687676937098395
-1.0515665123148317, -1.4014328511936727, 1.3447583457487076, -2.8110905355473292, -2.1319371040436828, 2.147743364436355, -0.09450369291159966
-1.0439327951517425, -1.3960624530541965, 1.3283101618629418, -2.7898252430819213, -2.0673341868964705, 2.0648477393318245, -0.13971406201928893
-1.033928217810291, -1.3596258503718888, 1.3057551189735497, -2.768858957091524, -2.0479884470275103, 1.9737306446193834, -0.16630889420332728
-1.0161694573849722, -1.2842668802274986, 1.2714677334794002, -2.7432932390260856, -2.066823010686184, 1.881269696791609, -0.1813121199755603
-0.9984867872653016, -1.2098010050472388, 1.237696618187571, -2.716170481517751, -2.081484432795076, 1.787303284238888, -0.19011329061144178
-1.011836171902722, -1.187178995706259, 1.2144036962521971, -2.6802090658073716, -2.070639959910947, 1.707450223851799, -0.16109226316407455
-1.039374920474902, -1.2022214678616576, 1.1948516631087456, -2.64404204589298, -2.0603361064973633, 1.6460151410763846, -0.1334641386856701
-1.0538312275682369, -1.2168629846971166, 1.170400335420589, -2.6153203023424725, -2.0739861163442104, 1.6106934691495756, -0.1313426303402121
-1.0463705859587948, -1.212947027571074, 1.1421715371911239, -2.596021933064204, -2.098714254736315, 1.5962010549895034, -0.1398425096047795
-1.0368936788634446, -1.2072590323347523, 1.1148501038876644, -2.5771216601237485, -2.118726582082285, 1.594124422480867, -0.14601307511800865
-1.038448630290219, -1.21921329502708, 1.0931799800212536, -2.562187604326329, -2.1217813986001737, 1.6120983628210235, -0.14702424652482637
-1.0452128251050254, -1.2369793424739672, 1.0757328982261987, -2.5515705277091865, -2.1247775736949226, 1.6329524863734335, -0.14843992245870918
-1.0402641236257324, -1.2355211530411836, 1.0605612858056839, -2.549017549765612, -2.1537317939767426, 1.62260072946372, -0.16158338510837833
-1.0194670173518618, -1.2098071652550164, 1.0421911796104313, -2.5508841369055446, -2.1902954758183153, 1.6070901967897644, -0.17699818895601727
-1.0017042074839333, -1.1834779583001698, 1.0225257460873314, -2.5520001259186564, -2.2192679312248718, 1.597266438696252, -0.18670048123102223
-1.0023307245887798, -1.175368615855679, 1.0097199352445072, -2.5515667633107384, -2.2323109200836644, 1.5959813462933212, -0.18667759691398267
-1.0074192811305265, -1.1731141186621556, 1.0007798889018984, -2.552465891643198, -2.2461546690030385, 1.5949769919507535, -0.18704687804354592
-1.0081719433013596, -1.171034957733342, 0.9917443214346209, -2.5553827627139896, -2.264048659779693, 1.6004739423716092, -0.18687177983893477
-1.0045333078534675, -1.1682710101442462, 0.9834525280912958, -2.5595446884018163, -2.2825101414157274, 1.6078258489875505, -0.18654775495063092
-1.0003862026468138, -1.166018630964885, 0.9765039171077232, -2.562572749073402, -2.2974303178573106, 1.6145905385194812, -0.18613415639009645
-0.9988132899832634, -1.166478784791031, 0.9729947191695247, -2.564271330305207, -2.3067399436175506, 1.6202283435321894, -0.18575743462042027
-0.9973872278688667, -1.1677667789888515, 0.9705143871844699, -2.565756982046775, -2.31650745545919, 1.6259712795891632, -0.18538250200725503
-0.9954855212389919, -1.1694757619883829, 0.9674053236533089, -2.5674583831163087, -2.3262294459154607, 1.6322636103159303, -0.18113554717433633
-0.9934410586005846, -1.1712647718778166, 0.9634995848571863, -2.569320900116262, -2.335759172841957, 1.6383098886369423, -0.1768632356728279
-0.9915236909388074, -1.1726382058641738, 0.9598181327007564, -2.5711237807998906, -2.342167790712878, 1.6425967661501355, -0.1744472996404305
-0.9895706739774939, -1.1736706454552293, 0.9573006106645012, -2.572961484834229, -2.345578972760057, 1.645537723461688, -0.1735107453036271
-0.9875489295279092, -1.1746932639474332, 0.9552442903003024, -2.5748552172744414, -2.3489377411562096, 1.648762282074256, -0.17262367598196615
-0.9860223130394292, -1.1759069698449194, 0.9542391729051554, -2.5757654089987962, -2.347491403329246, 1.6528646370949005, -0.1723699449733358
-0.9845556024852042, -1.177365822507304, 0.9537596220081133, -2.57635078646196, -2.34626112422328, 1.6569984143734056, -0.17210842089763378
-0.9834092342127434, -1.179222052307284, 0.9535194298944889, -2.5764426268194285, -2.3442272978308702, 1.6617592776248786, -0.17217964004523
-0.983216142508752, -1.1816472496499442, 0.9535716611536609, -2.5759315576503, -2.341718249142935, 1.6667621253853744, -0.17247455283324786
