0.296041, -0.0643295, 0.372915
0.296144, -0.0642605, 0.37298
0.296166, -0.0642105, 0.373012
0.296249, -0.064172, 0.372942
0.296401, -0.064095, 0.372866
0.296525, -0.0640505, 0.372814
0.296623, -0.064013, 0.372805
0.296733, -0.06398, 0.372866
0.296835, -0.0639845, 0.372928
0.29688, -0.063961, 0.372964
0.296898, -0.063912, 0.372977
0.296911, -0.0639235, 0.372972
0.296957, -0.06393, 0.372944
0.296952, -0.0639585, 0.372925
0.296983, -0.063978, 0.372901
0.297017, -0.063992, 0.372882
0.297045, -0.0640035, 0.372878
0.297074, -0.064034, 0.372877
0.29703, -0.064041, 0.372893
0.296947, -0.0639885, 0.372953
0.296874, -0.0639515, 0.372995
0.29681, -0.0639555, 0.37302
0.296799, -0.0639265, 0.37304
0.296815, -0.0639005, 0.373056
0.296862, -0.0638535, 0.373118
0.296902, -0.0638755, 0.373082
0.297173, -0.0639485, 0.372951
0.297596, -0.064183, 0.372768
0.297876, -0.064555, 0.372882
0.298186, -0.06477, 0.373479
0.298747, -0.0651195, 0.374886
0.300749, -0.0643665, 0.377992
0.303327, -0.0621635, 0.382208
0.305997, -0.0583775, 0.387295
0.309041, -0.051275, 0.393628
0.311356, -0.0409525, 0.400889
0.312009, -0.027808, 0.407961
0.310795, -0.012573, 0.414113
0.308088, 0.0041815, 0.419229
0.303647, 0.0206305, 0.422403
0.297067, 0.036387, 0.42327
0.289814, 0.0506635, 0.422149
0.282079, 0.0628035, 0.419141
0.274174, 0.072438, 0.414266
0.267344, 0.079416, 0.408344
0.262207, 0.083812, 0.402935
0.259086, 0.087485, 0.398571
0.257204, 0.0906155, 0.394821
0.255101, 0.090851, 0.390264
0.253832, 0.090983, 0.38613
0.25279, 0.0907955, 0.38252
0.251935, 0.0903705, 0.379868
0.251907, 0.089214, 0.377608
0.252223, 0.0876045, 0.375566
0.252542, 0.0863255, 0.373945
0.252898, 0.0857725, 0.372945
0.252919, 0.085993, 0.372424
0.252948, 0.0864735, 0.37208
0.252909, 0.0867775, 0.371895
0.252842, 0.086914, 0.371734
0.252909, 0.08682, 0.371544
0.253027, 0.086843, 0.371441
0.25313, 0.0870415, 0.37128
0.253159, 0.087215, 0.371052
0.253181, 0.087214, 0.370756
0.253228, 0.086991, 0.370583
0.253316, 0.0869715, 0.370502
0.253041, 0.087047, 0.370689
0.252995, 0.0871485, 0.371531
0.253319, 0.0879445, 0.374421
0.254268, 0.0899915, 0.379375
0.257022, 0.093199, 0.385362
0.261763, 0.0975305, 0.39196
0.268274, 0.103589, 0.399042
0.275759, 0.11173, 0.406184
0.284165, 0.12178, 0.413702
0.291901, 0.133702, 0.420248
0.30081, 0.148633, 0.426456
0.310123, 0.164727, 0.430729
0.318836, 0.18158, 0.433102
0.327911, 0.200395, 0.435215
0.336671, 0.219598, 0.437033
0.343035, 0.238222, 0.436838
0.349488, 0.255876, 0.437189
0.354041, 0.272464, 0.435979
0.35642, 0.287112, 0.433802
0.35799, 0.300045, 0.430851
0.358453, 0.311905, 0.42704
0.358077, 0.321599, 0.421983
0.357993, 0.329176, 0.415407
0.358163, 0.334944, 0.408009
0.357822, 0.339143, 0.400373
0.357079, 0.342319, 0.393022
0.356381, 0.344424, 0.386342
0.355778, 0.345304, 0.380222
0.3544, 0.345942, 0.374827
0.353815, 0.346607, 0.371123
0.35232, 0.346571, 0.367854
0.350791, 0.346629, 0.365396
0.349592, 0.346384, 0.363209
0.348526, 0.345434, 0.360686
0.347805, 0.34487, 0.358297
0.347073, 0.344604, 0.356254
0.346219, 0.344036, 0.354323
0.345642, 0.343383, 0.352632
0.344326, 0.342919, 0.351048
0.34429, 0.342739, 0.351704
0.344056, 0.342366, 0.351793
0.34388, 0.341663, 0.351433
0.343868, 0.34107, 0.351127
0.343958, 0.340839, 0.350759
0.344072, 0.340608, 0.350318
0.344291, 0.340303, 0.350021
0.34472, 0.340227, 0.350541
0.345239, 0.340683, 0.353095
0.34606, 0.341504, 0.359131
0.346031, 0.340804, 0.365612
0.345174, 0.339367, 0.373685
0.344104, 0.336976, 0.383392
0.342015, 0.333815, 0.394216
0.339726, 0.328408, 0.405508
0.336874, 0.320537, 0.416206
0.333562, 0.310125, 0.42544
0.329772, 0.296575, 0.432931
0.325267, 0.281705, 0.439116
0.320863, 0.265346, 0.442438
0.316136, 0.246935, 0.443831
0.311148, 0.228123, 0.444243
0.306355, 0.207892, 0.441895
0.301014, 0.186079, 0.436636
0.295303, 0.164399, 0.431217
0.289923, 0.142068, 0.425295
0.284062, 0.120166, 0.418554
0.277953, 0.09887, 0.411677
0.272187, 0.0792505, 0.404926
0.266361, 0.062975, 0.399243
0.260762, 0.0489825, 0.393677
0.256727, 0.0370315, 0.38787
0.254526, 0.0273765, 0.382907
0.25335, 0.018698, 0.37827
0.253472, 0.0134695, 0.375003
0.254491, 0.0120625, 0.37338
0.255325, 0.012016, 0.372216
0.255781, 0.012303, 0.371043
0.25652, 0.0135925, 0.370168
0.257138, 0.0153585, 0.369506
0.257706, 0.017571, 0.369313
0.25826, 0.019791, 0.36954
0.25802, 0.0221125, 0.369456
0.257429, 0.024104, 0.369251
0.257476, 0.0248535, 0.368707
0.257398, 0.025068, 0.367911
0.257645, 0.025541, 0.367549
0.258191, 0.0254965, 0.367149
0.258714, 0.025392, 0.366518
0.258547, 0.025821, 0.365963
0.258308, 0.026276, 0.365688
0.257928, 0.026641, 0.365612
0.257544, 0.026632, 0.365315
0.257095, 0.0262275, 0.364923
0.256625, 0.0260675, 0.364736
0.256066, 0.0259415, 0.36471
0.255792, 0.025991, 0.365536
0.256916, 0.028261, 0.368306
0.259143, 0.0323435, 0.372268
0.262794, 0.0376675, 0.376649
0.269674, 0.0455755, 0.382494
0.278182, 0.056583, 0.389713
0.286836, 0.0691965, 0.397414
0.29667, 0.084131, 0.405986
0.307707, 0.101038, 0.414851
0.318352, 0.119012, 0.422495
0.329006, 0.137733, 0.429121
0.339356, 0.156978, 0.435481
0.348047, 0.176722, 0.440692
0.354652, 0.196165, 0.443422
0.360363, 0.214389, 0.444302
0.365156, 0.231729, 0.442872
0.368591, 0.247179, 0.439523
0.37137, 0.261659, 0.434811
0.374277, 0.274416, 0.428588
0.375945, 0.284282, 0.420839
0.377025, 0.292803, 0.41274
0.377171, 0.299322, 0.404447
0.376452, 0.304604, 0.396325
0.375947, 0.308659, 0.389248
0.374973, 0.311516, 0.383207
0.373664, 0.313974, 0.378239
0.372544, 0.316136, 0.374246
0.371251, 0.317311, 0.370965
0.369826, 0.318138, 0.368474
0.368065, 0.319196, 0.367019
0.366563, 0.319869, 0.366322
0.365363, 0.31983, 0.365599
0.364594, 0.319666, 0.364742
0.363997, 0.319775, 0.363945
0.363429, 0.319612, 0.363268
0.362838, 0.319205, 0.362329
0.362493, 0.318999, 0.361578
0.36275, 0.318837, 0.360551
0.362707, 0.318144, 0.359509
0.362806, 0.317488, 0.358605
0.362688, 0.317365, 0.358215
0.362488, 0.317107, 0.357981
0.362416, 0.316867, 0.3578
0.362391, 0.316673, 0.357563
0.362432, 0.316469, 0.357638
0.362169, 0.316645, 0.359514
0.360774, 0.316839, 0.365283
0.359042, 0.316758, 0.373919
0.356695, 0.316248, 0.384709
0.353514, 0.314078, 0.397605
0.350228, 0.309505, 0.411689
0.346477, 0.301623, 0.425782
0.341378, 0.290737, 0.439238
0.335203, 0.276699, 0.45092
0.328319, 0.260074, 0.459021
0.321727, 0.240751, 0.463779
0.31543, 0.219869, 0.465237
0.309594, 0.197522, 0.462764
0.305681, 0.173281, 0.45697
0.302095, 0.148578, 0.448621
0.297085, 0.126388, 0.439684
0.29101, 0.105887, 0.430617
0.284573, 0.085795, 0.421345
0.278268, 0.0665875, 0.412404
0.273259, 0.0491405, 0.404107
0.269725, 0.034013, 0.396354
0.267077, 0.021269, 0.389644
0.265497, 0.011739, 0.38401
0.265695, 0.004515, 0.379885
0.266818, 0.0002205, 0.377565
0.268526, -0.001088, 0.376689
0.271081, -0.001499, 0.376216
0.273459, -0.0018925, 0.37579
0.275247, -0.00136, 0.375713
0.277338, -0.000226, 0.375881
0.278918, 0.000506, 0.375717
0.279884, 0.0008095, 0.375144
0.28105, 0.001229, 0.374806
0.282133, 0.0011305, 0.37442
0.282344, 0.0010925, 0.373941
0.282571, 0.0009925, 0.373782
0.282706, 0.001009, 0.373891
0.282583, 0.0011335, 0.373858
0.282268, 0.0012485, 0.373588
0.281665, 0.001143, 0.373168
0.280906, 0.0010115, 0.373011
0.280214, 0.0011215, 0.373136
0.28013, 0.0019475, 0.373713
0.281161, 0.004537, 0.375749
0.283397, 0.0093025, 0.378758
0.28718, 0.016515, 0.38263
0.292343, 0.026474, 0.387211
0.299279, 0.039699, 0.392642
0.307121, 0.055817, 0.398972
0.315072, 0.074126, 0.405517
0.323552, 0.094623, 0.411919
0.332292, 0.1162, 0.418719
0.34142, 0.138826, 0.425354
0.34855, 0.160831, 0.430234
0.353409, 0.182634, 0.434403
0.357638, 0.203889, 0.437197
0.361758, 0.22316, 0.438341
0.365912, 0.240235, 0.437429
0.369527, 0.254398, 0.43477
0.372387, 0.266573, 0.430666
0.374529, 0.276258, 0.425816
0.375336, 0.284308, 0.420497
0.376104, 0.290761, 0.414288
0.3767, 0.294495, 0.407014
0.377339, 0.297365, 0.400194
0.378621, 0.299717, 0.395574
0.379246, 0.300826, 0.390635
0.379497, 0.301339, 0.386552
0.379185, 0.3017, 0.38308
0.378532, 0.302069, 0.380058
0.378011, 0.302134, 0.377506
0.37794, 0.302082, 0.375629
0.377613, 0.302082, 0.374138
0.376781, 0.302254, 0.372933
0.37629, 0.302306, 0.371603
0.376275, 0.301798, 0.369613
0.376361, 0.300888, 0.366699
0.376685, 0.300461, 0.364251
0.376846, 0.300679, 0.363512
0.376822, 0.30055, 0.363429
0.376868, 0.300448, 0.363296
0.377337, 0.300367, 0.363044
0.378045, 0.300417, 0.363069
0.378505, 0.300596, 0.363028
0.378673, 0.300848, 0.362994
0.378758, 0.301332, 0.363177
0.378819, 0.301684, 0.364258
0.378113, 0.301557, 0.367819
0.377073, 0.301172, 0.373839
0.376294, 0.299655, 0.381911
0.374564, 0.297339, 0.392947
0.371202, 0.293594, 0.406058
0.366432, 0.287073, 0.420196
0.360386, 0.277138, 0.434738
0.353359, 0.265252, 0.448135
0.345709, 0.251856, 0.459186
0.337753, 0.234354, 0.46676
0.329457, 0.215562, 0.471397
0.32041, 0.193344, 0.470985
0.31157, 0.169989, 0.466655
0.303854, 0.145819, 0.459734
0.297223, 0.12067, 0.45144
0.290368, 0.095175, 0.442377
0.283575, 0.070514, 0.43298
0.277511, 0.0468125, 0.422708
0.27134, 0.0242305, 0.412461
0.265346, 0.005059, 0.403886
0.261562, -0.0088395, 0.397309
0.259823, -0.019101, 0.392058
0.258883, -0.025132, 0.388929
0.258555, -0.030217, 0.386588
0.258532, -0.0314015, 0.385364
0.257677, -0.0311475, 0.38383
0.257654, -0.028985, 0.383005
0.257121, -0.027295, 0.381837
0.256515, -0.0267025, 0.380353
0.255978, -0.0254835, 0.379364
0.256048, -0.025147, 0.378647
0.255867, -0.0245595, 0.378448
0.255572, -0.0241705, 0.378659
0.255264, -0.024111, 0.378606
0.254904, -0.0242265, 0.378182
0.254442, -0.024437, 0.377643
0.254074, -0.0246225, 0.377319
0.253638, -0.024839, 0.377035
0.253095, -0.025004, 0.376651
0.252165, -0.025032, 0.376722
0.251632, -0.024407, 0.377563
0.252541, -0.0217375, 0.380128
0.25559, -0.01756, 0.38469
0.26097, -0.0106265, 0.390858
0.268054, -0.0014235, 0.397104
0.277452, 0.0117905, 0.404209
0.288937, 0.0262195, 0.412201
0.300885, 0.043, 0.421231
0.312214, 0.0613115, 0.429693
0.323829, 0.0812645, 0.437979
0.335074, 0.101671, 0.444873
0.344746, 0.121629, 0.448601
0.354268, 0.141692, 0.451482
0.36307, 0.161443, 0.452862
0.370541, 0.180284, 0.451349
0.376578, 0.197252, 0.447324
0.381541, 0.212698, 0.442001
0.385552, 0.225687, 0.43556
0.387348, 0.236376, 0.428813
0.387877, 0.246194, 0.422151
0.388281, 0.254684, 0.415191
0.38854, 0.260625, 0.407655
0.388825, 0.265435, 0.401002
0.388412, 0.269788, 0.39549
0.387348, 0.273045, 0.390713
0.385937, 0.275215, 0.386355
0.384446, 0.27743, 0.383155
0.383233, 0.279571, 0.380873
0.382441, 0.280637, 0.37882
0.382146, 0.281287, 0.377111
0.382178, 0.281551, 0.375578
0.38207, 0.280304, 0.373232
0.382551, 0.279825, 0.372433
0.382839, 0.279095, 0.370709
0.383099, 0.278264, 0.369204
0.383229, 0.277498, 0.367706
0.382962, 0.276929, 0.366081
0.382655, 0.276529, 0.364061
0.382761, 0.276473, 0.363067
0.382694, 0.276561, 0.363324
0.382736, 0.276631, 0.363455
0.382765, 0.276724, 0.363415
0.382829, 0.276942, 0.36344
0.38288, 0.276973, 0.363427
0.382827, 0.276988, 0.363559
0.382805, 0.277038, 0.363738
0.382861, 0.277288, 0.363926
0.382964, 0.277781, 0.364207
0.382932, 0.27806, 0.364353
0.382825, 0.278149, 0.364453
0.382742, 0.278267, 0.364631
0.382679, 0.278245, 0.36473
0.3827, 0.278254, 0.364813
0.382811, 0.27818, 0.36468
0.382794, 0.278255, 0.364798
0.382515, 0.278491, 0.365674
0.381621, 0.278697, 0.367617
0.380863, 0.278848, 0.370937
0.379566, 0.278962, 0.375462
0.376711, 0.279263, 0.380848
0.373641, 0.278112, 0.387098
0.37048, 0.274767, 0.394596
0.3665, 0.269586, 0.403776
0.361475, 0.261518, 0.41358
0.356314, 0.249704, 0.421659
0.350265, 0.234445, 0.427065
0.344543, 0.216354, 0.429914
0.338144, 0.197178, 0.428843
0.331736, 0.174714, 0.423579
0.325004, 0.150407, 0.41677
0.317606, 0.125103, 0.409534
0.311773, 0.0981435, 0.402263
0.305706, 0.0716165, 0.396627
0.299455, 0.047076, 0.393199
0.293075, 0.024287, 0.390773
0.286647, 0.003478, 0.388899
0.280417, -0.014873, 0.388197
0.274986, -0.0316755, 0.387629
0.270235, -0.046574, 0.387525
0.265552, -0.0590335, 0.38743
0.261706, -0.069077, 0.387607
0.258807, -0.077126, 0.388163
0.256669, -0.082804, 0.388784
0.255594, -0.086642, 0.389282
0.255848, -0.089381, 0.389004
0.25591, -0.0906595, 0.387974
0.254994, -0.090689, 0.386465
0.253783, -0.090071, 0.384727
0.252812, -0.088926, 0.383318
0.251801, -0.0873085, 0.382216
0.250638, -0.085432, 0.38108
0.250186, -0.0834955, 0.380111
0.249729, -0.081619, 0.379144
0.24878, -0.0801705, 0.378087
0.248243, -0.079308, 0.377803
0.247958, -0.078731, 0.377897
0.247658, -0.078561, 0.378046
0.247295, -0.078305, 0.37804
0.247041, -0.077893, 0.377933
0.246914, -0.0777735, 0.377779
0.24681, -0.0776, 0.377699
0.247002, -0.077179, 0.377724
0.247334, -0.0766585, 0.377771
0.247523, -0.0762295, 0.377906
0.247677, -0.075705, 0.378159
0.248038, -0.075224, 0.378364
0.248266, -0.0746225, 0.378587
0.248516, -0.0739785, 0.378735
0.248784, -0.073349, 0.378939
0.248771, -0.072608, 0.379172
0.248839, -0.071963, 0.379244
0.24899, -0.071321, 0.37927
0.249091, -0.0706095, 0.379391
0.249295, -0.069875, 0.379629
0.249518, -0.0692275, 0.379887
