2.4349059535947024, 1.4537476977467323, -2.1628419026139394, -2.862250998552776, -2.101134115656338, 1.856834584832356, -0.041225263774226306
2.4348956404646174, 1.4537085153328233, -2.162850397261659, -2.8622689004990214, -2.101174948113968, 1.8568409645726227, -0.04119146389551709
2.434904662320738, 1.4535329350488135, -2.1629534985857948, -2.862223595472872, -2.1011295580088483, 1.8573759856996688, -0.04111330152378656
2.4346969419718043, 1.4541773404079557, -2.163158903279667, -2.8620652445310126, -2.100141638525635, 1.8597285869128584, -0.0412417938377061
2.4340846675170837, 1.4554844250839603, -2.1633259636509736, -2.8615267931659254, -2.0988937993964747, 1.8625894019118636, -0.04143483768126366
2.433628360006809, 1.4559565009119835, -2.1634789579785307, -2.860797956576488, -2.0984525979086577, 1.8636759234683424, -0.041339500519413264
2.433341280668534, 1.4558033014261609, -2.163550626034217, -2.860136927368761, -2.09808291150612, 1.8639360547817976, -0.04116138738240327
2.4333500930247, 1.4554590746765852, -2.1638282837815455, -2.8598762456552818, -2.098968606419646, 1.8643556743992704, -0.04112768938126532
2.434171753801042, 1.4548713450387458, -2.1643196935543347, -2.860191853633726, -2.098918084241392, 1.8643804741107033, -0.04115283488097443
2.4328149023099748, 1.4546113925584647, -2.1628209922753783, -2.8594240668317905, -2.096435005372024, 1.8633247519403469, -0.04074752864611497
2.432319776065656, 1.454516616319558, -2.1626135135516495, -2.8592232088610876, -2.0962758487118816, 1.864244111501547, -0.04077160063093288
2.4321637638542164, 1.455329163493957, -2.1628031939141614, -2.859323763605847, -2.0958789018768282, 1.8658823216690088, -0.040953636601448906
2.4323304051266277, 1.4557316086878025, -2.1630497080071045, -2.859304312216337, -2.0956656703611802, 1.8667454144380038, -0.04107221798882321
2.432258611111541, 1.4563142643394436, -2.163168121456975, -2.859001382974463, -2.0950631182257293, 1.8680128684672859, -0.0412020893144085
2.4322633171426897, 1.4569204323832396, -2.163229685659527, -2.858697546372982, -2.0944379634504324, 1.8691532567095646, -0.04122659035432541
2.4322808573998653, 1.4571932383910031, -2.1631718509773012, -2.858381264109454, -2.0941302618577726, 1.8693917556165012, -0.041126364656654424
2.4322703535613552, 1.4569758780805309, -2.163070454125406, -2.8580872120509193, -2.093889644969833, 1.8690830172977648, -0.04104303141322152
2.4321833816709812, 1.4564877660039794, -2.162810407329653, -2.8579769746947754, -2.0941110787880515, 1.8678968962103077, -0.04085549244177056
2.4322807108400486, 1.455831763597807, -2.162846668388368, -2.8580004736298985, -2.0941473506932873, 1.8675057202700511, -0.040672438480594764
2.4322804077506017, 1.4561556971205443, -2.1628875718397023, -2.858249000054256, -2.093738081806096, 1.8683019934048168, -0.040694169974742955
2.432260006390008, 1.4570452527939937, -2.162871201241229, -2.85860133325645, -2.093244860890451, 1.869391167500103, -0.04075253213929475
2.4322836459135697, 1.4579134024253992, -2.1627825511692595, -2.8587947334939035, -2.0926013284105016, 1.8702116591632265, -0.04072259136989054
2.4324346864877704, 1.4581999797317868, -2.1626571953343134, -2.858893192381407, -2.0928207725889294, 1.8698488680540812, -0.04061977158201113
2.432791682866778, 1.457563870762967, -2.16271257397746, -2.8590575076277656, -2.093961841282839, 1.8683425959032078, -0.04046130725512587
2.433067369591056, 1.4565066149871084, -2.1628110512831107, -2.8592525655038195, -2.094793054364155, 1.8669076742997213, -0.040351484700218876
2.4329899380507314, 1.4557759825887482, -2.162868743064722, -2.859361568069861, -2.095102330355221, 1.8665008312931075, -0.040376080744276344
2.432699596987659, 1.4545818812839402, -2.1628078340074133, -2.859157947402248, -2.0961198497395053, 1.8647263342040041, -0.04055666023513016
2.4305581514348553, 1.451670311196291, -2.1605778830127402, -2.8575130331977423, -2.0939259197828033, 1.8578284637198195, -0.04131483161639604
2.4277249086037127, 1.4489130574060498, -2.158303615619756, -2.855898941217081, -2.0948473516464183, 1.8534446646744875, -0.04331172038109177
2.428757437317362, 1.4413411294427503, -2.1549079131312396, -2.8565949833110578, -2.0965171499371618, 1.8357944810266087, -0.03876903168412138
2.4360299550188635, 1.4237569951892608, -2.1530941382826114, -2.8602608360757307, -2.1093909671440887, 1.8059922219820237, -0.03251292025573438
2.4449509979417474, 1.4090951874898474, -2.1548994297495083, -2.8649619973817293, -2.1162232232225318, 1.8036610510168174, -0.03112156231759311
2.4542339122479824, 1.3979944287753812, -2.1552726442429124, -2.872059287614184, -2.1206031575009856, 1.8058234026904287, -0.024561598735471257
2.4701751689204574, 1.3766931736496248, -2.1586755062725134, -2.882594811186997, -2.1341041517977217, 1.7910104667969353, -0.011298039600921683
2.4845794959794105, 1.3548795442389343, -2.1659793005584698, -2.892287180623444, -2.1338504330720234, 1.7957830326101032, 0.0010451091251839628
2.489971724935126, 1.3411559040732373, -2.1703798503276603, -2.9028432691581303, -2.1200049341502414, 1.8105916904550554, 0.012319017571408963
2.4880718383923366, 1.3311549737709312, -2.17355150158006, -2.9158039930994777, -2.1015003665459595, 1.819096126437577, 0.023599170320947493
2.474623381614885, 1.3283181157809274, -2.1757324294322826, -2.929138716653692, -2.0772891613659805, 1.8314668254612823, 0.03179489445931338
2.450359530757199, 1.3351543381827389, -2.1789225599731266, -2.9422468698465325, -2.0503515406810386, 1.8532253017140192, 0.037502839071748006
2.411390715801934, 1.3549102775717854, -2.1772058957534046, -2.953369629284164, -2.021266198664792, 1.8794434635529136, 0.04162593538894033
2.374043096554038, 1.3693719148485384, -2.180350692516555, -2.9651796491383324, -2.007259074266999, 1.8777133487247184, 0.0498554243727698
2.3469255654745993, 1.3705219804326694, -2.196749840745193, -2.9766391603744866, -2.0111286247209463, 1.861785363825307, 0.05943444106917628
2.3224755173110783, 1.3674207973064432, -2.2176189266115767, -2.9874231163846234, -2.030114373520316, 1.8395369678993987, 0.06943693683262797
2.305719646469216, 1.354216283303118, -2.2448685495930523, -2.9985641929748157, -2.0670893946553033, 1.7937922401903492, 0.08047734909643367
2.2949579925867827, 1.336906527507316, -2.2789978040957752, -3.0085482248299824, -2.118207940366254, 1.7492998592457312, 0.08959501322958907
2.2864676016630376, 1.3288362132953493, -2.3141231847047763, -3.019064493241781, -2.178507407141815, 1.7258274399060731, 0.09406640040816949
2.279003144392428, 1.3367770159754206, -2.3474553917192473, -3.0280311974299527, -2.232676166821456, 1.7363171190160784, 0.09438869955214368
2.2749762463510628, 1.3518081045384696, -2.3758386905972273, -3.0330693923797947, -2.274625759474919, 1.756825353905148, 0.0935720207698969
2.2489429951916797, 1.3758238089164072, -2.37625804648669, -3.031766927758297, -2.302701467108079, 1.7683005586742038, 0.09257585448455341
2.234994351267808, 1.388014407922106, -2.386643664045941, -3.0284402180476855, -2.3318000597915525, 1.7655142412966747, 0.09221026819361455
2.22533124087753, 1.395294572043837, -2.3938812829032265, -3.023247400400537, -2.347867551562974, 1.7681086477432721, 0.09207954290491749
2.2218933081665213, 1.398419743643581, -2.4002835292677798, -3.0199476614624157, -2.361881315914726, 1.7661305781058214, 0.09205268953707169
2.2212346031635803, 1.3980987922797867, -2.4065411083379615, -3.0185396665988904, -2.3812748675620803, 1.759266261872959, 0.09123452408583432
2.2183802826681074, 1.3962030220590043, -2.4101152485832493, -3.0177794857926354, -2.3997470302933674, 1.7495189615403888, 0.09007910739925507
2.213730771557991, 1.3951951436134822, -2.411338278825667, -3.016541235170741, -2.4101472155397623, 1.7459772898311225, 0.08911771250942024
2.209249487307236, 1.3972290225830895, -2.411839991170746, -3.015291040056714, -2.414320428219134, 1.7513788605612177, 0.08830174879548025
2.2062612359750027, 1.4018504739230018, -2.412453148753718, -3.014080226325291, -2.4136474478819494, 1.7627856903304, 0.0878249765957726
2.203864920493807, 1.4078975678125607, -2.4132017707415017, -3.013207029798039, -2.4142320720045802, 1.7736602162468849, 0.0872170044917322
2.2043885535236676, 1.4104938169765662, -2.4154230222321758, -3.013178359165871, -2.4176537438470476, 1.775292800699349, 0.08706410651122187
2.20758220376881, 1.4072678242653227, -2.418663439726153, -3.0135060601364634, -2.4221837536218693, 1.7677132129969984, 0.08772575909050939
2.2131187700222767, 1.3994799494574446, -2.422785358070449, -3.013526425111598, -2.4249892987850856, 1.7585997644020246, 0.08888365235462725
2.2162764125215872, 1.3933621399488763, -2.4248517710652173, -3.013249229107637, -2.4255538684113542, 1.754759344545045, 0.08982319679538175
2.2178336479330767, 1.389680805574426, -2.426765957424111, -3.0131736534311893, -2.426866416055816, 1.752867669788424, 0.09048781796277261
2.2205820431151118, 1.386051747084653, -2.430283133372015, -3.013512223285736, -2.4302249583539535, 1.7483433913532096, 0.09119637749692355
2.2270413084602794, 1.3799389465979433, -2.4360089555604763, -3.0140983572854667, -2.4349021833289743, 1.7397630630401046, 0.09214713688167908
2.232707631160933, 1.374242872659532, -2.439781433569655, -3.0140020963713123, -2.436492496034978, 1.734965370329899, 0.09288670131539067
2.2345914231857673, 1.3725066576442595, -2.4411936803974212, -3.0145170498495704, -2.439501523405073, 1.732577754783426, 0.09311811962422567
2.240950278148258, 1.370558860767825, -2.4466991473390864, -3.016921448751865, -2.445515305807855, 1.7296636800904093, 0.09295170064058134
2.2466130758414344, 1.370383319244084, -2.4471154758210325, -3.0203619444196503, -2.442407859560295, 1.730389183926814, 0.09235817965500281
2.2534735635039063, 1.3672336714819266, -2.4412408439566375, -3.0260343174143403, -2.432331967618314, 1.7240913622072576, 0.09251338374598106
2.2678233934455037, 1.350345003643648, -2.440297257342693, -3.0333211155438944, -2.4294465647158683, 1.7052510688925597, 0.09377935126996118
2.2785924780352076, 1.319598062110476, -2.4384006245994447, -3.038226251252431, -2.429480013851779, 1.6814924577778783, 0.09533162041445475
2.275609629203384, 1.2786823875871125, -2.4325941875245274, -3.0397025046076296, -2.4366714243846053, 1.6519032422943898, 0.09695606736355344
2.269112494416323, 1.2232873576034624, -2.4326170577231814, -3.0372296456360335, -2.4479042728806233, 1.6153512415109752, 0.0997412973009002
2.2511822601572113, 1.1613783044003867, -2.433668319957029, -3.030797928506768, -2.4709236416350473, 1.5817803918431306, 0.10123604518620066
2.225067597986669, 1.0913190852625139, -2.435376513424278, -3.0217345176863537, -2.4932093209025465, 1.5291108675949836, 0.10522888269689545
2.199855712358131, 1.0169289041663312, -2.446380955984936, -3.004527925928077, -2.5123326461923474, 1.4913409754555946, 0.10994202964651123
2.1666936283840847, 0.9424995733007204, -2.4552505317018385, -2.9797526185287015, -2.538639001408508, 1.4593030710003614, 0.11395209337153833
2.1145803447362415, 0.8679224744034926, -2.4502339455649134, -2.946541330163747, -2.564919626117347, 1.4186585489931254, 0.11818010082987929
2.065433936769953, 0.7928644012071242, -2.448802962372156, -2.906079010382234, -2.5836494219262702, 1.3905913286990241, 0.12239908124341525
2.0216663008582643, 0.7166896025915044, -2.4509648099041303, -2.8624865997770863, -2.6116044072972704, 1.368275310770855, 0.12509954644428234
1.977122512617047, 0.6408398000798048, -2.45194718209466, -2.819813198693393, -2.647802207985497, 1.3402423645980033, 0.12939579907764642
1.9357887409957613, 0.570487252441767, -2.452453043112902, -2.77841979585142, -2.673427726890133, 1.3197817985504159, 0.1339800172535046
1.8993403700974412, 0.511597742403735, -2.4544709936761553, -2.741345124577161, -2.7009397221982736, 1.3096341152301374, 0.13776562692579297
1.8516709033489818, 0.4689048496901158, -2.445080061694096, -2.709746907565277, -2.731069152778585, 1.2983105745324668, 0.1394874730285638
1.8069213139699762, 0.43996902275246974, -2.4354084873666757, -2.6818065241483797, -2.751927781336886, 1.297144643368254, 0.13958156147984635
1.7689031684266823, 0.4182280162856049, -2.426242925181307, -2.6547746556012575, -2.7625086521883295, 1.295613569376517, 0.1403839085061298
1.7351700456739998, 0.3988007001309377, -2.417230396671008, -2.6284803568520374, -2.77934177551431, 1.2834525633665947, 0.14353166098373915
1.6929369410054083, 0.38485154721683124, -2.3987259731054493, -2.6020501131329405, -2.7990202209212987, 1.2719975413290925, 0.14655565811455507
1.6564478561258564, 0.375965089148913, -2.38463909668101, -2.577923217569337, -2.8220660541097375, 1.26369147609946, 0.1494060099199661
1.6279629779637155, 0.37014517273104275, -2.3760721615587714, -2.556227487569176, -2.842579990522448, 1.2537341037605234, 0.1525249827121593
1.6195894580838717, 0.3633163556819916, -2.382374975307653, -2.537084844069712, -2.8583737320601648, 1.2447456302310336, 0.15659345902983546
1.624153118631681, 0.3572330721773831, -2.3974793618859165, -2.5214629617065585, -2.8731293706235457, 1.2405778204373217, 0.1602132851264857
1.627344234034041, 0.35478291746232493, -2.4095177196071047, -2.5096620315654663, -2.8875084402946642, 1.2369527931661555, 0.16280805613883587
1.6560035800716824, 0.35278053686702204, -2.44227322931972, -2.501649695433543, -2.896145221546213, 1.2403826886276912, 0.16693256666644984
1.7341179439551695, 0.3680482965130203, -2.5191861037293757, -2.5015664920353924, -2.8885517542395123, 1.2811601423375985, 0.17440264584646314
1.7300401402731964, 0.3925067627953025, -2.5202563919069387, -2.495313136363161, -2.8803473088613787, 1.2848800864953622, 0.17221815701857768
1.7152455938307183, 0.4127329831528348, -2.5070038112615594, -2.491814020227496, -2.8709859283796346, 1.2950345221158646, 0.1681719181572534
1.734763076137014, 0.42270661452610536, -2.519533569050755, -2.496539139608368, -2.868802742804492, 1.3119929130860193, 0.1659560255169117
1.7530887264813693, 0.4302935315052592, -2.528936960382704, -2.5094556803163304, -2.8645109170488716, 1.3320651150223402, 0.16225747335437912
1.7659461220204271, 0.4304540487341395, -2.532307668216075, -2.5266691489840074, -2.86364294031148, 1.329007976633049, 0.16049235393985573
1.7719507698827144, 0.4286733001362517, -2.5288088923720284, -2.547707882367792, -2.8537941616524165, 1.3243110409562524, 0.15764179193030348
1.7620287614783443, 0.4344343818062031, -2.510230210185526, -2.5745864429393244, -2.8309462367389946, 1.3294331408208393, 0.15086738124500254
1.7458864064543782, 0.45267028458911973, -2.482796690110252, -2.608633980869657, -2.7943259214794436, 1.3441138569195719, 0.1395731869734229
1.7499170523037861, 0.4740175342940107, -2.4696379088995135, -2.6475427553151167, -2.7664139591195314, 1.3517083554894622, 0.1299259863979243
1.7591971693960033, 0.5004249860725531, -2.4540490999804776, -2.686733317056756, -2.7284290799171114, 1.3578025981465958, 0.12178117910480335
1.7732267188981137, 0.5332509696445449, -2.434291668340344, -2.725828889154622, -2.6819306396711537, 1.3623653540031269, 0.11648942862493339
1.7878771251007919, 0.5767180256229167, -2.4067697650819966, -2.7649662896497116, -2.627481872075019, 1.3704330313282531, 0.11283878138935055
1.813118943658905, 0.6280310852808624, -2.3806385458762076, -2.8025947599161096, -2.5646205195338485, 1.3831441006717196, 0.11206759328796778
1.8429168825339097, 0.684215066905403, -2.3526155633650934, -2.8339031489872735, -2.4976512240218955, 1.4010815116580968, 0.11358678741838801
1.873434724152144, 0.7552270538598149, -2.3234561477901234, -2.8637838987458846, -2.432969900692486, 1.4383494182173315, 0.11251951225493784
1.9101553731016327, 0.8300062668812185, -2.2979272710895122, -2.891525299117486, -2.373658005563576, 1.486945491706014, 0.11031488264647216
1.9409595331011875, 0.9076941850089488, -2.26779706787727, -2.9153161625199395, -2.3183999974496716, 1.5405456413653305, 0.10772856669257003
1.9691376306804838, 0.9909544208576442, -2.2382492531916824, -2.9352793949363836, -2.262199259467538, 1.602756088466383, 0.10516368127013287
2.004353392570101, 1.0806100935719227, -2.216184900325665, -2.952906739162863, -2.2093677803270078, 1.672885866925589, 0.10025757661950685
2.0346180526310143, 1.1801430572188645, -2.192268026333938, -2.9677039177071283, -2.170300245422892, 1.741415358130336, 0.09147087322103964
2.0713307569119763, 1.2856303502285336, -2.1784853098921975, -2.9831940075753813, -2.148358313980541, 1.7760794907418571, 0.08414212302195878
2.1147776153452664, 1.3862227334488075, -2.1749645463302523, -2.991870461980204, -2.1332120548710467, 1.7990313604280637, 0.0747419849980453
2.1379486221239716, 1.4880257804798802, -2.1611185987460892, -2.990554123932892, -2.10995764428053, 1.843040620039126, 0.06249195951627229
2.1546908044333115, 1.5685833312509905, -2.1476856547867413, -2.985502583948036, -2.0819134046144105, 1.8725513027010585, 0.0529841044515198
2.1637840608772354, 1.6249276685208827, -2.14011515023319, -2.9767576642592513, -2.0555534064256626, 1.9005152905219198, 0.04073159574685725
2.166292613764453, 1.6587306782722093, -2.1352878954489647, -2.9693678864009954, -2.0500015447308986, 1.9015981616293338, 0.032070699176220074
2.1869494972332397, 1.6486771635922013, -2.14540137142159, -2.967140287314254, -2.0726259593277803, 1.8687616852843014, 0.02568773467682206
2.206233853187026, 1.6299416413788022, -2.161412050361852, -2.9660400371114193, -2.0961279080842594, 1.855310712278051, 0.01602135814192529
2.213441389123556, 1.6266032682488953, -2.174348429090248, -2.963904429912457, -2.1031501019351335, 1.8771140563031068, 0.009635924540187801
2.215705957710121, 1.6293663538655867, -2.182829997511501, -2.9620523797434792, -2.106770815448158, 1.897497642024927, 0.007161954802624493
2.2149629371342243, 1.6290788881480234, -2.189165681596945, -2.9608814744427896, -2.118362554972915, 1.901548515781144, 0.005642083437024326
2.2139834893518433, 1.6252240365717538, -2.198018485389202, -2.9603856872240826, -2.133487538700164, 1.9052294733610466, 0.0062593814905556044
2.2148651223049693, 1.6196888083311647, -2.209324841538656, -2.961372880881852, -2.1511873228776626, 1.9105794650097696, 0.00752174915084769
2.2179681923922985, 1.6136707819578762, -2.2217759697490127, -2.9637883530712905, -2.1687497544043275, 1.9169576444412364, 0.010307614769980766
2.220874066701654, 1.610454621371324, -2.2327442924269842, -2.9661875232337174, -2.1806440924462365, 1.9294235559553883, 0.010985478859183218
2.216404081890502, 1.613896749663903, -2.2362176616052754, -2.9658031087601104, -2.174324529593772, 1.9448593420872538, 0.012760350413123511
2.207325782248283, 1.6191010847468972, -2.234660184266997, -2.963199753472237, -2.161597054140855, 1.953168730330912, 0.018396316684267333
2.2035590196323067, 1.616701414438869, -2.2356491783262875, -2.962533465574956, -2.1700212748265795, 1.9438749402101756, 0.02105428516890928
2.2030421384116927, 1.6091672351991955, -2.238928980182946, -2.9633229202579425, -2.183848471522097, 1.9290123915675004, 0.021281711808466497
2.2024314368233906, 1.6036950940498924, -2.242621783348598, -2.963398077025773, -2.1882543808707027, 1.9270709660500422, 0.02231578817376434
2.2039913363237744, 1.5983291367715813, -2.246548294713282, -2.9648143763978583, -2.2015877058004563, 1.921173548443985, 0.021314273787349514
2.2073659888425397, 1.5922816685437562, -2.2529612647284623, -2.966715855703373, -2.2203514055906766, 1.9147480561332664, 0.01958709407313375
2.208692703024237, 1.5889577160086175, -2.2569749379601625, -2.9663306486328587, -2.2201655032477143, 1.9152810422704398, 0.021598187922888812
2.2076364366544876, 1.5905536003362348, -2.2592673101911487, -2.9656863477336843, -2.2211109446148685, 1.9207344427724546, 0.02140534015258133
2.2064670063876637, 1.5952036720008707, -2.260907184360084, -2.9660916429760205, -2.2234434895490685, 1.926547605789903, 0.020213879436669302
2.2092471791722375, 1.5948290375069982, -2.263023195566987, -2.96737100759917, -2.227345646778976, 1.9208489588654167, 0.02250699032083503
2.2169933178286314, 1.5865626808660993, -2.2665725032391784, -2.968923500025297, -2.233038546383969, 1.9055959702629082, 0.026538876148523016
2.221973507478941, 1.5803229927240254, -2.2690930718580375, -2.970035176033938, -2.236120925854107, 1.897435881193907, 0.028313405607300446
2.226401160920606, 1.5738546836913931, -2.270859557188608, -2.9732301989963466, -2.245032230972652, 1.8821772530244196, 0.029971614491823395
2.2278225253785067, 1.569121028811252, -2.270452553601622, -2.9784147173127, -2.2557389043548097, 1.867352799836219, 0.03007968784597992
2.2406798285002623, 1.5543821347262279, -2.2735654470320874, -2.984300682560817, -2.2546961482624077, 1.8571813934383101, 0.03729343286403797
2.2555223481762425, 1.5264060185352806, -2.271142748371073, -2.9863541115285424, -2.236333185207859, 1.8379998046935562, 0.047945961613404364
2.262734089507429, 1.4844444687265055, -2.268071036770804, -2.986230131999025, -2.237942552365455, 1.8012822674665365, 0.0569936079030704
2.2649760607540816, 1.434161200870924, -2.2737762647951865, -2.985754093077981, -2.2564130216354954, 1.7767856394606714, 0.06361544659792084
2.261348001586379, 1.3742165971865008, -2.280151796698034, -2.9834029408180216, -2.269289583331865, 1.7520176157950083, 0.07157443184319945
2.243885514195412, 1.306968254459588, -2.283367104529944, -2.9799838897429467, -2.2938242209800617, 1.7143031005633649, 0.07887748345164702
2.2258871510064733, 1.2328861063393797, -2.299677870527205, -2.976951378390706, -2.3339424404424918, 1.677032566640035, 0.08516977893232358
2.2072795432016825, 1.1578398761618507, -2.3208880137952494, -2.9687697542642004, -2.365891100992977, 1.645187842233323, 0.09105680854065135
2.1727901351028898, 1.08262081191545, -2.3295736962151086, -2.9499848361998966, -2.3907798412068626, 1.608725657970842, 0.09630277288112943
2.131191461934934, 1.0073798192415735, -2.3367886304036958, -2.92404014818411, -2.4236416700400465, 1.5745209190568055, 0.09920746269818093
2.0941670265142633, 0.9322578021612484, -2.3502609505441825, -2.895833456704656, -2.4609710375861074, 1.5484985747547455, 0.10004930009656654
2.0585690607624674, 0.8567761154941644, -2.3614297015233454, -2.8652008548195047, -2.4872984618236753, 1.5178801423979777, 0.10327049387716425
2.019225952102115, 0.7814515412792344, -2.3657302053028983, -2.8303565388761456, -2.506660185151439, 1.4787430920163054, 0.10913831802102436
1.9663808422900644, 0.7067074641071782, -2.355285581201457, -2.790787417230028, -2.524876461397586, 1.446233657754627, 0.11373849844395689
1.9017722118565779, 0.6375068276910616, -2.3327213888036873, -2.7514173338033183, -2.543100607290583, 1.420850476603567, 0.11754237799589529
1.8345948387794984, 0.58379833505452, -2.3085606828254086, -2.717940996063115, -2.5631854301291135, 1.3977920993923423, 0.12188782818135468
1.7848724995838303, 0.5405175489369993, -2.299378143591567, -2.6861736826261033, -2.583453698699566, 1.3843653184049707, 0.12765085112240016
1.7440372534443185, 0.5070061216308934, -2.2949958495851996, -2.654479750058158, -2.6082759535881355, 1.3682914693757304, 0.13481874630168633
1.6986047277987915, 0.484152782039037, -2.2826522379999146, -2.622841383217523, -2.632599824867002, 1.3492744199551847, 0.14096980337980103
1.6623415680420361, 0.46907591881815147, -2.2740366164415846, -2.5939787293298666, -2.653454421773949, 1.3333663749653546, 0.14586861602956525
1.6298900632214952, 0.45922711724993714, -2.264909737142778, -2.5682103523620157, -2.6725675248521004, 1.3160244854298249, 0.14975312097294857
1.6086123439755582, 0.4522851532650938, -2.2621478372287687, -2.5464933666742873, -2.6869143234878248, 1.3043837669685985, 0.15303616873215908
1.6019310794638564, 0.4444309583465236, -2.267998840299125, -2.529154181200451, -2.700000018269076, 1.2935872830876818, 0.15685051100150726
1.6000627154795275, 0.43671330661775176, -2.2746694350138554, -2.5154535150059676, -2.710197795378212, 1.2842490133413342, 0.16025888672820532
1.6004295644636164, 0.43330190575549565, -2.281654612832533, -2.505769145219939, -2.713732450188571, 1.2873464207344538, 0.16159592048649074
1.5996087132891166, 0.4356480921481465, -2.287559279847505, -2.501608153027836, -2.7203653071243927, 1.29119099177111, 0.16124409186865662
1.6012168945232146, 0.43835898382684935, -2.295420148160934, -2.500149209221317, -2.7302775631017084, 1.2912388101363126, 0.16119150879254107
1.610329236109509, 0.4388606462614426, -2.308065199206256, -2.4995463023371736, -2.7330148789451476, 1.2929025229110476, 0.1621644850887547
1.6177294840732603, 0.43988549219956496, -2.3180405558141164, -2.5002187632325112, -2.7340410436434928, 1.2963933644213164, 0.16220117227168807
1.627507717841941, 0.4408543649329282, -2.330003491054942, -2.5037110748179687, -2.7407414691900174, 1.29678914203315, 0.16253833300800746
1.6409061879113693, 0.43969159384021594, -2.3449483384668888, -2.506833204699279, -2.750325433100241, 1.2968675668386247, 0.16349100444657783
1.6487552031658357, 0.4397801242526711, -2.3546064401318745, -2.5081430968541065, -2.753662961560827, 1.3015307602764619, 0.1637087160627111
1.6537643825416248, 0.4418900789637581, -2.361557304667601, -2.5098341323788373, -2.7562880714191325, 1.3058964085799172, 0.16334242443564229
1.660597011457492, 0.4421724645122209, -2.369314836876235, -2.5110897436652424, -2.761233379151867, 1.3028996837108249, 0.16417553643431582
1.6617305256725023, 0.44274742981083737, -2.371039977422697, -2.509926476475261, -2.7598395814546643, 1.3039291932875896, 0.16437588287545424
1.6542060929391527, 0.4474567791239057, -2.3649829640576634, -2.5084080685053642, -2.7549063009794317, 1.311196109010079, 0.16284587320425814
1.6502047922905172, 0.45359727180114007, -2.3628643463744137, -2.508966053667632, -2.758554172469375, 1.3152150571989587, 0.16114095044484067
1.6542709160533136, 0.45843119462377935, -2.3682275309094543, -2.510071643188261, -2.7651819185474826, 1.3194501438464314, 0.1603766315886972
1.66207894789442, 0.4613301365631086, -2.37545855154427, -2.5101394672425483, -2.764329536513211, 1.325249152462045, 0.1605117459899219
1.665947297067106, 0.4642195267611031, -2.3780569806256153, -2.510073351000865, -2.7596815735076907, 1.3303947465653403, 0.160317002488914
1.6696366610653657, 0.46720274440829, -2.3800902087206968, -2.510785529103809, -2.756057908750144, 1.3361819500477647, 0.15992972093458757
1.6746467230040478, 0.46929110834627785, -2.3828609780395613, -2.5114081310667578, -2.7524901742529817, 1.3414862804724148, 0.15991278156573507
1.6806649332494077, 0.47098676650955706, -2.3865567983739275, -2.5122745342165205, -2.7502976985480148, 1.3471113047583003, 0.1598510208840791
1.6829860527722236, 0.47562685619656975, -2.3862134687537218, -2.5148578001856423, -2.7389818751349413, 1.3568979152989353, 0.15825195133613068
1.7007260177259242, 0.4809459009844783, -2.3978229544125416, -2.5274336932743084, -2.7328282507618127, 1.3658673076475125, 0.1563147043511437
1.7100191108210359, 0.4909094844356021, -2.4026324557069323, -2.548555579940369, -2.7327264147594903, 1.3749013116367985, 0.1507498999167458
1.722653748624417, 0.5024068095233121, -2.4065244068370486, -2.576072769788987, -2.715157623737534, 1.3894872931466402, 0.14330241325404014
1.748474410374385, 0.5132583108770961, -2.4151427384231408, -2.6102374132983064, -2.6847431655665197, 1.4041513976734592, 0.13489171158067403
1.7807343585567814, 0.5263888835546062, -2.4232529421833284, -2.6507327350509966, -2.6560653064746056, 1.4174437999009184, 0.12453930812690306
1.795641484618974, 0.5486894098376824, -2.4067647441443016, -2.693637648420526, -2.6095510347493294, 1.4269435951868177, 0.1130962590907556
1.7986508175284435, 0.5840882741504503, -2.3652500759798976, -2.736194121968265, -2.5296960127049184, 1.4417797353199049, 0.10324847753845301
1.786719546337574, 0.644088218065102, -2.297441957722971, -2.7762457538983893, -2.4261417794570583, 1.4770375331534566, 0.09423355701628555
1.768967118892899, 0.7202350351908375, -2.2147899243697484, -2.8078772182847755, -2.3113830715665955, 1.5348840014843805, 0.08416580636448412
1.7642851508528423, 0.7980557589471307, -2.14045831034625, -2.833430471299759, -2.2003040869504353, 1.6231253113971178, 0.07200993359541652
1.7660673959182809, 0.8829140360583958, -2.0757698705366607, -2.8549444287930887, -2.0919511999565685, 1.7432900365495634, 0.059386123146496494
1.783398585148161, 0.9720414467435141, -2.0317282427059027, -2.8788113683312266, -2.014475277915528, 1.84498766396543, 0.052033987986081165
1.826712390549492, 1.061316103774721, -2.015930508277318, -2.9089975336187033, -1.9941582375349087, 1.8811437126550068, 0.04433784633762361
1.8806220293569957, 1.1573103273616754, -2.0184829406367184, -2.9330404832189627, -1.988850131068145, 1.8929195792608535, 0.04076747986638107
1.9153275805449894, 1.272416831668977, -2.0168234931221036, -2.9378800695656, -1.9521415201456245, 1.95652096842071, 0.04343709038411081
1.9453361274090817, 1.4032780937470806, -2.018138236734764, -2.940496804593562, -1.9276095406416678, 2.011644291310253, 0.0451827007600496
1.9914046597081327, 1.5338189550004273, -2.0305561016207516, -2.9511008720972187, -1.9429987316399417, 2.0021751869634556, 0.03966035447695049
2.0536436005626584, 1.6091417094055496, -2.051879611641356, -2.957567137749277, -1.9751455091101109, 1.9622392123860664, 0.03232517828740278
2.1198577357274555, 1.6297738907823707, -2.079501421059353, -2.9592559177675275, -2.014030643789245, 1.923858012460581, 0.02385684751477335
2.1760784251664056, 1.6267850069364886, -2.1088300727848477, -2.9590544269653245, -2.049019160359335, 1.9014809725267359, 0.012453449667264138
2.213632537879029, 1.6242797322286506, -2.1315127626441903, -2.956904670679606, -2.066468139471911, 1.8988305690531213, 0.00041946756706856547
2.235840598009931, 1.6234897471017655, -2.1476547107791895, -2.9528177948875447, -2.0812533697603497, 1.901861663851097, -0.010518996363522604
2.2548604814103363, 1.6171475834087703, -2.164456513490798, -2.9502155183819543, -2.1060400945689794, 1.9068632095237898, -0.023164141946885763
2.2679184077805736, 1.6148138296102408, -2.1790569192055163, -2.947699382227359, -2.1180939785390267, 1.9294218350706238, -0.03417237424755726
2.272996770746282, 1.6163714060049248, -2.1874391759626857, -2.943853847680397, -2.1211803292438374, 1.954242763460936, -0.040643352057635695
2.2745301835357523, 1.6104357862527845, -2.191460286855829, -2.939585423199304, -2.1294719600038663, 1.9584186708096265, -0.04346834090377705
2.27265145410715, 1.5981840831971912, -2.1917765677474907, -2.9350048209417148, -2.131100651891737, 1.9516654640087125, -0.038752133646065445
2.2662016336356174, 1.5878756400741185, -2.1899882297954223, -2.9297618885012984, -2.1247033555277115, 1.9520112115700563, -0.03138604789127086
2.2599532647682636, 1.5807342247803557, -2.1897562486589717, -2.9259895420847917, -2.124243892166316, 1.9555953036762688, -0.028513365778738198
2.2571920878177174, 1.5744914161116785, -2.1921242445724243, -2.924760677273441, -2.1312543459223168, 1.954212915200113, -0.02864406848536838
2.2570648556714197, 1.5702434992163514, -2.1978945630144686, -2.923977735767327, -2.139998821484136, 1.959592486349809, -0.03150225058827516
2.260257352384759, 1.5683413272230666, -2.205611438452056, -2.924156668369495, -2.154465970718384, 1.9673600404447384, -0.04081942359821156
2.264472614942699, 1.5665505714703016, -2.211440958307316, -2.924569280765833, -2.1643230949789114, 1.968761731470499, -0.04548116767071342
2.2670740069130275, 1.5650026330948368, -2.214176483643536, -2.9238623214141306, -2.1663541479594652, 1.968800220322784, -0.041808279901713874
2.2704552864130605, 1.5633967436013556, -2.2164379317710683, -2.923386148288688, -2.1691759063139404, 1.9701301180315927, -0.038789606019627776
2.2743304000481146, 1.5629631950174758, -2.2195858646792246, -2.9239372409655173, -2.173073348226861, 1.9735824122877137, -0.03742004270991561
2.277325164075675, 1.5636805309891892, -2.222766421971576, -2.9245667623026845, -2.174592554636707, 1.9772809018976059, -0.03504691986191677
2.2795162247186838, 1.5641291000777011, -2.22500161512162, -2.9250981125811117, -2.175490316357637, 1.9768485184411233, -0.030906766235974104
2.28218150358553, 1.5628191714634374, -2.225989869950583, -2.9264926986599873, -2.1778204422445615, 1.9695601953471407, -0.02587629049129525
2.285263082947976, 1.5592247103847159, -2.226053434507394, -2.929175908670497, -2.182273791830079, 1.9572280498224472, -0.02066740021793212
2.2905006502909977, 1.5510023743735912, -2.228159691141654, -2.9333800920022055, -2.1926925300408815, 1.94188130197651, -0.012672869412869048
2.3005756267263635, 1.5344749825400816, -2.2330971239081805, -2.9380707221417426, -2.199044174277345, 1.9265922424679438, 0.0010280023699529295
2.3137226930901225, 1.5040643674675431, -2.2373064354563343, -2.9417059709097595, -2.1982892156735048, 1.8986454009594596, 0.01853902673663832
2.3281042487579224, 1.4525582907530081, -2.243066572231374, -2.943029698937228, -2.199249083572049, 1.8498579634550705, 0.03642189297007992
2.3240755252267427, 1.3987766315934982, -2.244414837482389, -2.9391161595362085, -2.1978789806020718, 1.8157754810694762, 0.048180120399216264
2.30455928178543, 1.3448763910141972, -2.24700434442315, -2.9350984006650984, -2.2118943607637753, 1.7852758721315034, 0.059031426758563654
2.289464698703462, 1.2748639017903303, -2.264079932417065, -2.933326901024043, -2.244171101409778, 1.7408448724965062, 0.0710959497377166
2.2604396427917735, 1.204070272808111, -2.278634916040657, -2.9276151879542267, -2.273395547581041, 1.7088863487490809, 0.08118634665030466
2.222892074990906, 1.1302738032738242, -2.2945637306126407, -2.9191990001081374, -2.3108857122601965, 1.6732061622121144, 0.09055266862937916
2.1852267229830247, 1.0561653148455887, -2.3170307059855766, -2.9069150142771774, -2.3537216221133193, 1.6473406376528157, 0.09615438305743762
2.1466827504277823, 0.9821010724927559, -2.339434088414242, -2.8879615958770284, -2.392716194136156, 1.6361700775148407, 0.09762052830062462
2.1054637598298847, 0.9075759601896545, -2.3557216319379606, -2.8667009205427156, -2.4336598710255615, 1.5988257196369258, 0.10131053848131177
2.065261644540435, 0.8331814824643375, -2.3695644153120803, -2.841184545849999, -2.463417323516836, 1.5616715952357154, 0.10482570870074692
2.035708121834407, 0.757326237675362, -2.3875225972700473, -2.8115432996607925, -2.482197708925577, 1.5354483961459113, 0.10850152818342007
1.9887151853894913, 0.6917232886046092, -2.38646113922729, -2.7789189569348274, -2.503113118870944, 1.5174591398051707, 0.10940858872473225
1.9442334638623784, 0.6365774984552308, -2.383833257935769, -2.7478597466891834, -2.5255831798639843, 1.5019124401570156, 0.11162675549706513
1.8982933571359446, 0.5928948520836288, -2.376109496027987, -2.7181151349974453, -2.551229369419868, 1.482820070193533, 0.11546472212558268
1.849322770505136, 0.5603338899348573, -2.360776403230199, -2.688332346589032, -2.570021186899565, 1.4640625619118133, 0.11997601742362907
1.8057556564143908, 0.5366017768034199, -2.3445844773649345, -2.6601232626068585, -2.582327809641596, 1.4472496862400437, 0.12481649788523441
1.7796183686590368, 0.5209679240654213, -2.3400025387141774, -2.63698962704008, -2.5940042817714097, 1.4408360569756198, 0.1290493342721586
1.7496354463882469, 0.5121024922217066, -2.3295971312348502, -2.615866722797958, -2.6109434845542427, 1.42717621861485, 0.13381264226955825
1.7343674891903422, 0.4985667569694945, -2.3298754557286028, -2.5966479000977625, -2.637659386196086, 1.4012593556096231, 0.14281345575300186
1.7071451055774354, 0.49292142258582405, -2.317871669131473, -2.576678739211342, -2.648487527953904, 1.394057599107331, 0.1447298060138591
1.6684620969738102, 0.5047067672039836, -2.295146934960594, -2.5637128515192176, -2.6490984327601774, 1.405140532871087, 0.13920542109231793
1.6535955389621897, 0.5116335694647205, -2.2891107974738514, -2.555163796549035, -2.6551244342537315, 1.4040695603688427, 0.13893226770477884
1.653458047187022, 0.5126276418020765, -2.2922521853891276, -2.5473631633772733, -2.6604390843470744, 1.4017981432210433, 0.14097712100286408
1.6561383318236986, 0.5103754433156649, -2.2950265622429553, -2.540111688427336, -2.6612780268392795, 1.3965898959811138, 0.14394389359849669
1.6538577118944913, 0.5089344515272991, -2.293285907766797, -2.534034168715819, -2.6619222477170323, 1.3923236717705203, 0.14532162248848923
1.6552917318115847, 0.510302186205096, -2.2973703297951173, -2.5322382344818113, -2.66950057675649, 1.394712617350633, 0.14526005699266076
1.6570386984383978, 0.5130755583000033, -2.3031119173223518, -2.53234747818572, -2.6778081298286684, 1.3976026791281182, 0.14487923241611878
1.6555688668339643, 0.5149996130250498, -2.305517225918199, -2.531694481384977, -2.680525706574347, 1.3976035944521463, 0.14468983576728167
1.6529475115786445, 0.5169419418527816, -2.3060540859680234, -2.530922317960141, -2.678774016672407, 1.3984872362628078, 0.14415852606149127
1.6494843022656829, 0.51905505336972, -2.3057663583101773, -2.5299722596196714, -2.6800327640771036, 1.399170671671543, 0.14360640899552823
1.6496358110497074, 0.5189780979887972, -2.307929527021032, -2.527832011365648, -2.6835221436872674, 1.3958042184360435, 0.14487252630140457
1.65894517051502, 0.5154270979655768, -2.316918006580887, -2.523408507987715, -2.685781344006398, 1.3957173425308014, 0.14781062344393625
1.6739120245549381, 0.5133293733377284, -2.329972280404353, -2.51917793828854, -2.6842313225343304, 1.4052406051804889, 0.1496194504380881
1.6799502015998016, 0.5168946231872145, -2.3352269785657365, -2.518164109972953, -2.6837545610354603, 1.4142169028656415, 0.14880063962714463
1.682097307940059, 0.5209498405762512, -2.3363703931431496, -2.5189847178261227, -2.6833617048236365, 1.417093794259996, 0.1484685949835054
1.6865260817498733, 0.5203818386175012, -2.33771311456841, -2.5180004775446694, -2.6799478701032795, 1.4174786664459127, 0.1497691511044028
1.6912065518301773, 0.5176681467021318, -2.3392559166535163, -2.5162182602462932, -2.680054882695445, 1.4191949333097114, 0.15077799827298488
1.6952591594764392, 0.5153070682281164, -2.3415798355492354, -2.5155010471429744, -2.6831180049863823, 1.421267507816668, 0.1514964262295564
1.6974097951999543, 0.5137318433670277, -2.343362264137, -2.514988758200186, -2.6842400775612845, 1.4238304073173378, 0.15174995278959802
1.6936172269800007, 0.5158183291810978, -2.341219661116317, -2.5145396691858366, -2.6809881631447183, 1.4317454670003738, 0.1497334486680506
1.6837675117814666, 0.5237001929955651, -2.3343680283646977, -2.515210973381601, -2.671793711230599, 1.4459353461616677, 0.14461412555217823
1.681383437847999, 0.5344268562033951, -2.3328851211628985, -2.5214097589015037, -2.665605143044531, 1.4586829280170157, 0.13915855310512892
1.6927565540848457, 0.5438157577220073, -2.340929492609786, -2.534628113051779, -2.6653498257719033, 1.4691583367879897, 0.13493662826991315
1.705662726504821, 0.553353599070217, -2.3476304712850675, -2.553212871102586, -2.6656145221078145, 1.479882843954056, 0.1289011423976314
1.729543017882392, 0.5645727200441755, -2.3592275630634, -2.57901129610514, -2.6535328718685394, 1.5007777409555336, 0.12012395351256178
1.757210094148892, 0.578151339686138, -2.365482208004086, -2.6112756236053443, -2.6210506635497524, 1.5176654366081674, 0.10990420401120193
1.7918120449910333, 0.594078165126156, -2.3684529564627566, -2.650115536225769, -2.5777015712234874, 1.5301754543382486, 0.0996449500843033
1.8194906519513978, 0.6220184241454687, -2.3573957120521083, -2.695578172395683, -2.5285997385171237, 1.5462165759026893, 0.08591633762638384
1.8360535579650286, 0.6652695392322459, -2.3265583356835844, -2.743621586066693, -2.4616012892499786, 1.5651356914001502, 0.07390881495875501
1.8644137097895062, 0.7157122146425827, -2.2958384123317153, -2.7869884151668867, -2.3710748093330123, 1.594907937231154, 0.07290215048310422
1.8518968997832523, 0.7915498698536849, -2.2186784201263876, -2.8148544661895425, -2.2509253478571374, 1.6527042767903453, 0.06830294773698409
1.8277996623107882, 0.8807420901289733, -2.128420188417736, -2.832404765581453, -2.1183061415106446, 1.755583144976402, 0.06129661330438285
1.8018730711216513, 0.9849343225939835, -2.0420561184997936, -2.8494047813232495, -1.9984792525339792, 1.8927652849213885, 0.03912226159647236
1.793612856858406, 1.1057771501616536, -1.985979965864777, -2.8733398354815822, -1.9001386744393916, 2.0548357791042413, 0.016515498337279944
1.8075820309976134, 1.238301309460895, -1.9618770772606249, -2.901352921559493, -1.830693959173166, 2.196529970495966, 0.002411348160229032
1.850508728929368, 1.3769652433142046, -1.9627785148743468, -2.9289266254309014, -1.8203168486762742, 2.2702643656677495, -0.01569124182567183
1.9330221509934162, 1.515246507760926, -2.024291450309133, -2.9493894688116447, -1.888263180156006, 2.266269406716191, -0.04528310835070304
2.0208219170004966, 1.625715008387778, -2.063028313457159, -2.9689592466741788, -1.9481302772162916, 2.141486782429668, -0.05311034962738592
2.1072428079985386, 1.6884471616424497, -2.089821808239276, -2.968420772158473, -1.9671004820382318, 2.0724252862304446, -0.061782742846912875
2.1965477527476835, 1.714663732353932, -2.107356596561007, -2.9587475554751155, -1.9815659034412363, 2.04483905853348, -0.07665758272686851
2.2877274592221184, 1.7225092850945494, -2.1222074485988847, -2.9502865325159577, -1.990953270178581, 2.043752829204905, -0.07952331234396937
2.3560804186015076, 1.7205459222122226, -2.1345947439792896, -2.943757648711556, -2.0096750474025935, 2.037082668080288, -0.11480995212488665
2.388063569428665, 1.7199277089574565, -2.146475436584601, -2.93814327842221, -2.0059939029030875, 2.0470834584549973, -0.13821392807278698
2.3918711496496297, 1.7201045590236763, -2.1533874428936643, -2.935881033858238, -1.995170542350535, 2.0555634419266458, -0.14483878912518922
2.369543863071705, 1.7394854946731257, -2.158165179553375, -2.934606608291346, -1.9757680857626578, 2.095773428334809, -0.12502568430295202
2.35114391798227, 1.7469314102098252, -2.157322145727539, -2.937673318877315, -1.9756030190858365, 2.0941994071955072, -0.13708745240573794
2.358042100926262, 1.7214869609035865, -2.1645074255236603, -2.944151285283408, -1.9949521739594296, 2.0623432388168332, -0.1680640501688
2.3605923403181635, 1.7088475001791608, -2.174793152350886, -2.948555896898964, -2.0055888686874166, 2.0630645669505423, -0.16690928554008888
2.363647441421657, 1.702883922130228, -2.1819763619718957, -2.953054831811982, -2.0219069397792087, 2.0612693047752515, -0.16957335563024234
2.3679171328059567, 1.7015116609622805, -2.1875283805481898, -2.9550885214390545, -2.0251623432972927, 2.066143329967378, -0.17616873433291058
2.372006090155022, 1.7045641842068822, -2.191267075440904, -2.9562888033725825, -2.029735299779091, 2.0741010797622117, -0.17546460625406546
2.3707926631905547, 1.7149724342029398, -2.193492988918382, -2.9567307110714163, -2.035819336973507, 2.08667501344609, -0.16459426285801015
2.367213439304077, 1.7253306980518612, -2.1948258545241854, -2.9561941699172483, -2.040425232911959, 2.0951598131312608, -0.15341439986635663
2.3647759877830534, 1.7323765927365038, -2.1965615236046316, -2.9557543032714113, -2.0457491876846685, 2.099976848864234, -0.14514264847028535
2.366081466353858, 1.735005481946164, -2.1993757540806937, -2.956502027096483, -2.0520477628419993, 2.102146701505948, -0.14110025313579566
2.3682203523328518, 1.735920677139669, -2.201813466352104, -2.957732877583793, -2.057191405135507, 2.1027755545563434, -0.13768194500359066
2.3703730060999746, 1.736590394776547, -2.204100821631621, -2.9598299958307495, -2.065422050404692, 2.1017088969394635, -0.13262687916022475
2.374287893447095, 1.7395684020671673, -2.207854295637792, -2.9648817360301747, -2.08013454238154, 2.1051272781044723, -0.11270396549621786
2.380928239426215, 1.7448997954706655, -2.214863648704397, -2.9710930392177444, -2.087492742858414, 2.122540427882587, -0.0812515468707522
2.387311632633235, 1.749497764064838, -2.220360474682054, -2.9749082069568287, -2.083427042725221, 2.150015888008973, -0.062260828030707316
2.3920674117608343, 1.7438220126810045, -2.2194519356531934, -2.978499891347938, -2.085209986043415, 2.160409077042445, -0.04410531363147019
2.396775830347572, 1.711067424395793, -2.2157668168374176, -2.982281173976669, -2.0941883133866384, 2.138099229434495, -0.022291845372079067
2.390532107171458, 1.6538948593804168, -2.212308065517602, -2.982949368028054, -2.102064134599379, 2.0998161161103965, -0.003460931722265137
2.3733724634973825, 1.5807038697792013, -2.21406007197802, -2.98123253210864, -2.123686086748082, 2.0558857161325914, 0.010252318642922198
2.3547712218996004, 1.5052533734001958, -2.2256953524251184, -2.9847191587638884, -2.1721904046811567, 1.9939859337350576, 0.021105167136905578
2.3440040056214535, 1.428517696757524, -2.2528549407114156, -2.9902401734182407, -2.2236099484693117, 1.9139379108920949, 0.03384808087700364
2.329558015811907, 1.3520439880668214, -2.2859393074090555, -2.985414414601112, -2.266216334422406, 1.8448730454244924, 0.044720634422914074
2.312923130878225, 1.275113455578575, -2.3228216031710875, -2.9705037760068356, -2.3084231079994897, 1.7860054559069827, 0.053610041837922395
2.286146784762744, 1.1987792844397962, -2.351124661647031, -2.9471707576473447, -2.3486000896433445, 1.7183653609240093, 0.06534530781767955
2.2409041805226764, 1.1222410300345675, -2.365261355302664, -2.9143696809642474, -2.387512094898625, 1.6608115612980576, 0.07552310585119404
2.1907306202404087, 1.0454715986245873, -2.3742748558873465, -2.8773076925915406, -2.4194620729828404, 1.6238305298921016, 0.08248004837159328
2.133476816299618, 0.9693352579881704, -2.3716280393942366, -2.837928661299877, -2.440768282397002, 1.5916089529891178, 0.09061184889191409
2.066356013953733, 0.8917794780094219, -2.3544432855087427, -2.794817724020028, -2.4546449616103665, 1.559787053532462, 0.09893765768958307
2.003798353870703, 0.8151722746234764, -2.3379831569507923, -2.7540657585532244, -2.4724735780061824, 1.5375145158310506, 0.10668595120857027
1.9523268821508104, 0.7404640197492416, -2.328542606096793, -2.718490102416691, -2.4946877598971184, 1.5184480964981422, 0.11459880392192456
1.9033934165399984, 0.6694383206826107, -2.31827038520123, -2.688587974675589, -2.520651732734711, 1.4982598688640376, 0.1210666615566236
1.8575389549292147, 0.616311499896474, -2.3091835127195353, -2.6673621660792177, -2.5359709410536944, 1.4858022514924691, 0.12628066217265754
1.8361550681833059, 0.5762481983195009, -2.3177742845764033, -2.6505086559513398, -2.5451791253094598, 1.4730618264113815, 0.1363005836782154
1.8156640332871934, 0.552032774125383, -2.324342468846405, -2.6323201942615597, -2.565524335394848, 1.4625828343234595, 0.14234172740227358
1.7905235851594057, 0.5429647168506069, -2.3228261884325967, -2.6147825005282916, -2.5869980893519795, 1.450540444372571, 0.14521043228793395
1.7787513654956086, 0.5390952437907508, -2.3269428842264084, -2.5979641421785455, -2.597589204527699, 1.4453761229023971, 0.1481266629308564
1.7695964275821474, 0.5350522693881974, -2.3281191965264263, -2.5838644991694038, -2.612960243170008, 1.4265873364457846, 0.15178418569760765
1.7558035751408916, 0.5336528908055058, -2.323495176841603, -2.5725867304196264, -2.6254552197046515, 1.4119911206659683, 0.15286599779383625
1.7473819411065001, 0.5342618173476428, -2.323104917880878, -2.566039841503593, -2.633360109654989, 1.405794451317652, 0.15310028954429722
1.75708834679358, 0.5287258003139801, -2.337435774761561, -2.563236814907458, -2.645819566257039, 1.3987119021061059, 0.15652354241842215
1.7506756187223083, 0.5248289774116248, -2.3381655898030242, -2.55983074350904, -2.657041936407726, 1.390213884933921, 0.15691820064302409
1.7367216000838823, 0.5256881431165192, -2.3338954437573465, -2.5587501670542654, -2.6690935228479056, 1.387365389620955, 0.15485723834452703
1.7340178007514275, 0.5244842197037229, -2.338046515005982, -2.558973342110609, -2.6787909248804915, 1.3836460369263168, 0.15501422247636398
1.7519273295229993, 0.5111959556542711, -2.357301529767348, -2.5594222224448275, -2.705369367933856, 1.3588796497010387, 0.16093864563905935
1.7188402449414788, 0.5183561627406652, -2.3333693217142883, -2.55397995373636, -2.695648481203528, 1.367421966540685, 0.15503961925420473
1.712141324307355, 0.5238122704639556, -2.3292047534747464, -2.554977307040792, -2.6969328907557175, 1.3667662436937835, 0.15393352732100052
1.7078034818455734, 0.5276554279931922, -2.326047769956663, -2.5531350948097833, -2.7003005248636223, 1.3656002638183882, 0.15299065474277906
1.7079944804315907, 0.5301568498047411, -2.3255384045328373, -2.5506529126975943, -2.7011448955550295, 1.3649454260728024, 0.15311338118618067
1.708892226058751, 0.5322638772278889, -2.323965641076957, -2.546931747163823, -2.6931423393201976, 1.3661829563236827, 0.15364493071801544
1.7109999784505474, 0.5359532637585724, -2.3244040107136064, -2.543692212586932, -2.688173004272339, 1.3723023154085423, 0.15346475064266674
1.7229375824014639, 0.538725293290506, -2.3341912933019247, -2.5429983236532463, -2.6896576169779634, 1.382222480612766, 0.1539277395592853
1.7290264887772189, 0.5425559924245187, -2.339455526487982, -2.5437092541548365, -2.690799580740844, 1.3895873556316065, 0.15344366203926274
1.7316673934838338, 0.545730846503913, -2.341386710450803, -2.544492554069701, -2.6883677017047924, 1.3961715293165184, 0.1528793872892118
1.7337548083656351, 0.5473504251899524, -2.3427746931938787, -2.5448945167265533, -2.6860836599810716, 1.4020461692041835, 0.15244162203223954
1.7331980638845117, 0.5499168432108297, -2.342421160413328, -2.5452636543624703, -2.682749367136646, 1.4094687960874124, 0.15134636195614615
1.7351222746663524, 0.5512910211773683, -2.343721528014629, -2.5458237239312744, -2.679729546933829, 1.4136444160917598, 0.15117582826898612
1.7399291583294492, 0.5502752255719301, -2.3472315655126605, -2.5463149572536405, -2.6800183023638615, 1.4138522239462663, 0.15211522433935265
1.746698264125314, 0.5475281923262809, -2.3521389917624704, -2.546279850510036, -2.679902397486254, 1.4145542548412635, 0.153510928384903
1.7494590007778008, 0.5467066703437693, -2.354114899563535, -2.5459324493303273, -2.6778251250194502, 1.4196828602109823, 0.15352902785621847
1.7492382593877984, 0.5488682216375214, -2.3541538663177253, -2.5462691058464735, -2.6744186277596382, 1.427577756792287, 0.15245885142855098
1.7498572856566863, 0.5510951514380782, -2.3545878397732256, -2.5468602803615976, -2.6714614887323984, 1.4318202063895438, 0.15195134242771502
1.7507968446790905, 0.5519057905864262, -2.3548327481131146, -2.546737840203839, -2.6695985656663916, 1.4329757233995846, 0.15194075956080244
1.7503990904152644, 0.5532619576153026, -2.353964051940941, -2.546550365432087, -2.6671316559677862, 1.4359038279443768, 0.15133103488139898
1.7499148300258582, 0.5559173781731035, -2.3533808872839526, -2.5470555798048045, -2.6651014384139504, 1.440962068938573, 0.15023925025392781
1.751955912839314, 0.5586515205089713, -2.354929176029543, -2.547636373903093, -2.6622968246889753, 1.4477096078213396, 0.14955441705989525
1.7539881400528277, 0.5613807742048218, -2.355814914820236, -2.5472495235981762, -2.656918566931707, 1.4552840504061821, 0.1487626365114112
1.7507724452825482, 0.566212329093676, -2.35205095431185, -2.5470666025446738, -2.65083996495665, 1.4622353398016052, 0.14640212140528153
1.7440079527477828, 0.5730794178173664, -2.344920347076064, -2.5488495258271007, -2.6426130285087917, 1.4672311698891276, 0.14298097061846615
1.7392680864804824, 0.5808570551496253, -2.3385489601648883, -2.5535788409803013, -2.6317830420038772, 1.4744793591832552, 0.13867580513526523
1.7344643576809098, 0.5905068385096426, -2.3310365800344286, -2.561699892665632, -2.6196344857307396, 1.484012430098419, 0.1326188134204811
1.7358429591576794, 0.5994336738568462, -2.326187654823398, -2.573516893793978, -2.599758848212913, 1.4914769683136706, 0.12842618201481226
1.7529119959102104, 0.6031421006318425, -2.331812197469791, -2.5896534473526396, -2.582842292247501, 1.4926121386056312, 0.1280848342068195
1.777190710320287, 0.6068202544614758, -2.3422561114704266, -2.6108232956427537, -2.570252892146022, 1.4935849200845421, 0.12730276179721844
1.8086399773300492, 0.6182595632328534, -2.3563552045550367, -2.639700127301727, -2.5517766932780974, 1.5065458024563636, 0.12308929025198534
1.8475086388668878, 0.6408139002430717, -2.3706380244073006, -2.6766614920781544, -2.5221957013209693, 1.5280780573818058, 0.11675337739388336
1.8909575660724762, 0.6761066122285957, -2.3811508978668634, -2.719023875725516, -2.4902558959715675, 1.5572429851481466, 0.10972734970851317
1.922908660891391, 0.7311243828025171, -2.372427124292689, -2.7600224464435827, -2.441747709626237, 1.599679370736352, 0.10220838876773097
1.9294301121374993, 0.8061209893517871, -2.3285691353917555, -2.788104777960096, -2.3500568078865225, 1.6673405208689323, 0.0931087525190426
1.9182874055203918, 0.8862810143368973, -2.2631306578266797, -2.79718768518089, -2.2300726311535595, 1.771519134621247, 0.0859450054741453
1.871733292408491, 0.9812042224018258, -2.1797502804418247, -2.7899047927652703, -2.101893036646448, 1.9176617272963128, 0.055408429264372394
1.8278531466588248, 1.094442798479446, -2.1186346348621026, -2.7918086910770725, -2.006281339856846, 2.05528388212692, 0.002812458271889362
1.8167505224062914, 1.2164216273471453, -2.09629822486143, -2.8044495180080027, -1.9158801084206454, 2.157860135431493, -0.01762438439199787
1.833266147995042, 1.343794770181395, -2.09215333677888, -2.8201613090697393, -1.8687926023476837, 2.20904147000655, -0.017648365308607694
1.8794400350865086, 1.477863768092086, -2.0942005051207113, -2.837265077225023, -1.854647309231492, 2.2157486762788405, -0.02654495066666218
1.9497827765018236, 1.6155847025544743, -2.0991431977976616, -2.8493002450263702, -1.839941647282707, 2.2141407199779586, -0.04743225007729368
2.033358596697493, 1.6969766972266322, -2.09779178229196, -2.8507336143218973, -1.845078139967855, 2.169778731089547, -0.0741172959030374
2.1312117765196206, 1.715825617426086, -2.097410555306248, -2.8554645935107787, -1.8597391122353546, 2.11944094321926, -0.09448304138981722
2.228922743824487, 1.7160176336961905, -2.09990546356983, -2.8661906866862656, -1.8618191513706588, 2.095618339459161, -0.10545104759802637
2.315330572174485, 1.702686949976834, -2.097272956967214, -2.8790203040932623, -1.8750968360750413, 2.052131974508974, -0.131371996131743
2.3881011639640466, 1.6816076607352022, -2.096600003761874, -2.891604365269605, -1.8923846835793086, 2.0145933869791985, -0.15225561458633852
2.447085515803103, 1.6572995186652983, -2.0940706668693476, -2.9030700555882296, -1.9057666109714742, 1.9720132033106594, -0.175848826329136
2.489990691384694, 1.6390051228929385, -2.0913880966510385, -2.911351872622755, -1.9124689083914834, 1.9437693895465742, -0.19082974342605663
2.5280832845062466, 1.6165529635014986, -2.0892562159665005, -2.9204535283352895, -1.933086009706079, 1.90612395158632, -0.21018868685640246
2.5587317876712525, 1.5955619183539538, -2.089826699334983, -2.927667662417419, -1.9461189029346553, 1.8791868943808225, -0.22429025742032405
2.5815748535275027, 1.5745659898549311, -2.091072465562057, -2.931445837135887, -1.952996850616545, 1.854085186776258, -0.24269443421817005
2.6045809301223386, 1.54044292335782, -2.0983471070894115, -2.933231836466498, -1.973852828355911, 1.815244813152912, -0.2677699138263412
2.6204890717857676, 1.508898807920752, -2.1088739177064344, -2.932126409837559, -1.9862441324595714, 1.7889175655303173, -0.2859041081803513
2.6201392253844347, 1.497549038494662, -2.1134378760113623, -2.929499061041464, -1.985534854454901, 1.7797314992984425, -0.28787842862182966
2.6093107184015807, 1.5029557440913361, -2.114518903041949, -2.928935532648806, -1.9897548611204225, 1.7772697817642964, -0.28192980153603475
2.6003419263464735, 1.5122364682810527, -2.118108121855604, -2.9312970009352544, -1.9982207269803602, 1.7787028919735928, -0.2797085704854112
2.593511627326837, 1.524144842681232, -2.1229523161051667, -2.9347980903291777, -2.0036088948377504, 1.7881406380982376, -0.2746971896552788
2.5839962721649368, 1.5413640887609752, -2.1264491563871974, -2.937975676352538, -2.007651773328373, 1.8036648952811802, -0.2657426091247892
2.576403465642972, 1.557107156167791, -2.1318999291828877, -2.941135885108972, -2.016386051014159, 1.8199534939980992, -0.2603199922240993
2.5700849655671796, 1.5708960325398946, -2.1379658700692534, -2.9436859798297377, -2.0234200191805733, 1.8365855900516035, -0.2526525093132097
2.5599256437732496, 1.588841450593316, -2.1407752950392087, -2.9453108946674096, -2.027349286617012, 1.8556667577904804, -0.24083875585248293
2.5551242789353843, 1.6056449955242664, -2.144297334029959, -2.9490045235765265, -2.036341067543443, 1.87504446255182, -0.23485121230518313
2.5574099798016885, 1.616933917873646, -2.14888564515903, -2.9531728275413194, -2.043661544642733, 1.891222454473695, -0.23331861946129795
2.561067771870654, 1.6246864294680226, -2.1524433455599645, -2.9555519494120954, -2.047055500926172, 1.9051904829352928, -0.23066447114076372
2.5606111763228476, 1.6355485230618, -2.1546873929450854, -2.955897639896647, -2.0468274810949723, 1.9237895703809578, -0.2246595767043038
2.5579979846329195, 1.6481121116447444, -2.156375974450773, -2.95586299086919, -2.0484229628771837, 1.9404509427611494, -0.22015817922923286
2.558875109834778, 1.6544651708009797, -2.1596879117269836, -2.9565361530966525, -2.05409081387642, 1.9490053041756958, -0.21912394672223812
2.5604489533114005, 1.6582871525866407, -2.1634466836895268, -2.957069378106751, -2.057395603307472, 1.9585280813786223, -0.21794113990979636
2.560452392762505, 1.6628732114031184, -2.1668076072430367, -2.9571047757319437, -2.0585937933107994, 1.9711079937833489, -0.2165199623027494
2.560437189925608, 1.6665589328324089, -2.1695430296017335, -2.957412893098823, -2.0611943682714466, 1.9797027699361678, -0.2170086525820043
2.5622940286141365, 1.6672970037391366, -2.1725944875930097, -2.958402235246872, -2.064648523040483, 1.984940579993241, -0.21875485174962073
2.563995690510236, 1.6687575422001641, -2.1757461495933903, -2.9595223005902707, -2.0672448018980516, 1.992866643503703, -0.22018719673155296
2.5651650061281632, 1.6711069659830988, -2.1790819658703455, -2.960250368343466, -2.0688147925029243, 2.002723473362689, -0.22036212586455495
2.5646382864919133, 1.6753726450223478, -2.1814284160920305, -2.9605907662315776, -2.0694172166675413, 2.0128219088044617, -0.21983906371595552
2.5642087274520264, 1.6791051859173134, -2.184018175036792, -2.9607731106206945, -2.0707050089574617, 2.0216788283319147, -0.22046140860452823
2.564987850564938, 1.6825120846840402, -2.187631066633754, -2.961222588868104, -2.0722170871286894, 2.032173891787405, -0.2222774150445801
2.566278397522847, 1.6872075452810176, -2.1917723977069503, -2.9618467307338907, -2.0718183944199637, 2.0448152160979376, -0.2235070422587242
2.5660824202665893, 1.6925366482126911, -2.1951846456455204, -2.9613819223844704, -2.0701522782108395, 2.0573756221449315, -0.22373105257584136
2.564547575387662, 1.6981528671547625, -2.1978379889075654, -2.9603111529115047, -2.0679843096815995, 2.069469994160734, -0.22244755722541942
2.561410395279399, 1.7045401763848078, -2.198986509631748, -2.9592414896411556, -2.064580128606563, 2.08073895995706, -0.2196828397613162
2.5565602842696347, 1.7112390785523646, -2.1986121962685514, -2.9581806809787548, -2.060661861711548, 2.0910306794057423, -0.21462537184336306
2.5527035375453337, 1.7153596024543365, -2.1970986898441707, -2.9579069640048132, -2.05960310709081, 2.093664188579204, -0.21318204539181096
