0.38295985180526637, -0.043835425264306595, 0.7010501357607661
0.38300458166887974, -0.04390639219999389, 0.7010194715207501
0.38316693977991284, -0.0439905150074062, 0.7010062024885543
0.38336447529126566, -0.044178956900988726, 0.7009206256613412
0.3835878485651921, -0.044362378974408506, 0.7007412248002373
0.3837225849047127, -0.04433508834462145, 0.7006332772359058
0.38389440892832455, -0.04429328630128116, 0.7004356754114234
0.38476120839533906, -0.045204581621954384, 0.6993786837334361
0.38634863102533884, -0.04647596659082323, 0.697432820885916
0.390382681931178, -0.04923263159351876, 0.6936046690147442
0.3955585531772138, -0.05168071314304124, 0.6888508840512447
0.4019457126597083, -0.056694892431170665, 0.681395117225142
0.40973635752856574, -0.05704122186658395, 0.6729830587027492
0.41749946741954863, -0.047439338317401304, 0.6697613425543745
0.428117681401846, -0.0479745035640561, 0.6642903583917501
0.4361995029991338, -0.05726768071954012, 0.6604545898959698
0.441138409292925, -0.06997790557616587, 0.6603971609693206
0.4480492345499816, -0.0857619209449251, 0.6598135004730262
0.4543112014449658, -0.10104270576994452, 0.6603311705139318
0.4573817403110277, -0.1131906816736678, 0.6620587114163435
0.4595521079368687, -0.12208844596217365, 0.6654949304586895
0.4625368535892112, -0.12792072091342627, 0.6704874178936144
0.4659675882057264, -0.13186419392638993, 0.6761388779960159
0.46801556899522795, -0.13477977966602628, 0.6820399938481763
0.4672974032434268, -0.13684571014597638, 0.6871892265349674
0.4671160460247163, -0.13772389977925437, 0.6920564862184647
0.4656576057360009, -0.1374629739455994, 0.6961933571975589
0.4643619558211326, -0.13874034980225802, 0.6988039649139978
0.4621009085445795, -0.1402843740716193, 0.7008652911098913
0.4603823459390831, -0.14018435501036836, 0.703226871257661
0.459579213078072, -0.1387104847131054, 0.7058871621289012
0.45915759972642495, -0.13640383564728728, 0.7088716639778718
0.45914834573181135, -0.13361022000917974, 0.7121214779506
0.45865346414662217, -0.13111465654861437, 0.7152484967237176
0.457778215717109, -0.12912634212346602, 0.7180633375753711
0.45760379851451605, -0.1282974102007805, 0.7198269330561924
0.4571934191431213, -0.1282769105453559, 0.7203099077633682
0.4568092245664007, -0.12800490441254606, 0.7205395730652443
0.4569155374309136, -0.12779632644485478, 0.7205245972081943
0.45710974282638045, -0.12797508795651644, 0.7204256167430193
0.4572551856440883, -0.12826678545069337, 0.7205060940851797
0.4577108114277964, -0.128053782449506, 0.7207879282072575
0.4579604941579948, -0.12778634442530426, 0.7209366066672463
0.458738791441051, -0.1297213710656135, 0.7199869901771742
0.45859428461326396, -0.13182922594968682, 0.7185445739960065
0.45731915177741733, -0.13117999209762832, 0.7177778103992916
0.4589044542409694, -0.13346170106122515, 0.715077433117059
0.4644613429530882, -0.1403559030046125, 0.7103321873962227
0.46838586122799225, -0.1502090574394105, 0.7048256431614673
0.47255344230285823, -0.1626918037956634, 0.6997490748687937
0.47679903082776715, -0.17712561121831039, 0.6949138760444675
0.4831395830941219, -0.19408836017682113, 0.6905393691849875
0.48845319840693874, -0.21126827119942262, 0.6874653645203257
0.49308802274714675, -0.23000089447306576, 0.6854240500977187
0.4977458560093712, -0.24679901356414502, 0.684745512023799
0.5049413634380334, -0.25796821431626077, 0.685921421197703
0.5122340297640633, -0.26952074043002533, 0.6875876870177912
0.5167440355841318, -0.28019883888178376, 0.691142226168874
0.5204218092916084, -0.28999127967792093, 0.6954297422648978
0.5216858935726131, -0.2995856030356447, 0.6983893906141873
0.5231149044797824, -0.3082091146808624, 0.70129499941012
0.5232801994914063, -0.3155171946647015, 0.7031362683309959
0.5238321652023069, -0.32157584866968686, 0.7051661028032058
0.5231562600418277, -0.3260354241750934, 0.7073779695296016
0.5235733873470281, -0.3289694365896109, 0.7096083964841875
0.5245215673829, -0.3306239102362586, 0.711028094052478
0.5258534609209089, -0.3313571078138837, 0.7125588592621463
0.5263600131737176, -0.33136022298262485, 0.7138676696732724
0.5271661691532339, -0.3307834019697792, 0.7152923691016012
0.5276020315154197, -0.3297913250655678, 0.7168281637898068
0.5280490173468506, -0.3285536548065412, 0.7185161350847145
0.5280998203811774, -0.3270765147555581, 0.7204458111252868
0.5282887893509252, -0.3256281831490856, 0.7222061567387819
0.5287807354584971, -0.32468682575233365, 0.7231959111136694
0.5293184541399085, -0.32373756960535693, 0.7241807150207038
0.5301861806338809, -0.32347218257113297, 0.7241227240736223
0.5304044655367229, -0.3237030664410988, 0.7244115159479836
0.5300529583184095, -0.3238227888096041, 0.7254889255867798
0.5303211364932071, -0.32412593994355143, 0.7255768834243317
0.5312158329077702, -0.324851977223625, 0.7246755726183938
0.531079943750358, -0.32559328901198437, 0.7238740283970512
0.5299648829038093, -0.32580181794192337, 0.722211871370573
0.5276737695500031, -0.32410812792963295, 0.7179684177832641
0.5247469740944021, -0.3219398350769789, 0.7086059921414819
0.5196491658139961, -0.3187764419141112, 0.6975149571560297
0.513346621770597, -0.31276622859337055, 0.6854785291518918
0.5064134880580733, -0.3051158059696411, 0.672710180363718
0.49701961473286593, -0.2962641353027661, 0.6613681762500738
0.48666469431562775, -0.28738147732064045, 0.6516708777758856
0.4749707086800505, -0.2778827023912166, 0.6455270424661219
0.46235915145044537, -0.2683076120031347, 0.6417695709857857
0.4515972021950761, -0.2521258537176662, 0.6427302938103926
0.4457320547535513, -0.23093343012691347, 0.6461353640653618
0.44245736288651377, -0.20492794732466693, 0.6512062891067333
0.4402284220216416, -0.1716463329606053, 0.6615912764248453
0.43752023802439377, -0.1422424872809373, 0.6723058779078894
0.431973084450104, -0.11641144436132081, 0.683943730023424
0.42583052756998585, -0.10098703064026548, 0.6931345080651385
0.42222976465981593, -0.09695732343050409, 0.698473466892566
0.4164206019201875, -0.09804294197002474, 0.7017088436119951
0.41115267001168165, -0.10378168168459473, 0.7026235433397022
0.4075944130014035, -0.10882797028673008, 0.702858663633928
0.4046212461877253, -0.11105281902725526, 0.7036368117087679
0.40298197781140493, -0.1116305664997343, 0.7043368109448459
0.40224383659655766, -0.11214834481224917, 0.7047784611412178
0.4019575628489941, -0.11207632585300667, 0.7054559020364468
0.4025496875526066, -0.11390189954004792, 0.7061290464463016
0.4017806516930598, -0.11441144855046087, 0.7082588423066186
0.40044857153456953, -0.11143753594987199, 0.71208533059279
0.3999023618941518, -0.11003837056340413, 0.715115139399697
0.39966218270513076, -0.11119528410082705, 0.7163180532988574
0.39904981505220505, -0.11243952176597173, 0.7169017172473763
0.3985402123009992, -0.11338117192222255, 0.716957553825198
0.39827069569465967, -0.11438677234459013, 0.7165117014743192
0.398226173654164, -0.11532575576527429, 0.7160078319234482
0.39847042340189404, -0.11611890655046223, 0.7155803030231083
0.39879145113454256, -0.11660909220888331, 0.7153866530112213
0.3994141579445519, -0.11704296436362274, 0.7151252893028155
0.4005672531630594, -0.11775913007687958, 0.7141424918467698
0.4015610367293909, -0.12112143631754088, 0.7114227977852416
0.4035159093217916, -0.1295036493414568, 0.7051253673607022
0.406291479453283, -0.13818434449793524, 0.6977147921779449
0.4119568200390017, -0.1490910144258979, 0.6899802457807023
0.41662845833617823, -0.16368200661894733, 0.681634021002964
0.42380039473464026, -0.18122917809370012, 0.6755550814793546
0.43002495197971813, -0.20263570782576715, 0.669928752462365
0.4368166094880388, -0.22493170458258524, 0.667480877506048
0.44201014954559875, -0.24873293209762642, 0.6664317376963667
0.44518934095046314, -0.27039699886883223, 0.6680843246881822
0.44713768649032154, -0.2877517092551308, 0.6722295103386626
0.4492155691664615, -0.3008480508404566, 0.6775414055370883
0.45158465258396635, -0.3104412773978698, 0.6832967540329957
0.4528809498301304, -0.31693639552158337, 0.6890594215995454
0.4539151219159308, -0.32238975180749163, 0.6942091300421872
0.45364867072289167, -0.32588962991765, 0.6995372276006336
0.45356248179997427, -0.32795124145820237, 0.7044379671239419
0.4539032950720928, -0.32896376470079625, 0.7090281678494651
0.4545461912207216, -0.32895679763499286, 0.7130924520234668
0.45515180882829986, -0.32837619779320665, 0.7163136668555319
0.45530886227110806, -0.32757274164735256, 0.7185739131233703
0.45541398933603244, -0.32683704286672066, 0.7197156526593859
0.45547763743469755, -0.32603804552381166, 0.72048673728708
0.4556591342080029, -0.325285386576438, 0.7209891962406555
0.4557588022623804, -0.32436871761322433, 0.7214692716815575
0.45587377300699705, -0.3234909980510687, 0.7218257460924664
0.45614036153732423, -0.32258840395342525, 0.7219550996885757
0.4566082703098244, -0.3219258904384091, 0.7218232411233345
0.45684557562654887, -0.3218308460963571, 0.7217300842319315
0.4569857215948962, -0.32169123778395664, 0.7217320024289283
0.45771064823494306, -0.3212381076011345, 0.7220089228903762
0.45833123339352877, -0.32085139160654497, 0.7221979707493797
0.4587105649568137, -0.32084912527621956, 0.72228131285351
0.4592396449008903, -0.32100355350056464, 0.72260707684865
0.45946182739896685, -0.32136856943399544, 0.7228029402259525
0.45934951922525663, -0.32141546042689895, 0.7230008115564556
0.4586324880656263, -0.3209929338855896, 0.7203417498050253
0.45853633418415923, -0.32050738556266184, 0.7159103262302916
0.4543318448559844, -0.3194012896882046, 0.7067056918429
0.4510748924088508, -0.3157889005253381, 0.6946486127569949
0.4451664781199542, -0.3081675286320372, 0.678983077170678
0.44125778943837973, -0.2978111569666746, 0.6619783418811186
0.43508653824426496, -0.2881695024439701, 0.6450265579070682
0.4287518680757006, -0.27468995850294325, 0.6302769163704974
0.42247449887524774, -0.2579980505206192, 0.6215974492590847
0.4152628201479805, -0.2377254113190809, 0.6204212107031061
0.40880598192777856, -0.20975933100259458, 0.6315025456947858
0.4019541490264263, -0.18292066118435424, 0.6447272931762918
0.39593512827605326, -0.16076636839441305, 0.6582590908626729
0.38766152861540787, -0.1423494037718706, 0.6710319511626366
0.3796867640003886, -0.12841612384318063, 0.6821073142810643
0.3717199311368512, -0.1226246305572169, 0.6898576678648577
0.36509688227687337, -0.12225754398654984, 0.6951004333402171
0.3587678803282144, -0.12282477005307599, 0.6990283126995605
0.35474788919655487, -0.12365279798812456, 0.7023151111838919
0.35198124984286305, -0.12357536175255757, 0.705481777281624
0.3508575151923344, -0.12254544362703298, 0.7086374266026708
0.3497402361169264, -0.12292182511990392, 0.7106821490438017
0.3490228732376083, -0.12421740665334127, 0.7116441430803009
0.3483471359064678, -0.12461896999254768, 0.7126662766939778
0.3475087369280057, -0.1245281724299036, 0.7137949453927259
0.34745638988048644, -0.12413762360166983, 0.7149052929652444
0.3479387270481222, -0.12385614448877101, 0.7155299024710856
0.34799367449774177, -0.1248704789440491, 0.7154636627771332
0.3481113236568232, -0.1259525482110842, 0.7151879232357122
0.34827234580751965, -0.12601778954575238, 0.7152291453582246
0.3487585544301414, -0.1256020519654379, 0.7153631562543155
0.3492269467220342, -0.12468060970640366, 0.7157605758638218
0.34968412904066887, -0.12432554126240433, 0.7161608126241433
0.34989005884436036, -0.12320549081742466, 0.7173205260297569
0.3506669864323258, -0.12304136954912862, 0.7179713564549006
0.35344011624405025, -0.12836816632998993, 0.7156126866395842
0.355998104383315, -0.13469325294614554, 0.712254736508173
0.35792433879331287, -0.1390381303677487, 0.7099210635801293
0.3620913949323935, -0.14730259778271074, 0.705992594782579
0.3674941786415829, -0.15987842165499405, 0.7008105381197001
0.3724899434103177, -0.17597803724101574, 0.694952735703071
0.37702269728500737, -0.1920790693510569, 0.6902606242230898
0.38107925658233044, -0.20977045483418513, 0.6858757897137735
0.384490987500347, -0.23106986024137136, 0.6805117220691513
0.3874184993038532, -0.25035759215495634, 0.677083611095023
0.39202141500746096, -0.2624165630902301, 0.6783391774891351
0.39723962562258863, -0.27452427266587764, 0.6801870900807379
0.39931152743108594, -0.28929754179414113, 0.6804345329973249
0.4000428676496756, -0.30205219822211604, 0.6817276314307811
0.4011312505588442, -0.31101877018324126, 0.6849547908028318
0.40236031549102996, -0.3184304920128481, 0.6888090128462517
0.402436571382254, -0.32621132131877734, 0.6915088960163185
0.4027809907107194, -0.33118400835281736, 0.6950541228404101
0.4022245810291295, -0.33414960146907013, 0.6985975656095545
0.40251655917391976, -0.33518332730466394, 0.7024077568098774
0.4016473880333345, -0.335257219423671, 0.7056277846306966
0.4014081922500165, -0.3343024490298125, 0.7090608041725294
0.4009939438528434, -0.3328449714431475, 0.7118261123187145
0.4004098411283047, -0.33163945263662137, 0.7144760594226107
0.39950237459141524, -0.3307636329332618, 0.7169412376680121
0.39834640303887664, -0.3301249376933727, 0.7192863373972911
0.39789273882960485, -0.3296157561442292, 0.721319690324397
0.3972291422643871, -0.3296688697041509, 0.7232760982362776
0.39644907842063315, -0.3301497802398379, 0.7244224394850723
0.39577424769950564, -0.33071014659585607, 0.7251472787384898
0.3950392271872305, -0.33116855963003344, 0.7251580103971929
0.39498200362331554, -0.33112843591852226, 0.7247767650788498
0.3956578589275899, -0.33065389728580963, 0.7246000689862065
0.3966262647350755, -0.33023293589270486, 0.7245511183847515
0.39758805331355224, -0.33000549251521744, 0.7246013502760598
0.39834790772717876, -0.3295633276882873, 0.7244493787266084
0.39911007960366474, -0.32917173402295724, 0.723205101530906
0.3984501086544493, -0.32850652891978094, 0.7211273958149209
0.3955616451317619, -0.3263924072723911, 0.7164756930664702
0.39177262240432037, -0.32232027086530823, 0.70954508860606
0.38758387603918115, -0.31543866790086, 0.6994112440226699
0.38593275304506813, -0.3096430861911873, 0.6863154418393261
0.3820190703047413, -0.2997537764847602, 0.6735589855115537
0.3794315851993628, -0.2836859578944158, 0.6642533842234534
0.3773308068809712, -0.2614518827852913, 0.6608258875198036
0.37439894162994247, -0.23835403258874321, 0.6606473221568687
0.37071165141870166, -0.2152633747221185, 0.6628636426574239
0.3659017595673413, -0.19393472597910855, 0.6657057485493131
0.35912700166921363, -0.1754911463605896, 0.669647495712298
0.35270695058969126, -0.15863887986863176, 0.6744657834657012
0.3452341186213283, -0.14697661394154288, 0.6792517106228295
0.33737128223888896, -0.1384079053662624, 0.6845130596487122
0.3293334147772139, -0.13428839908101692, 0.6893144514052723
0.3220487834779113, -0.13042133836221803, 0.6945851301705704
0.3156946462326948, -0.12934885452731912, 0.6986187843308341
0.3103096628668634, -0.1322114139380849, 0.700987987283603
0.3059445103253873, -0.13358374580393714, 0.7037706958401698
0.3034399497304046, -0.13316542078926918, 0.7066414591510589
0.3019229334805526, -0.1331259756453756, 0.7090389123605654
0.30055864213720374, -0.1337559650246477, 0.7112215065602872
0.29968129363730023, -0.13430292792062365, 0.7136092712022521
0.2998113480166311, -0.133599001337849, 0.7162551984970574
0.3002780422821112, -0.1335449560680592, 0.7182539133049389
0.3002250253977062, -0.1352259516605484, 0.7189078137728903
0.3002239067480047, -0.13600886265350465, 0.719333388360742
0.3000956720420852, -0.13474185491823007, 0.7200209140727082
0.3002761038866045, -0.13442112715349216, 0.7200123113117073
0.3001646467758712, -0.13581865304651242, 0.719720574852204
0.29997814251207117, -0.13638633238714643, 0.7200039673507477
0.3003543068376342, -0.13705182064503615, 0.7199321566779882
0.30079167444491156, -0.13872086211396203, 0.7191908510357118
0.30224726602417684, -0.14428324045484064, 0.7169837827525203
0.30440891180246565, -0.14944322431452003, 0.7147549883656094
0.3085224265224029, -0.1543078493055523, 0.7132487873634384
0.3123907278217926, -0.16374056937501663, 0.7097853944335719
0.31649107728402115, -0.17720568863798056, 0.7059382241790562
0.31952828794903526, -0.1929458022858754, 0.7017883817727022
0.3227054239171348, -0.20942457470903547, 0.6991478724689599
0.32473299208571826, -0.22786805309472719, 0.6962606682784656
0.3259501340188979, -0.24679747059947832, 0.693841363376837
0.32670844576934416, -0.26305343539377546, 0.6930872967189411
0.32722064297275355, -0.2761198463345654, 0.694016192186535
0.32792985253474616, -0.2892626117714918, 0.6944773534828728
0.32819338863170744, -0.3017428387367362, 0.6945078164416435
0.32889647882285333, -0.3112114752561193, 0.6959906287823787
0.3293379845649102, -0.3179939356691778, 0.6982027005640044
0.3295650592258993, -0.32459391200577287, 0.7002077118693055
0.32883584530329935, -0.3304781024776512, 0.7022234715822658
0.32799511142867205, -0.3354635262186842, 0.7045324525200227
0.3264169838156767, -0.33921643293644843, 0.706658361658962
0.3248875914025117, -0.3419129820114859, 0.7089582424129377
0.32327506787058324, -0.3434515257610234, 0.7109981447613771
0.32246590212577286, -0.3447176261260213, 0.7125545254774065
0.32229189104290723, -0.34570240752778675, 0.7135792480761891
0.32255893608058583, -0.34574839289053827, 0.7150009264205898
0.322909439085593, -0.34513365538078683, 0.7166697514007933
0.32237951550215516, -0.34507369312943054, 0.7180475081361004
0.32138953060641606, -0.3446922256817357, 0.7197186458905283
0.321179228137057, -0.34375076244980873, 0.7213531329651367
0.3212315749706379, -0.3428944810496447, 0.72220271641975
0.3211494700375503, -0.3424952862008577, 0.7225816094030381
0.3213570174735162, -0.3422607713696705, 0.7225984655514853
0.3217430850540692, -0.34245880938957507, 0.7222415238375615
0.32234907621698466, -0.34281641193902335, 0.7219769684280212
0.32283886063391926, -0.34324225414875764, 0.7215336547482764
0.3228838924759242, -0.3434567118045993, 0.7210062507732351
0.32213619097775015, -0.3443174289843924, 0.7192884772359028
0.321660242905166, -0.3449282727664056, 0.7167120774644129
0.3212422170786584, -0.3450389027083128, 0.7130224939565202
0.32143859413425774, -0.34402198964619274, 0.7083782837336811
0.3216353582213145, -0.3403967297021189, 0.7031330677389674
0.32287756921403293, -0.3355838608109305, 0.697015454843256
0.322978669380566, -0.3297176558793999, 0.6895194088305717
0.3244157357586002, -0.3215997752792529, 0.6823709536809849
0.3286675238857768, -0.30839657900847134, 0.6778277676959118
0.3339683326434878, -0.29407593777450575, 0.6740194876097193
0.3395557182541278, -0.27764547460049427, 0.6717167589019811
0.3454991694558367, -0.2608441702826077, 0.6698017497226074
0.3505876553371406, -0.24594285569944915, 0.6666308456783749
0.3547432777258098, -0.22805895965393613, 0.6654614307255781
0.3600022046538679, -0.20590089694075095, 0.6676207289030214
0.3648710969073733, -0.18463310835250452, 0.6694770542930402
0.36929345650683343, -0.16459804918018478, 0.6720380676224814
0.37271673084507595, -0.1442197472550615, 0.6752288468572947
0.37631586596952965, -0.12323861184934874, 0.6802084106190124
0.37954715170861136, -0.10391631215091096, 0.6848916481877985
0.3838754231911416, -0.08684238705582924, 0.6894740642832892
0.3871716787453933, -0.0721560635226425, 0.6935778913364903
0.3891626422259157, -0.06041141712917652, 0.6961750302941447
0.390273047974346, -0.049968318271902575, 0.6980534930817381
0.3911610614094339, -0.041162406072108394, 0.6998910802676284
0.3917939899692927, -0.034016199443871235, 0.7014203326240541
0.3921393878031481, -0.02911108639678269, 0.7033754042011626
0.39242468196376606, -0.02611433716934295, 0.7051244564824234
0.39196219468545224, -0.025081465919460748, 0.7068318445583506
0.39089878075199036, -0.025393393175665906, 0.7083103727373089
0.3897236642225921, -0.026701666490721643, 0.7094563751710282
0.3890214141188161, -0.028180229883227992, 0.7103465186830674
0.3884163393041503, -0.0296141397797769, 0.7111861159858307
0.3875069434233718, -0.030587348778919304, 0.7121451730723908
0.38701776215927347, -0.03129568491248887, 0.7126454689491815
0.3870065146224686, -0.031975223093372744, 0.7128344258700652
0.3872061180839753, -0.03231701438895677, 0.7129016394157812
0.387296932071392, -0.03243643679901743, 0.7129269784195037
0.3873547263861657, -0.03265171829088109, 0.7128211422161969
0.3873207014378167, -0.03284284352854549, 0.7127671477849713
0.3873361718729521, -0.03303834843811966, 0.7126688725826865
0.38749187815095165, -0.03338681793168443, 0.7124523391350762
0.38768374714689735, -0.03368768054140493, 0.7122812892979535
0.38790213505516363, -0.033837054059617525, 0.7122300475520317
0.3880931716254147, -0.03389486640208963, 0.7123094596862165
0.38823438034478813, -0.03379475388572157, 0.7126206336063102
0.38827993765009117, -0.03369326110420158, 0.7131303288194539
0.3882959507950024, -0.03393885737773952, 0.713489582499955
0.3884567741786888, -0.03423649907797495, 0.7137110345801885
0.3886221762434958, -0.034342819250720816, 0.7139093357998927
0.38882360035120034, -0.03439945192718591, 0.7139847662095555
0.38887842571320047, -0.034868747158937646, 0.71382209809614
0.3889930102671133, -0.035362741965679054, 0.7135567713112564
