-1.1311541358081438, -1.3564700352927828, 0.9605171310081131, -2.6504717178997206, -1.9694197163731273, 2.0574217793288767, -0.18183389555956797
-1.1311889600118104, -1.3564009838410662, 0.9605532103370065, -2.6503866951838866, -1.9692814642953875, 2.0574468979584175, -0.18159157247988578
-1.1314487770335226, -1.3558579642975692, 0.9607567578755178, -2.6498418914903192, -1.968881737135602, 2.0575786001377594, -0.18091789030663818
-1.1317800187352596, -1.3551622653117112, 0.9610066148932148, -2.649212159911329, -1.9684985470562388, 2.0577531352865712, -0.18024289145423023
-1.1321153636453367, -1.3544789562475774, 0.9612402661796757, -2.648635399409187, -1.9681117366747767, 2.057930005493045, -0.17957010622669944
-1.1324442263061467, -1.3538273401890581, 0.9614590287271438, -2.6480991793037845, -1.9677218718265497, 2.0581008907298166, -0.17889933640318478
-1.133173068720378, -1.350245592817103, 0.9628574896391981, -2.6459953386101445, -1.968779194775732, 2.0553692829201893, -0.17596844418732616
-1.1362275696001944, -1.3346027544627734, 0.9670864692553796, -2.636863684924565, -1.9721447180965557, 2.0505291783518977, -0.17025560271127738
-1.1405491575852, -1.3155625721620874, 0.9715209357835661, -2.6272693452406433, -1.9754940616907168, 2.04663662054206, -0.1645152121335327
-1.1454407372366084, -1.2967244312658082, 0.9755714796336363, -2.619058845843437, -1.9786634715163283, 2.042810597652787, -0.15883428553035905
-1.1505030654489339, -1.2785724768871285, 0.9793910621929811, -2.6116826583681796, -1.9817476491539923, 2.038875335174824, -0.15320493512263056
-1.160255215229073, -1.2623492017015243, 0.9867896846850197, -2.602978775562815, -1.9808884694639826, 2.034177240182501, -0.1409851764067689
-1.1846645643437448, -1.2505201013357334, 1.005246980899761, -2.5916915098192765, -1.9768656981912018, 2.0298183862403683, -0.12357750985550453
-1.2121898962485353, -1.2384319608390992, 1.0266310365384577, -2.582446383082316, -1.9729855256546154, 2.0270541252877834, -0.10648173510500047
-1.2394255028276273, -1.2250721850815776, 1.0473672220898829, -2.5748314780820625, -1.9689219304865846, 2.0248860308430725, -0.08949035028748487
-1.2660992088515552, -1.2110412800094448, 1.0669329100421159, -2.567621621913476, -1.9647678967220008, 2.022618763323141, -0.07251978080797628
-1.2955393905376411, -1.1983638291652188, 1.0839407719953522, -2.556325250854661, -1.9634373311698283, 2.0203428165335353, -0.06446510253033821
-1.3307788999246277, -1.1890041822208373, 1.0950102624462872, -2.5358348186765216, -1.964636248289283, 2.013585109573498, -0.060821236025453196
-1.3659986806725417, -1.1806753673804948, 1.1029841243935428, -2.5125570694346333, -1.9659257204899596, 2.0041270058267813, -0.056996755811611344
-1.4002088513394355, -1.1724367337747905, 1.1106469819334652, -2.4890877177535407, -1.9671730290783618, 1.9941929790343291, -0.053077863409055404
-1.4338012623210297, -1.1640599448189315, 1.1191971001631797, -2.4662049715494216, -1.9683745144930143, 1.984728984655785, -0.04913595573609797
-1.4672199794058969, -1.1555236301034917, 1.1286888358795224, -2.443976964997227, -1.9695369074013716, 1.9758930048951697, -0.04520585947856581
-1.5007132319598657, -1.1468461207135254, 1.1387472692212777, -2.42222854082873, -1.9706676497388962, 1.9675168684022566, -0.04129665273572325
-1.5318734989045275, -1.1378976337744628, 1.148198314293544, -2.403001203713173, -1.972448075214995, 1.9552688088886647, -0.04176524328901099
-1.5452271164433267, -1.129050533242876, 1.150726884295202, -2.398775081492209, -1.9740119669488525, 1.933266887520407, -0.0517654253537172
-1.5529036796975113, -1.1212062564577252, 1.1510376611808057, -2.3955179049591253, -1.975108293944885, 1.9106233203701315, -0.06166987001634627
-1.5601244748389629, -1.114317740944605, 1.1522631748044105, -2.3896954658825846, -1.9766740156627947, 1.8876922067761743, -0.07147309206646124
-1.5674334263000542, -1.1080754760460634, 1.154451825171713, -2.382402232593096, -1.9785266318683874, 1.8647260199187983, -0.08121258128763476
-1.5769939638998682, -1.1080582172394164, 1.1546759319100115, -2.3743145821773526, -1.9749128970533976, 1.857586981318775, -0.07986188892794743
-1.5958118770395409, -1.133998373856003, 1.1513182693599902, -2.3687661319417987, -1.9616902757096657, 1.8721477725123918, -0.06286870314876669
-1.6156141796403656, -1.1659258096138734, 1.1497748950850308, -2.3639640481517956, -1.948872659877373, 1.885225182568572, -0.046134821982100505
-1.6339531585515665, -1.1968794470681994, 1.1494733363784615, -2.3584052877139046, -1.9363132636377038, 1.8988358351253254, -0.02938157951652176
-1.6512969286257881, -1.2264140983256828, 1.149503032817921, -2.352232136799109, -1.923819694935223, 1.9129111841168687, -0.01257479047073673
-1.6631741081159603, -1.2464266081153488, 1.1516825525682348, -2.3477934712700117, -1.9190499944503498, 1.9130016654778235, -0.007170811328636617
-1.6570172120198965, -1.2377261633294534, 1.154885195697716, -2.347167937405996, -1.9220917461008549, 1.9032060421905506, -0.013162585290631412
-1.6479539123659297, -1.2231664950506085, 1.1544875051083663, -2.3465585353610194, -1.9244026259983853, 1.894314242617373, -0.018885832276275494
-1.6408551595568728, -1.2099742922137615, 1.1523210641694144, -2.345708108621526, -1.926724051457426, 1.884234494025094, -0.024578105606988032
-1.6355737344838266, -1.1984491611640369, 1.1500462137134138, -2.3450168419017485, -1.929096328056887, 1.8735037790353566, -0.030305589698809143
-1.634017487408916, -1.1931952862689439, 1.1469717433005426, -2.34415074262422, -1.928871155898186, 1.8723928074280316, -0.02968862472894429
-1.639278855978474, -1.1997751818469382, 1.1449224478371187, -2.3438008326497943, -1.9271675944777158, 1.8765067531367148, -0.025317158979556886
-1.6451847024483088, -1.208294271731976, 1.144921761593265, -2.3439463388102304, -1.9255873095387237, 1.8808529491084052, -0.021054819196165475
-1.6501377865418911, -1.2162771716567882, 1.1457196400741436, -2.343988513306206, -1.9240101799659222, 1.8857694534912177, -0.016792059182245467
-1.6542797708035328, -1.2236989369062634, 1.1464418681161934, -2.3436727056904454, -1.9224428115606447, 1.8908584730820621, -0.01249850670255892
-1.6535904769168397, -1.2171543998261765, 1.1524138317034067, -2.3436290633674517, -1.9318588810440422, 1.8730805131930026, -0.018780439658693027
-1.6466131015413215, -1.1882927151894487, 1.16166716564529, -2.343348920653371, -1.9461917930496062, 1.8495108887146543, -0.029227855575605588
-1.6411547153355635, -1.1558972905187739, 1.1691940943229957, -2.344623379595239, -1.959921144887132, 1.8268572798579612, -0.03962720354254756
-1.638328991815298, -1.124224319208599, 1.1754593703351546, -2.3472854227923, -1.973394852050661, 1.803705397887292, -0.05012101494965471
-1.6370108038195914, -1.09345330505416, 1.181311769915384, -2.3506753443323873, -1.986771050071785, 1.7802170018582295, -0.06070345247155373
-1.6471247835921865, -1.0565709223185165, 1.1949763029428837, -2.3429489770167926, -2.0058280275087936, 1.7538885642979718, -0.0689580088117232
-1.6720787566610706, -1.0109523907947056, 1.217089887969287, -2.323720332548362, -2.029690073517229, 1.729972093318663, -0.07632755217862375
-1.6993454653903548, -0.963502782203336, 1.2383787439594212, -2.3074578193598247, -2.052666789336267, 1.7070138758622484, -0.08380169719434427
-1.7269521023105927, -0.9157600478270833, 1.2576533649556625, -2.2937713847105226, -2.074780908823219, 1.6838593125115207, -0.09139557012325561
-1.7544538071217861, -0.8681317439832288, 1.2756599933336705, -2.280843072210226, -2.096605923089135, 1.6603113393785645, -0.0990502233826227
-1.7978838500992342, -0.8295736807595873, 1.3001852862507723, -2.255162758629732, -2.116179858360373, 1.651085940557035, -0.09833553150754515
-1.8503946526215174, -0.798941318788776, 1.3294936708709129, -2.222573668738617, -2.138347032529789, 1.6433519571788757, -0.0968906810366299
-1.900450131388542, -0.7690508084881058, 1.3585780959775162, -2.1900529619407285, -2.160203960794667, 1.6350641003246107, -0.09541873152593183
-1.9485643058250144, -0.7387786266855176, 1.3879071417973403, -2.1573499402127414, -2.181971369455481, 1.6267421502870185, -0.09386899976754304
-1.9957293852037292, -0.7082451854787113, 1.4174716402137308, -2.1246656543570746, -2.203683142220913, 1.6184922888545792, -0.0922658205862712
-2.038559645324977, -0.6947940366061784, 1.437040293368467, -2.0980802784696664, -2.211646948526778, 1.615662042822379, -0.08879776836388853
-2.080611328656639, -0.6915430123788004, 1.45562873739771, -2.0734452451923815, -2.218495464094633, 1.6098523881988438, -0.08586581247282776
-2.1211938753790616, -0.6888583730448969, 1.476967158385066, -2.0483803920076866, -2.2260643256572115, 1.6048054675651766, -0.08290970630007255
-2.1602758307687076, -0.6858064125685122, 1.5001587728758237, -2.022937596050081, -2.233942598719607, 1.6005398080663245, -0.07987489746885412
-2.1975402397266244, -0.6828692173151554, 1.5230783221732267, -1.997551755522185, -2.241778131973091, 1.5971635368078312, -0.0765343525107891
-2.2163024125695276, -0.6856115567377818, 1.5288292455029353, -1.9869412901681338, -2.242411967777894, 1.598038473266266, -0.07171069722191614
-2.2310691697156617, -0.6892591863552271, 1.5333328473862426, -1.9769423387933145, -2.2420620561445705, 1.5972393840112993, -0.06705843334271755
-2.2454287136763273, -0.6933659935559033, 1.5393080734243894, -1.9657529848811812, -2.242453287349175, 1.596737332299993, -0.06232683158360164
-2.259455169859983, -0.6978690714844609, 1.546101630028991, -1.954053149273987, -2.243115211932242, 1.596399380481559, -0.05754812035895718
-2.272268308996681, -0.7022924112396263, 1.552415519024068, -1.9430038889938785, -2.2444539033819453, 1.5955242061557104, -0.05417519102862922
-2.274720144645288, -0.7017009510072709, 1.5540729748816515, -1.9407605876998932, -2.2467565769377273, 1.592058896510503, -0.05670490129720829
-2.2751648612336783, -0.6989078352812799, 1.5553690392143196, -1.9381227373573022, -2.2486116174163158, 1.5885434655918331, -0.05917202796488308
-2.2758177351883777, -0.6963256918860292, 1.5565251001877076, -1.9346444637937203, -2.250771107497842, 1.5847950913531275, -0.06159688845933875
-2.2768159885103287, -0.6940684651917284, 1.5575644672814057, -1.9309246984804673, -2.2530289622262885, 1.5808880828879506, -0.06401349967939662
-2.278026732554274, -0.6915288174310978, 1.5587811345762708, -1.927332547356892, -2.2548522944953255, 1.577092521929611, -0.06663613488123499
-2.2781460480854996, -0.6854840378122153, 1.5617153227943446, -1.92465664511536, -2.2548478631568667, 1.5747590614462244, -0.06968185817966255
-2.277925449846445, -0.6788153022194612, 1.5650100453783082, -1.9223400962481803, -2.2547518993231064, 1.5728679548510023, -0.07270746471124756
-2.2777693087870965, -0.672470221281614, 1.568337370987476, -1.9199975672687337, -2.2547318488923587, 1.5709667313128328, -0.07573991925951429
-2.2776272301260985, -0.6663710253753745, 1.5716730667854595, -1.9175835137263402, -2.2547639819966143, 1.569014585691633, -0.0787777780283827
-2.2762789954240894, -0.6612075267543318, 1.57329280064378, -1.9161078484226577, -2.2560525340538256, 1.5693314523543727, -0.08095485426336335
-2.272085198794885, -0.6592095044027086, 1.5707897459672795, -1.918539147425336, -2.2594613596080357, 1.5734460048626193, -0.08203606876791181
-2.2682431909696117, -0.6578191033116703, 1.5690609364531278, -1.9216505185329504, -2.2627068756403173, 1.5778693781665005, -0.08315896484119722
-2.2644422231210637, -0.6565695208715834, 1.5678169956399808, -1.9250338182964564, -2.2659196400410497, 1.5825882635173487, -0.0842978785410482
-2.2605345726994504, -0.6553098022949682, 1.5667225179469115, -1.9283422225350586, -2.2691510908168038, 1.5873784987151405, -0.08543742687746114
-2.241896915849214, -0.656752201081181, 1.5525514678461638, -1.9438251438400806, -2.2636621927862866, 1.5940908685960702, -0.08017125441298667
-2.1929968931113173, -0.6618886569767639, 1.5198156536398146, -1.9879938782621727, -2.2390090500501536, 1.599885361685522, -0.06965050169485743
-2.142271697199085, -0.6690644733248217, 1.4934866205663484, -2.0331794006466675, -2.2154836420244752, 1.6082910296662387, -0.05906104408801749
-2.0897530238097897, -0.6788411724449723, 1.471184998747158, -2.0777938944319887, -2.193014792857971, 1.6181027111976398, -0.04843031476569504
-2.035388586406743, -0.689989164572534, 1.4507736625368244, -2.120988725956951, -2.1711893014936097, 1.6282406333493151, -0.037720185302640985
-1.9727694990308429, -0.7045048162661693, 1.4239157297319744, -2.166986275113225, -2.145244648956516, 1.6373010554136034, -0.036085927168248766
-1.8988406994302647, -0.7263656835578729, 1.3877552519349932, -2.2152840878552675, -2.113942561219753, 1.6405901481832217, -0.04122779871633586
-1.8244222814697215, -0.7498015886773377, 1.3523171774931262, -2.2596388880472515, -2.083997775149511, 1.6425674297836537, -0.04616375643914328
-1.7482289877196493, -0.7727008793186769, 1.3164172437895063, -2.303363707341515, -2.0542875922507626, 1.644337242245939, -0.051020758367395835
-1.6689403361354929, -0.7944581071880208, 1.2794935241828727, -2.347821125830033, -2.024254068186787, 1.646058764054943, -0.05586353380506193
-1.6156884844425319, -0.8437655257670844, 1.2482758370191638, -2.379516288886232, -1.984517179023511, 1.6917360230437026, -0.04767135885587592
-1.6043553432181943, -0.9359789147524928, 1.226666225834415, -2.397649567441124, -1.945065310115833, 1.7581350634029356, -0.03439121061115635
-1.5973223306208366, -1.0446144335338623, 1.2005875319148815, -2.418645709696592, -1.9046728881028425, 1.8210704321324869, -0.021533207412117505
-1.5879868905674268, -1.1521570063367754, 1.1737746935962283, -2.4392391167620824, -1.8641572452923842, 1.8817333846179594, -0.008662453868693909
-1.5759423800274073, -1.2547400049348276, 1.1478365115432405, -2.4588962706982658, -1.8236409927104678, 1.943117237672876, 0.004378202224785355
-1.5493853730421367, -1.302546606855774, 1.1394464861381328, -2.472625852628579, -1.8349673670201057, 1.9277720299854035, -0.016098228137050974
-1.507560827336353, -1.276326977300804, 1.1331798082715983, -2.474520415090457, -1.8642951744004677, 1.8993319640041317, -0.04511209951489814
-1.4694780826838212, -1.2397007744646302, 1.1190819091030653, -2.4796936657015403, -1.8916927086299005, 1.872391977222966, -0.07393597195848312
-1.4383976992695668, -1.2072633658910474, 1.1017250823194784, -2.4897683476706893, -1.918190331075401, 1.8434824245476626, -0.10302779921450256
-1.4113842819291644, -1.1789778601579393, 1.0847233245277126, -2.502745656609016, -1.944318156111244, 1.8138825082336538, -0.1324177936699913
-1.4023989102976726, -1.167490772259578, 1.072979267673504, -2.5080700896026995, -1.9453435930416756, 1.8105477780219559, -0.1410338113680032
-1.408767372213629, -1.1700668795507614, 1.0704434200099717, -2.50932272975544, -1.9433145606279805, 1.8110340655501496, -0.14706460665789134
-1.413605400431325, -1.1740681092994318, 1.0698070423263184, -2.510818392817817, -1.9416608012837173, 1.8120544113670984, -0.1532287226044593
-1.4151309390837588, -1.1773876034027975, 1.0687281696869677, -2.5116663262932617, -1.9400769787343464, 1.8132042961291113, -0.15933243188865287
-1.4145946594776273, -1.1803394291204405, 1.0668843029071562, -2.5115159248185277, -1.9385920922479851, 1.8140782415305523, -0.16534235946662168
-1.4148203108316615, -1.1860512583141034, 1.0621700402858716, -2.510051880805837, -1.9388388282863334, 1.8271102620630941, -0.1534816746273533
-1.4159281173154117, -1.1929220860473375, 1.0566004638543651, -2.5082219047762155, -1.9392776062549464, 1.8401382594944735, -0.14100615087941915
-1.4172683826674248, -1.1996080714099495, 1.0506842143444173, -2.5065442694273186, -1.9396239685624765, 1.8528743605054494, -0.12855272547437835
-1.4188069556758407, -1.2058957896715352, 1.0446828437545514, -2.5051838041369967, -1.9398945166864356, 1.8656223618795558, -0.1161251140518047
-1.420415365423879, -1.211648902496913, 1.0388082385652426, -2.5042122046825757, -1.9403549433418066, 1.8775143195500519, -0.10495571175402407
-1.417034124777981, -1.2095477931184204, 1.0354911086101195, -2.505145772331547, -1.945397636233717, 1.8759626066946034, -0.1077488554968502
-1.4114890651538987, -1.203677976223564, 1.0325198850938468, -2.506760667237611, -1.9502227509810313, 1.8760504570450465, -0.11046367187099104
-1.4063688580182383, -1.1977010816951505, 1.0297455958713497, -2.5086712629607266, -1.9549924643660495, 1.8764643351456556, -0.11319513708440088
-1.4017760760413456, -1.19222127122781, 1.0269404169650196, -2.5106647440593672, -1.9597621619066645, 1.8767827818636782, -0.11595396532083857
-1.396990289505191, -1.1863966208841479, 1.024086341615269, -2.5127316831023947, -1.9652680377995386, 1.8756571919521825, -0.11990512491804406
-1.3855520371525403, -1.1689669423211697, 1.0212981800890395, -2.5160801828802946, -1.975692665697001, 1.869057923985185, -0.12953013695796844
-1.372638129199748, -1.1457371707557122, 1.0176595565963433, -2.520427142445188, -1.9856356070844212, 1.864232668911784, -0.13903486676546262
-1.361284926545622, -1.1219913468551512, 1.0138052087699885, -2.525778403723457, -1.9953914070983805, 1.8596609064961456, -0.14859179392829258
-1.351095758572555, -1.098705607002774, 1.0098701758884827, -2.5317204523629364, -2.0050658646234725, 1.8549982570119816, -0.15821980963555315
-1.3440358244470954, -1.0733564392184727, 1.0092335016767615, -2.5357837725501113, -2.015220473091868, 1.8427833499377453, -0.16541336837110787
-1.3665144365670958, -1.0272454766044854, 1.0284351054562384, -2.5159844612430895, -2.031099929391119, 1.806569642172411, -0.1647392771985423
-1.4000464227934302, -0.9703483365119974, 1.0495107110081898, -2.4940668313443535, -2.04794555784284, 1.77341542441037, -0.16422359759902427
-1.4355709931902645, -0.9109184654852616, 1.0668521999726188, -2.4777006231625744, -2.0632434492708507, 1.7407653807107408, -0.163924955295764
-1.4717480191986478, -0.8514831935537819, 1.0817268939962332, -2.464576392026421, -2.077710398533335, 1.7080180231317534, -0.1638129514517468
-1.5135151229291726, -0.7964223907533343, 1.0982940525524985, -2.4487035268030644, -2.0914236248530687, 1.6847790260947502, -0.16171678265556721
-1.5780848615425693, -0.7602431129167586, 1.126013510833885, -2.4170531259532, -2.1089605966415954, 1.6780943208967827, -0.156937089538852
-1.639556986779855, -0.7304688240267128, 1.1537198290099395, -2.3803154332948173, -2.127682006793022, 1.6685306676544585, -0.1520365198903768
-1.6967878180220577, -0.7023473168861951, 1.1816693039888486, -2.340706116137877, -2.1467768589467857, 1.6576446846005055, -0.14686555941703894
-1.7518070401120482, -0.6743828761854873, 1.2108038028458337, -2.3002236184976965, -2.1660559061995555, 1.6467498921328545, -0.14152154418686003
-1.7992476277516758, -0.6513050778226903, 1.2332567830396712, -2.2658342465306998, -2.1823241038784174, 1.6416383273699955, -0.1353800451571967
-1.831056328920436, -0.6479199112074934, 1.2396430244611638, -2.2495196996310423, -2.1894371784191025, 1.6389738775930374, -0.1292009318613525
-1.8621654907157446, -0.6493421302998783, 1.248469196753808, -2.233192766757928, -2.1971206269126187, 1.63553126037547, -0.12321362720667661
-1.8918950354649429, -0.6502902118304679, 1.2598810011918768, -2.215388827199823, -2.205681805182304, 1.6328754182468534, -0.11714663647854628
-1.9207347624486069, -0.6505825312015769, 1.2726381895037342, -2.1966660437103247, -2.2146299438567594, 1.6307806231787856, -0.1109887345544962
-1.9415360163641537, -0.653103966736051, 1.2783582284358284, -2.1830317497828293, -2.2201727911407714, 1.6344851658632953, -0.10366025670812373
-1.9492504629856224, -0.6619131785187449, 1.2738588120298422, -2.1800218101962674, -2.2190620212137926, 1.6412360243144812, -0.09583611001740433
-1.956631425451958, -0.6721921251447878, 1.2715476747454906, -2.1765497068636597, -2.2186494483725134, 1.6481968581955675, -0.08803561202201227
-1.9634494485108753, -0.6826167784832045, 1.2706690896638202, -2.1723147105381573, -2.2187275987640973, 1.6555520987633479, -0.08019087764294053
-1.9699565382145359, -0.6930414247229315, 1.2703099473431374, -2.1675043561213325, -2.2190124418250186, 1.6630231810666682, -0.07230310779641869
-1.9735695534122204, -0.7022422609212118, 1.2688998860524512, -2.16426268909151, -2.216552750837046, 1.6689408025059365, -0.06442642654284647
-1.973455958269417, -0.709399535133743, 1.2669967041565302, -2.1635537807445226, -2.2115653835462084, 1.674467782590682, -0.05648910030008292
-1.973447992222928, -0.7164512149600739, 1.265852703918859, -2.1631672411792096, -2.206730856750694, 1.6804935856477305, -0.048549276096184535
-1.9736693947316972, -0.7236620731218846, 1.2648638527289426, -2.1628541437336315, -2.201967841790193, 1.6866476443257508, -0.040623061552381934
-1.974094011233527, -0.7309282342259973, 1.2637059846476477, -2.1624549707092573, -2.197233519719166, 1.6927413976695895, -0.032705090919281865
-1.9746713397122324, -0.7356699391244241, 1.2638113471467713, -2.1614618800734124, -2.1942300275393745, 1.6950164682628666, -0.029325993129231342
-1.9751076959836045, -0.7372296663381377, 1.2649473134424296, -2.159803672630991, -2.1920283819333886, 1.6966310077531803, -0.02725692659899881
-1.975783976766646, -0.7385037120470344, 1.2658805256061072, -2.15840396110843, -2.1897101243262114, 1.6983689096872112, -0.025181427694116465
-1.9767555864309792, -0.7399211248595279, 1.2665755666243355, -2.1572109189951965, -2.18732439098447, 1.7000539338004517, -0.023124607398731456
-1.9778824039074738, -0.741438455161374, 1.2671253362677097, -2.1560942218255095, -2.1849157215959485, 1.7016791991128422, -0.02108144194650663
-1.9757162013484253, -0.7385920780497965, 1.2672258196647537, -2.155822906437251, -2.1859549416999986, 1.7008706560476305, -0.025819834574156708
-1.9710146767497436, -0.7313814649029702, 1.2670562295644832, -2.1553067799518173, -2.1876258094809984, 1.700271022536496, -0.03160081850068064
-1.9665855790465914, -0.7241064674117279, 1.266774372160647, -2.1546610112579465, -2.189275508783531, 1.6996779218864937, -0.03734548453126596
-1.9624961219103767, -0.7172683682785159, 1.2663931069260332, -2.154112005753471, -2.190899359102728, 1.6989774914186242, -0.043099893018703206
-1.9585613447350712, -0.7106881598313501, 1.266000232670935, -2.1536445937304887, -2.192508997623758, 1.6982265520757753, -0.04886395929620502
-1.920701892507834, -0.7023723725712641, 1.245819695520284, -2.1811786338336887, -2.188440752071868, 1.6903413337852484, -0.057906862352962385
-1.8702589471385078, -0.6940853771036677, 1.2252424788766199, -2.2200956456055447, -2.1799410312152254, 1.6834804529020673, -0.06718962428954622
-1.8193672350273804, -0.6870005185040586, 1.2105697317945552, -2.259396079558609, -2.172584541501698, 1.6792331242856928, -0.07650608413313886
-1.7674532618843664, -0.6809690088902665, 1.1984173251210102, -2.297826421326082, -2.165871449955379, 1.6759383812668087, -0.08580223018077238
-1.7155081528525837, -0.6766531994264815, 1.1867942923395844, -2.3346571626669324, -2.1582020940298268, 1.6748615528560684, -0.09350486944384606
-1.6906463193064383, -0.7365156889434497, 1.1745260145178307, -2.373881633604146, -2.104508793794709, 1.7343253115427046, -0.07777086598803251
-1.666261117475658, -0.8168505510953663, 1.1656153268657157, -2.416298706885547, -2.0501923529107806, 1.787265208193439, -0.06335415358680141
-1.638730708612063, -0.9052183052007985, 1.1580046725637327, -2.456562150552802, -1.9968460936743826, 1.8411742232824793, -0.04872060987037319
-1.6100492885685647, -1.0058811638641112, 1.1504914160735495, -2.4953305064795313, -1.9438940902623525, 1.8954481551828213, -0.03395251757717421
-1.5816388065422267, -1.1175257986807923, 1.1431738757258838, -2.532090219645605, -1.893249837585559, 1.9484956425521993, -0.019749211773887332
-1.5763594169840829, -1.2266127176928832, 1.1347932374361065, -2.5442106158181783, -1.865434564255409, 2.000720375208987, -0.01039808815342358
-1.5845565516115396, -1.3269083355637923, 1.1189353572171434, -2.547173488908605, -1.8381597665108904, 2.048102715567399, -0.0007995075104227922
-1.5964196320185842, -1.4203420521050552, 1.0988589147979937, -2.55405456972076, -1.809710704840647, 2.094485553917348, 0.00877394727702896
-1.609477955119642, -1.5101899749779237, 1.07901849758521, -2.5657287516268017, -1.7806359761619275, 2.1419196289207996, 0.018181086538598734
-1.6205704187454266, -1.5923353784457133, 1.0640726373064062, -2.5790492328359473, -1.7596678187181807, 2.1766896717586803, 0.024771360974365386
-1.6162465401064372, -1.610018085340883, 1.059074746775524, -2.5801211018865082, -1.7669125210965158, 2.174950811426104, 0.02232860661483027
-1.6085147612836508, -1.602838289159652, 1.0474517684047804, -2.5790560519728, -1.7725461591083667, 2.178775619904833, 0.020259315133920985
-1.6028345584218613, -1.595886352389341, 1.031942860264767, -2.581141899246142, -1.777937072992425, 2.1809697103220493, 0.018187465700683525
-1.5990551496332248, -1.59335625270635, 1.016440184219066, -2.5850581120179585, -1.7834688736733861, 2.1818470841912436, 0.01601215987857163
-1.5951820150563085, -1.592499297887577, 1.0038847845362522, -2.588855386036946, -1.7905729293146555, 2.1787084152041114, 0.014248508191390563
-1.5885397639836674, -1.5832058282760375, 0.9983106178832255, -2.5899885444951165, -1.8006443958814549, 2.170990115057691, 0.013303062343326566
-1.5814044027059424, -1.5717671335993941, 0.9947912370151606, -2.590419027979121, -1.810604814493991, 2.165414797983594, 0.01236244796091679
-1.5744862758327383, -1.560877351182274, 0.991292819252326, -2.591073252035513, -1.8205572113469115, 2.1599318976935127, 0.011405193961087967
-1.567709135409034, -1.5506288201407532, 0.9873227852780335, -2.591895605905772, -1.8305122861863028, 2.154082420773692, 0.010443498717525479
-1.5596251624224537, -1.5394641957365085, 0.9832989592206474, -2.5931389919065255, -1.8423740382846558, 2.1465084480901773, 0.0074806667974174346
-1.5452992746218506, -1.5229831916308125, 0.9794265920665115, -2.5957776844215177, -1.8570005197884543, 2.138594075016922, 0.00178233364571323
-1.5290608845608622, -1.505351482273765, 0.9748856118534306, -2.598385912603969, -1.8714551669020478, 2.1310715121043966, -0.0038155692791521645
-1.5129652484697198, -1.4881901096677304, 0.9702106545986364, -2.6006400077012524, -1.8859134379090863, 2.123304173022385, -0.009372368661630937
-1.4973301305731388, -1.4715275172239286, 0.9657056980750962, -2.6027229022695595, -1.9003934843329224, 2.115372876359231, -0.014920163436731748
-1.4845941581501014, -1.4572743730005744, 0.9621784372531383, -2.6042320701090835, -1.9105840134661838, 2.1071481365672966, -0.01781328693704065
-1.4803906869306909, -1.449871754907253, 0.9619435326025343, -2.6046073981314697, -1.9168902035574673, 2.0974059916258003, -0.018473709915441283
-1.478320254918411, -1.4436499201605653, 0.9633340022145678, -2.6053736263597544, -1.9234249976174924, 2.087891240532308, -0.019293046312113482
-1.4759200258349878, -1.4367223383137873, 0.9647153516342941, -2.606638021076999, -1.929916432865359, 2.078713417066636, -0.020156790433847327
-1.4729181434662912, -1.429129140235629, 0.96558546725909, -2.6080605907359127, -1.9363734416950615, 2.0696193174112913, -0.021019709153315524
-1.4703185221695039, -1.413474413936127, 0.969343112644288, -2.6066795771922804, -1.9446299197193975, 2.051191420190122, -0.01967520581370419
-1.471754671715531, -1.3803699811361358, 0.9770110524903322, -2.5997192220073693, -1.9542186845964702, 2.029965007316008, -0.01688961367026831
-1.4764029585913283, -1.3426981404347593, 0.9846610346994336, -2.594945337898311, -1.9635255158552463, 2.0102793996235953, -0.014217986430688612
-1.4828198230675893, -1.3048566686763703, 0.9916868358198911, -2.5928934689163556, -1.972522944907234, 1.9908552418787853, -0.011708011897892945
-1.4896703790095982, -1.267778958481765, 0.9983312320252837, -2.5919626126996187, -1.981400071502203, 1.9713389139743676, -0.009297653554028784
-1.4963381169784737, -1.2176215200658973, 1.0064534061806505, -2.583825370492659, -1.9974540095834028, 1.93824089696448, -0.01742023959879102
-1.5044576027882224, -1.1456882622673525, 1.0119737432710885, -2.5623549366753977, -2.0178303199069534, 1.900875447877688, -0.028933234432252597
-1.5141802409329594, -1.0722213795871438, 1.014998769842765, -2.5405932058447664, -2.037864643724089, 1.8627343488263932, -0.040300544015253514
-1.5244961466562694, -0.9987308048960015, 1.0174932872549256, -2.520421043418496, -2.0575467420328613, 1.8240553983944245, -0.05168036103092977
-1.5350327392564127, -0.924975018770132, 1.0203657617685025, -2.5014880554638497, -2.0770635318949813, 1.7854923317515343, -0.06310244391714992
-1.558292952075747, -0.8686421739427308, 1.0259370644652597, -2.481538746954203, -2.096341137914945, 1.7694251863098955, -0.0687684590964297
-1.5898612889114618, -0.8313490499265139, 1.0343475807909561, -2.4620180815244126, -2.1162009534978017, 1.7552009669439403, -0.07416855772168685
-1.6183357360888762, -0.7973385231530035, 1.0423083035883423, -2.4404647405386113, -2.1362861393658585, 1.7394386624372498, -0.07950540579361931
-1.6443234383115568, -0.7631672300234689, 1.0506548489018472, -2.4167249179145056, -2.1567677371379235, 1.723325050437552, -0.0846626167297595
-1.6691025671023292, -0.7284511398390761, 1.059681161103966, -2.392029754902847, -2.177483179425141, 1.7073514262792173, -0.08969359846474756
-1.683891103242451, -0.7009326174481458, 1.060047928067731, -2.376867371882822, -2.1999161121562905, 1.6940735667030005, -0.09160576519662467
-1.693931651744001, -0.6823448414311262, 1.058779333034555, -2.3670316777460627, -2.2203554968104013, 1.6802229217734581, -0.09347387040317034
-1.7029084070360296, -0.6648502229095996, 1.059522053132702, -2.3559360988978533, -2.2414301591172547, 1.6665152018141214, -0.09532864488906778
-1.711053836291625, -0.6470321440735152, 1.061468442687092, -2.3436993679939713, -2.262925114247307, 1.6530719598498873, -0.0971041157906063
-1.7190163552489244, -0.6291055299321471, 1.0637761613027479, -2.331021364127727, -2.283986592224255, 1.6403186800821778, -0.09833518694413801
-1.7290868113022553, -0.6275363063494552, 1.0636784097124927, -2.325488575361235, -2.2822968090308207, 1.6406820661547679, -0.09167578172600255
-1.7391731265633696, -0.6352555188468383, 1.0636719592097785, -2.324563581358859, -2.279080527285089, 1.640029418569978, -0.08559757347815822
-1.747940597510742, -0.6432662316339712, 1.0648969284539493, -2.3224290620705954, -2.276706751040467, 1.639300476621453, -0.07950794306045506
-1.755738787862298, -0.6504843220593397, 1.0669548052635545, -2.3190218892310055, -2.2748805578704054, 1.6386781401604198, -0.07332330540459875
-1.7627945066073964, -0.6572196986532397, 1.068825406346285, -2.315213484230937, -2.273834335358983, 1.6387654577773985, -0.06707963838359987
-1.7656937997825315, -0.6635360992366071, 1.0672675548730073, -2.3136268380672664, -2.276974565327124, 1.643305216564034, -0.060919492322002
-1.7683463455887507, -0.6697495278458945, 1.0656627940823924, -2.312420494479042, -2.2798807111525212, 1.6479279399163493, -0.05475240231057388
-1.7712705854800062, -0.6757869977588573, 1.0641180142870397, -2.3113402077878904, -2.2827516297799386, 1.6526394086443776, -0.04859499371304654
-1.7744529460818255, -0.6816646784927585, 1.0624371993809412, -2.310327538662289, -2.2855840304871604, 1.6573571258107842, -0.042447387596476815
-1.7771101425168938, -0.6867678438016593, 1.060422239327023, -2.3094391368090053, -2.287589205201808, 1.660818280129769, -0.038244117265811894
-1.7742260019649052, -0.6856836798131125, 1.0578323450356084, -2.308630863838652, -2.2859905022542035, 1.6607033202876798, -0.039239017236079476
-1.7706816543470074, -0.682927253348927, 1.0562246781171805, -2.307859125347954, -2.284621660061746, 1.661407127513784, -0.04012093899990177
-1.7672188579490893, -0.6804012924736629, 1.0550843147602826, -2.3074960284200143, -2.2832921967031066, 1.6624423601311484, -0.041014103844556615
-1.763812822131186, -0.6782860422516599, 1.053994429750448, -2.3072204712214024, -2.2819692588456197, 1.663494455881918, -0.04192216735491172
-1.7576847029747356, -0.6758203350313039, 1.051083267125433, -2.308364663171057, -2.282536078401389, 1.6624297693530696, -0.04525323859478547
-1.7404923842469229, -0.6703216886426677, 1.04250959991713, -2.3161549138620696, -2.285684835008805, 1.6577483587794148, -0.05291825988678589
-1.723060818402411, -0.6644654986653382, 1.035143898759939, -2.3247534812381545, -2.288685409705014, 1.653782669795298, -0.06056269993300312
-1.7058328168600205, -0.6585462842759968, 1.0285321940411425, -2.3335618279233774, -2.291776518744266, 1.650260925672205, -0.06821888197120174
-1.6887388915496562, -0.652710008419592, 1.0220215210733397, -2.342247688455469, -2.2949097218321466, 1.6468023018572637, -0.07587705757661922
-1.6729834893163362, -0.6584818747847319, 1.0136333809420979, -2.3552468514878218, -2.2835401997205746, 1.6600036436509802, -0.07434552667997885
-1.658827143741255, -0.7068671829906581, 1.0056943124489752, -2.393456737221161, -2.246629016190747, 1.6945243830001946, -0.06424464626282855
-1.6386942528775137, -0.7665153935686533, 1.0046642084242654, -2.4342698438623973, -2.2104451766998974, 1.7292057256880522, -0.05455058837773574
-1.6128977085346108, -0.8270038486841607, 1.0087072653863407, -2.470245867913693, -2.1762835447603344, 1.764392388674949, -0.044533049787227164
-1.5844694116222895, -0.8869186651431811, 1.0142104714830449, -2.5025764197311737, -2.1430192014775846, 1.7995611209752127, -0.034198786992684305
-1.570152051546759, -0.9581907960905465, 1.0213405297270013, -2.5268765989170614, -2.087821950564276, 1.8657859780129762, -0.016139716684220318
-1.5886251223591374, -1.0580857755206523, 1.0317691186587172, -2.542960371145254, -2.012428549375251, 1.9564474951698614, 0.007106817345429839
-1.6138244887577313, -1.1776221473304744, 1.0364359777809709, -2.562674389635035, -1.9367650683824547, 2.0445736007067588, 0.029937508907315724
-1.6399356353457266, -1.3159904697197433, 1.038575849786266, -2.584378177185105, -1.8611506860419498, 2.1309519843221416, 0.052656565708220526
-1.6640224005766848, -1.4725568194538692, 1.041521525344681, -2.6055959102994883, -1.7860547468594206, 2.2158864605951223, 0.0754227332605959
-1.673113320088751, -1.596358773052291, 1.0541206654810322, -2.616541425696197, -1.7616569178035748, 2.243847033103121, 0.08343398742836783
-1.6618361906093053, -1.6193224818232919, 1.0572945821784305, -2.6081427962852315, -1.7705025060245214, 2.2409220283856133, 0.0818564623554554
-1.6518143011503952, -1.6115410257180915, 1.0456986105607466, -2.6040804305890326, -1.7761777666457226, 2.240931490769677, 0.08089624015340746
-1.6485519275878673, -1.6038311441209627, 1.0296075456338762, -2.6082651079660018, -1.7812871916758377, 2.238916448366343, 0.07980160452695984
-1.650132674785029, -1.6015294966137317, 1.0155139764733896, -2.616794981893859, -1.786406456094638, 2.236303538941943, 0.07840499468892581
-1.6529642480462723, -1.6036685372107682, 1.0048860373450914, -2.6258650024042822, -1.791610824809319, 2.2343585178232246, 0.07679576851266035
-1.6545457919360906, -1.6087425257429375, 0.9965553475338798, -2.633376691608559, -1.7968886546324212, 2.2331049247813084, 0.07513116999553127
-1.6540388211630965, -1.615653681470664, 0.9890266988390586, -2.638765790075011, -1.8022166318349742, 2.2320621929170485, 0.07352894850311564
-1.6517591079524951, -1.6236168401022626, 0.9814316613711576, -2.642426583131053, -1.8075707956153435, 2.230867421540987, 0.07203419338942574
-1.6484813480266025, -1.632044411488514, 0.9735166708094702, -2.6451305034059747, -1.812931698585941, 2.2294251212937493, 0.0706342394269246
-1.644947294400998, -1.6405191537678876, 0.965339544453931, -2.647604275363962, -1.8182862859366855, 2.227808076553515, 0.0692899983546269
-1.6416391251248124, -1.6487941125735963, 0.9570320903513334, -2.6503194278561253, -1.823627793024218, 2.2261307227829708, 0.06796199980804474
-1.638748922243689, -1.6567778056505427, 0.948694387893422, -2.6534612981181933, -1.8289549181400053, 2.2244775917498743, 0.06662377160421507
-1.6362531476861735, -1.6644951948344735, 0.9403746919150056, -2.657002588722639, -1.8342703274437637, 2.2228848899352514, 0.06526431872718774
-1.6340186413495177, -1.6720346017876802, 0.9320836659344636, -2.6608083369124014, -1.8395786512008518, 2.2213508044279457, 0.06388441473038853
-1.6273847751909258, -1.6684134046171035, 0.9300018783252249, -2.66321336748617, -1.8503511236355328, 2.2069869176520935, 0.06269314826354311
-1.618176153902822, -1.6555676772114278, 0.9303490981116775, -2.6642895828940247, -1.861386600281036, 2.1951642659537427, 0.06150856600250876
-1.6095491220822424, -1.641844343218609, 0.9305163965583345, -2.6661266160085777, -1.8723277234763733, 2.183859166912306, 0.06029819770983913
-1.60168037110427, -1.6290040870447386, 0.9303787403583312, -2.668608486413614, -1.883263141677177, 2.1722557157341935, 0.05904818624752828
-1.5941363912859412, -1.6169790259743753, 0.9300878251369644, -2.671180475324631, -1.8941015411364406, 2.160768149904836, 0.058067360557232384
-1.5883451560634123, -1.6029013548641622, 0.9288806708798196, -2.6712212792460326, -1.9009784448558795, 2.1610948790511415, 0.06280927723029439
-1.583749879075036, -1.5863394925176086, 0.9285694950166343, -2.670707788036694, -1.9077816577848408, 2.1623653679632007, 0.0675617286476422
-1.5797207137608815, -1.5693571119143925, 0.9283372279651152, -2.6708442169790585, -1.91462340648902, 2.163846162025969, 0.07226307329650261
-1.5758422644480143, -1.5525016461619812, 0.9279740142342243, -2.6714509679763934, -1.9214355778801364, 2.1652619774303865, 0.07693180553149581
-1.571713680495681, -1.5342456009384744, 0.928561114978633, -2.6719847074930136, -1.9295584255417557, 2.161604512807802, 0.0802550634356427
-1.5698597899628357, -1.4852232106954757, 0.9363643302821059, -2.6608070847471836, -1.9496701716973215, 2.1175284443458118, 0.07506812464656942
-1.5730850405346928, -1.4197905963006079, 0.9422280682491504, -2.6459442060150975, -1.9694149850870906, 2.0755225950094083, 0.07005017827170068
-1.579248758694506, -1.352426201757721, 0.9469773136145614, -2.6348796552980804, -1.988730656585033, 2.034092240525693, 0.0649125270888975
-1.586722504208554, -1.286388759518907, 0.9516565112864699, -2.626739026452488, -2.0077879208334783, 1.992940028601991, 0.05962040763738141
-1.5938184721566913, -1.2213175316801514, 0.9561592597753839, -2.6191592963927466, -2.0281350912856526, 1.9517655139837675, 0.05296314375683142
-1.5961685576548383, -1.1503506079131114, 0.9534104226307152, -2.6055619791402203, -2.055165914770165, 1.9083345770635205, 0.04187028597046716
-1.596084404523415, -1.0781196393488441, 0.94627982153738, -2.5871890557801853, -2.0822307822523642, 1.8624948049249337, 0.031180988377466967
-1.595542521861935, -1.0073795979796163, 0.9388648050790662, -2.5673030300881567, -2.1093982954404806, 1.815599061225278, 0.020650013830715075
-1.5949859362931829, -0.9376993784763936, 0.9323496568774994, -2.5474891668387025, -2.136610930787433, 1.7686455229716103, 0.010159045881571238
-1.5972817887530049, -0.8734595514724353, 0.9265990355374258, -2.5283887605130895, -2.160359827265281, 1.7330410810797936, 0.0032601345827432127
-1.6126746481496639, -0.8401087141465569, 0.9247173453273652, -2.5174917774737144, -2.1749927029716973, 1.7195560099042897, 0.0018148965285176288
-1.626566371434448, -0.816654604887991, 0.9236733607639662, -2.508150716530869, -2.189422397905253, 1.7041011105536104, 3.897808725294993e-05
-1.6375365203685828, -0.7937264026084128, 0.9232606760760573, -2.4957250978507117, -2.204669809292926, 1.687979549703158, -0.001576687438718416
-1.6469811234833411, -0.769843571662423, 0.923431376244574, -2.4811587928772987, -2.220460995290922, 1.671728741178585, -0.003020353131806708
-1.6566145957007858, -0.748941513997214, 0.9234097707146312, -2.4673159501355215, -2.232431073386681, 1.661638828853734, -0.0020042634794892322
-1.6675517424460864, -0.7437551914238938, 0.9230771768574586, -2.462593341413225, -2.236090574053473, 1.659969739408556, 0.0014641481389876532
-1.6773343355834438, -0.7428152692343772, 0.9236726614694941, -2.459176195104164, -2.239663120962615, 1.657814694535416, 0.004771432500827011
-1.686052619113143, -0.7415655122223548, 0.9251159949128498, -2.4542746304741057, -2.2438524998706937, 1.6556198753809745, 0.008150706440097188
-1.6943421837418953, -0.7395264800890002, 0.9268939881571994, -2.4483866271576877, -2.2483585795947283, 1.6534626299142534, 0.011606240838711201
-1.7023012947213605, -0.7384574674015445, 0.9281519103735798, -2.4433660268370696, -2.2520809339227297, 1.652589919476526, 0.014488213158886154
-1.709297487749689, -0.7421964337336542, 0.9289674570036741, -2.442095710449836, -2.2541079660125325, 1.6529538693779777, 0.01663966927280569
-1.71576119453532, -0.7471553347262487, 0.9304244812209177, -2.4410587201190053, -2.2562008885393707, 1.6532914330159647, 0.018754977299767717
-1.7218160167698642, -0.752030862957084, 0.9323044210309508, -2.439452524123772, -2.258527656059795, 1.6536570248212108, 0.02090224947639374
-1.7277335461320664, -0.7566966512160382, 0.9342973848471683, -2.437479555591586, -2.2609592442181716, 1.6540201507605188, 0.023078773150043475
-1.7297860583822358, -0.7595221939515424, 0.9339844305888283, -2.4364884243843434, -2.2637394721991493, 1.6538239202810425, 0.023411851159751862
-1.7266845944948734, -0.7591618883860871, 0.9313741035387162, -2.4367738242342014, -2.266240327411876, 1.6537595305368553, 0.022910700572037257
-1.7238665878461426, -0.7582968701092794, 0.9293535227167373, -2.4373372889725857, -2.2688242626092565, 1.6541074300462384, 0.0224127210692604
-1.7213798688318107, -0.7574323955281166, 0.9274722124998211, -2.4381474487968315, -2.2713960523936647, 1.6546061983256486, 0.021892077225023954
-1.719116076017274, -0.7566580337015543, 0.9254850592759203, -2.4390057803164673, -2.2739478303238085, 1.6550826000115935, 0.021354796905699303
-1.7124312411210516, -0.754803905381273, 0.9200566498569271, -2.440404251476, -2.274948719220447, 1.660144852498239, 0.014023205796215521
-1.7014216835736136, -0.7514098469235169, 0.9122450066073808, -2.442247584080791, -2.274866486959459, 1.6673487182896336, 0.004280050222623899
-1.690518203266139, -0.7480887569909136, 0.905009651299804, -2.4439199354927723, -2.274988518507339, 1.6746238308149133, -0.005443710102202459
-1.6796781841820883, -0.7449819953997325, 0.8980628785229863, -2.4455538051783563, -2.2751826817330887, 1.6819149706268153, -0.015164010717894527
-1.6688758597053894, -0.7420232097682646, 0.8911994824154865, -2.447147974133662, -2.275398115458394, 1.689177385313636, -0.024881651912657787
-1.6672268332304077, -0.7514484822112539, 0.8906972591589168, -2.452350072674669, -2.2601419374916345, 1.7086735155571962, -0.029130241218414454
-1.669136156991299, -0.7748323469575062, 0.8966379707126464, -2.465878527443037, -2.2395117947484655, 1.7322670265970448, -0.032959150945261584
-1.6680598297885236, -0.7999649054457958, 0.9050443406861151, -2.479247823562705, -2.2195484031073995, 1.7563993015497967, -0.03679649769775395
-1.6652462186524044, -0.8246978336658621, 0.9144331485053367, -2.4907983702240557, -2.2002008872564476, 1.780641355820725, -0.04050588425946344
-1.6619488319952769, -0.8489812054835557, 0.9237728878125484, -2.5011124956591537, -2.181098148433433, 1.8047188153925617, -0.044119745095944296
-1.6763320324784008, -0.9062369386195979, 0.9362441522190661, -2.5134572680181915, -2.1423446068212524, 1.872515279217481, -0.04167197474096085
-1.6935421347380863, -0.9847072728808328, 0.9524310199493158, -2.528335285119825, -2.1014107815030254, 1.9394231898178056, -0.039825853049967996
-1.7077645047335945, -1.070883993872064, 0.9700402930822918, -2.5405908013173377, -2.0612176093706216, 2.0069970950523324, -0.03771000321417528
-1.7200811023431974, -1.1654063995743318, 0.9884047422774813, -2.5511748061196933, -2.02139051473075, 2.0737839202405013, -0.03551917423657169
-1.7298416431971262, -1.2587268999055503, 1.0074397265055834, -2.559596073938403, -1.9821525634526225, 2.1392252338694675, -0.0338741850390738
-1.6955741981779573, -1.2994171360643882, 1.020386788597249, -2.574324723129001, -1.9763381733680454, 2.1401209384708935, -0.06627083102714426
-1.635842880038501, -1.3085450298626053, 1.0167668030641073, -2.5872678603096784, -1.9695631078308606, 2.143649478683942, -0.09727830869102672
-1.5766390917374329, -1.3166585869248717, 1.0085022621065525, -2.5984700803935095, -1.9625662517799949, 2.14551844800463, -0.12787093557248053
-1.5216679813191076, -1.3288060945707318, 1.0008666107480577, -2.609813293442304, -1.955665461770221, 2.146151687551262, -0.15851504028097363
-1.466244638940509, -1.3429674175175403, 0.9956689928765012, -2.6226452023565052, -1.951238332545251, 2.141697963111696, -0.18794559900803431
-1.4158060938788264, -1.3358281757878796, 0.9961418142987224, -2.625184367265329, -1.9649972785433603, 2.106130039064883, -0.20071361166696366
-1.3676745846076708, -1.3193627459353223, 0.9943589100942418, -2.623364422828865, -1.9784102097195424, 2.071255995090972, -0.21324813130638365
-1.3205543413756216, -1.3028039719643276, 0.9915126442029543, -2.6229188965084145, -1.9914996226367458, 2.036274412714782, -0.22582902990162612
-1.2737056623547351, -1.2876888145982806, 0.9888622180488706, -2.6238111057244424, -2.004428815677808, 2.001376331362973, -0.23850823701777113
-1.2281655522467307, -1.2744525489184086, 0.986292572281732, -2.6242849107511814, -2.0173325317545805, 1.9722577923589704, -0.2499904659107406
-1.1964522278372254, -1.2659912786287144, 0.9835841607898548, -2.6208381358193114, -2.030962537620229, 1.9578592505618921, -0.25882716143863593
-1.170873642531002, -1.2568978429467101, 0.9806725480832679, -2.61887761532177, -2.044419309745966, 1.9429242876499373, -0.26794945201967035
-1.1464069255480789, -1.2461988415463257, 0.9767549847563881, -2.6189641336135203, -2.057487704002079, 1.9282007101821836, -0.277212810641859
-1.121727643869579, -1.2346241473227444, 0.9724190774322512, -2.6199106454391305, -2.0703989847657196, 1.9137615589153611, -0.28653772276561984
-1.099736816366745, -1.225020971040263, 0.9686094136066608, -2.6195660753510026, -2.0794438775244375, 1.9041117253202557, -0.29273390150914924
-1.0968345580714285, -1.2262820419540432, 0.9684265421350471, -2.6157976541412813, -2.0811183816080314, 1.900810123658914, -0.294021785739063
-1.0997818398051837, -1.2288708015287568, 0.9684022750369516, -2.613598689211879, -2.082792088965511, 1.8967438496755165, -0.2956879960522345
-1.1027559162104037, -1.2297368547052976, 0.9673562867772914, -2.612888453565766, -2.084211224457918, 1.8929204747158046, -0.2974507864914999
-1.1048885813471383, -1.2294331399858285, 0.9658737918747713, -2.6126407239452956, -2.085564835448701, 1.889406935910234, -0.29922407134852147
-1.1062927113768044, -1.229379060909233, 0.9638619960137023, -2.6123255647204733, -2.0879690247162452, 1.8888704716795726, -0.300909631185287
-1.1074272426012417, -1.2307220598732957, 0.9610298720423076, -2.612885047950485, -2.0916977386555695, 1.8920412732730156, -0.3026307572299336
-1.108452142594757, -1.2323183204291084, 0.9582363059608499, -2.6136153247956457, -2.095330908142027, 1.8951460394247874, -0.30435214891422735
-1.10939166887953, -1.2339071363681207, 0.9555179062251158, -2.6141794373617966, -2.098975163153926, 1.8982198275727882, -0.30605914801908174
-1.1102485513678673, -1.2354878317576272, 0.9528415471909311, -2.614575981128054, -2.1026379360711305, 1.90126098033973, -0.3077503723680808
-1.1109693215371603, -1.2370025267209268, 0.9504796648035692, -2.614707270804656, -2.104017666847307, 1.9048024886487411, -0.30887557415206945
-1.111273654822698, -1.2382726444284593, 0.9491296549828379, -2.614684229387626, -2.10347753722954, 1.9091300190091083, -0.30951542630181006
-1.1113542447777132, -1.2395708613108756, 0.948213452444171, -2.6146567218371146, -2.1030412399209304, 1.9136932857977413, -0.31014750755141574
-1.1113792449659563, -1.2409443394814694, 0.9473327701974865, -2.6145937128292154, -2.1026324065026234, 1.9182748261602942, -0.31077559632302165
-1.1114331226088243, -1.242350383717616, 0.946344301505758, -2.614502818480058, -2.10222345956696, 1.9227972765595975, -0.3114019977205329
-1.1111991292832943, -1.2432448406622587, 0.9452658906189688, -2.614448064268304, -2.1028993098649114, 1.9261795066354104, -0.31244343317755163
-1.1103882150152034, -1.243221912796617, 0.9439470089234954, -2.614208021386112, -2.104227706903105, 1.9290126916283796, -0.31367119334498117
-1.1095414720117356, -1.2430867281702387, 0.9425492403012994, -2.61391396878531, -2.105533648379751, 1.9318402840128055, -0.3148869877647078
-1.1087591174634577, -1.2430265907687748, 0.9411647277797632, -2.6136495503885566, -2.1068274037039103, 1.9346561930644395, -0.3161042559332836
-1.1080191185571158, -1.2430281581184532, 0.9398093864171324, -2.6134186288162713, -2.108115689423622, 1.937472891515041, -0.31732471594630685
-1.1076061702502917, -1.2429267761578018, 0.9387653088091072, -2.612948743824906, -2.108498456866828, 1.939548704123597, -0.3168900707217803
-1.107680916934049, -1.2426850055837528, 0.9379682336683866, -2.612107850967754, -2.108571972160341, 1.9413069423691702, -0.3159045267490974
-1.1078075741797715, -1.2424078709753479, 0.9371546642950479, -2.6112805478320924, -2.108664086516045, 1.9430726970940988, -0.31492652871444715
-1.1079047046043886, -1.2421258902468706, 0.936306559681003, -2.610512452758, -2.108752192026195, 1.9448476247181308, -0.3139533209987002
-1.1079750766439496, -1.241849162889074, 0.935445388286241, -2.6097738019010093, -2.108838807080346, 1.9466294685532066, -0.3129831180676401
-1.1079836773844054, -1.2416652333813447, 0.9350443980554131, -2.609433362035987, -2.10886332132387, 1.9467718155642704, -0.31282730231260025
