0.4509160446470578, 0.11559368695885651, 0.7318225512935621
0.4509378768401178, 0.11548461822637418, 0.7317915340089431
0.4509563369336186, 0.11523163407397202, 0.7317492116173503
0.4509865182740396, 0.1149469740262055, 0.7317413706826384
0.45100869903450286, 0.11474245103333779, 0.7317037654359724
0.45109285190722126, 0.11460499043935923, 0.7316677389523218
0.4511560934930641, 0.11446575766906128, 0.7315709368495944
0.4511044817597269, 0.11432379740091803, 0.7315335414576173
0.4510696848075686, 0.11425354305445186, 0.7315389827170211
0.4510779386466884, 0.1142383282770496, 0.7315533332205236
0.4511037814715015, 0.11426759228241554, 0.7315635864031975
0.4511373168075903, 0.11432727241536578, 0.7315649648210404
0.45119297454562013, 0.11437764145119028, 0.731547498602878
0.45125857941274833, 0.11433281131348218, 0.7314933194939681
0.45123939477396, 0.11426380386854733, 0.7314523936238299
0.45125061726956145, 0.1141692499557207, 0.7314232927449557
0.45127881459516284, 0.11401587035022998, 0.7314060695151836
0.4514828840622371, 0.11399540113510566, 0.7314047588143848
0.45127079071593507, 0.11375548642294923, 0.7314791577631211
0.4513930954720937, 0.11372738648494624, 0.7314069774543703
0.45147105463720183, 0.11377946814708148, 0.7313691687699417
0.45154254800972565, 0.11386347811783719, 0.7313569687689865
0.45162695224169913, 0.11390475922280663, 0.7313683571448996
0.45169422063959336, 0.11399871447043332, 0.73140371990255
0.45179059300895924, 0.11408827547961393, 0.7314176861418096
0.45198511542489994, 0.1142543026942447, 0.731470820852812
0.45223518331830925, 0.11445655849543204, 0.7315409061544116
0.4525377919185216, 0.11461362563154814, 0.7316351273931305
0.45307912747214873, 0.11474581918177956, 0.7317937662352343
0.45383341057270454, 0.11441077047744427, 0.7316195204633327
0.4541122264906833, 0.11281989745112563, 0.7306599081397556
0.4556012976690619, 0.1106097669565094, 0.7283229781681018
0.46011058621718487, 0.10568458783833322, 0.724798952434707
0.4590736804579648, 0.10516338481815085, 0.7214317250098412
0.4619765645054356, 0.1020539786979914, 0.7158989721845627
0.46746303298185354, 0.09493693424018662, 0.7081183484596131
0.4727482505454288, 0.08308629107432144, 0.6991828953885256
0.4787322032743193, 0.06723341369160195, 0.6890869337226536
0.4837088092228023, 0.04966985841246309, 0.6782845917072526
0.4867441443220367, 0.02963551233821451, 0.6674996679759072
0.49318641807281766, 0.00500407545587829, 0.6559063905147624
0.49126463446250096, -0.015803678981982327, 0.6487566158661918
0.486594117063118, -0.03135242879778585, 0.6427123502960809
0.48559574599296496, -0.048384255969592053, 0.6350929095343728
0.4860863247589827, -0.06802402154698378, 0.6273200673945654
0.4826553384555537, -0.09000125426257666, 0.6229814747428235
0.4746853128717824, -0.11287021448273224, 0.6239265535603029
0.46396695519790704, -0.13603843447250002, 0.627128443851807
0.45234116734640173, -0.15932795015984158, 0.6328827836293258
0.44055784195283626, -0.17804103087865816, 0.6412492028650508
0.43050966174999017, -0.19330868176983257, 0.6506118496249674
0.4224230930138117, -0.20703015479346396, 0.6590088559417075
0.4154062426237196, -0.21552972498652745, 0.6679407493552154
0.40954697543350876, -0.21926297724671653, 0.6773458721264843
0.4061425585478116, -0.22206752014162426, 0.6856137529725413
0.40433595997147154, -0.22416627030025263, 0.6927455041326389
0.40342095377798465, -0.22305715492825187, 0.6988222584492527
0.4046343824417166, -0.2213029436564404, 0.7030500042618163
0.40476301406252224, -0.21906390283646968, 0.7065144705726525
0.4036768547125441, -0.21722347681682014, 0.709784996342511
0.4028238609675134, -0.21505631355219587, 0.7129058700619381
0.404093943421127, -0.2119136246165905, 0.7157722579743747
0.40598307817104345, -0.20985648712758978, 0.7176425990395526
0.4067418042146176, -0.2084251255196663, 0.7192920312731678
0.4051905073563515, -0.20935955818479404, 0.7209638412914389
0.40415832744730856, -0.2112471258174435, 0.7207526323814627
0.4053806314998828, -0.21134526051917238, 0.7193700238406521
0.40541420393628846, -0.2109486040123733, 0.7186798614629503
0.4044309938992968, -0.21188371889858207, 0.7171362033011802
0.40432854393426676, -0.21278709912084276, 0.7132653504866087
0.40499034743844825, -0.21273665479485548, 0.7070519223876983
0.4069301248445127, -0.21244358447827458, 0.6982890587803793
0.4121604557932252, -0.21300908588743828, 0.6854206209673427
0.4206271078917308, -0.2128628248277854, 0.6692136622099146
0.4313552652564438, -0.2108630931183799, 0.6506006512746703
0.4454028714404151, -0.2083761072943549, 0.6310754325406731
0.4601141283769173, -0.20744863493255117, 0.6100927623446813
0.4736809845038242, -0.19893333018634904, 0.5915935363573214
0.4899113264942172, -0.19945148454810074, 0.5675075736087548
0.502805481639441, -0.19969320215636205, 0.5468707070336188
0.5192496304399167, -0.1909661554374839, 0.531581714341903
0.5386176546822388, -0.18014211414097706, 0.5163127681382632
0.556822603897208, -0.17188691932737576, 0.5043140631540307
0.5745060045625227, -0.16595317963653802, 0.49638190095294493
0.5916502779450477, -0.15682576863954562, 0.49288524607098916
0.6074894895816653, -0.1493397941255478, 0.49143670744016815
0.6193351599807044, -0.1484954804497283, 0.49204856702004457
0.6275111761015242, -0.15199867948017723, 0.4953075755109316
0.6335174150392534, -0.15745369684891813, 0.4992472193633957
0.6368198921871082, -0.16557304051727811, 0.5037551902222887
0.6380442638133605, -0.17287614618761227, 0.5087835183872149
0.63785309903992, -0.17847515523400503, 0.513995339064337
0.6376166966407226, -0.18223350734820326, 0.518354578223537
0.6380132453315686, -0.18374118288426936, 0.5216265693240292
0.6386928861115481, -0.1831400332626806, 0.525091969690023
0.6399521108552088, -0.18101887279254184, 0.5280565202153169
0.6419996934087784, -0.17702754203940785, 0.5298025467509316
0.6435474643101335, -0.17294629249081295, 0.5304674894227952
0.644192522672759, -0.1690656145682097, 0.5318516125055842
0.6443268361677315, -0.1665990348771627, 0.5353833820566918
0.6435862072138712, -0.1678799853919012, 0.5391660239004132
0.6421966924680803, -0.16852473909240062, 0.5419301619880503
0.6412655348624642, -0.1696176652378816, 0.543273022944369
0.6410166210828836, -0.1713582045473623, 0.5438822899329093
0.641395992196538, -0.17217602729514828, 0.5438975765003016
0.6420050759232981, -0.17221430829051113, 0.5429592382237811
0.6421835711120459, -0.17344949914592941, 0.5414329154781358
0.6428252371307589, -0.1766954269445812, 0.5376100475317649
0.642348192953742, -0.17815429228076482, 0.5307190972933893
0.6397157279372543, -0.17774994232295313, 0.5204457612623928
0.6345382281734699, -0.17684274285344148, 0.5070745830998258
0.6262930549905805, -0.1764485380552837, 0.49210601614455396
0.6139308256840893, -0.17766645698041245, 0.4787879010537966
0.5974666799417344, -0.18241953562158938, 0.46926833565707843
0.5790666681885644, -0.18802959796998425, 0.4642978024379426
0.560481718372334, -0.19256161031556968, 0.4632228864846381
0.5429553441371942, -0.19640693045259475, 0.4639567751041288
0.5265633076745744, -0.19968695846011367, 0.4677503506238724
0.5128307562605652, -0.2001736024682477, 0.47601574501844524
0.502917823404502, -0.19398455381971774, 0.4892445592682063
0.4948227568116124, -0.1888726853565466, 0.5060328565094007
0.48842195199361504, -0.17743227443216647, 0.5286039747448801
0.4873039693595817, -0.1575696677635336, 0.5482666880161994
0.48591386929266206, -0.16504666880459337, 0.5632294159460003
0.4737586998459874, -0.16999038724870533, 0.5894637027210031
0.4619600230547317, -0.1716503145878317, 0.6195890394351411
0.4486668610467596, -0.17493022029953337, 0.6501025461992644
0.43547409025379646, -0.18114558889641297, 0.6762631807764559
0.42283820485518286, -0.18800787568024646, 0.6974641018491865
0.41189987047773186, -0.19389238414775534, 0.7140979926258892
0.4036482510398181, -0.1985941936483429, 0.7258371629214948
0.39788873405096775, -0.20164861357053654, 0.7334690517724928
0.39599145064608815, -0.20290303787822414, 0.73789081564222
0.39618582598542107, -0.20207932677985152, 0.7407142676334317
0.3967172342701538, -0.20078675384607375, 0.7426942464481088
0.39730222252158215, -0.19915528144325026, 0.7443803397958719
0.3977745388497921, -0.1967347766691897, 0.746214715254055
0.39764442647715315, -0.1954613286172344, 0.7477039191129689
0.3980016973685844, -0.19545041619670137, 0.7481779605321861
0.3992303770887925, -0.19457390686585538, 0.7483458554948925
0.398782582933679, -0.19415843662532334, 0.7491543312717663
0.39862711355160524, -0.19500718016616825, 0.7500247018312148
0.39904000557407504, -0.1954591461158047, 0.7504873955907807
0.39952448655127465, -0.19528474805960847, 0.7506498697239748
0.39866975078191175, -0.19420209883134082, 0.7511301611386303
0.39679977706243935, -0.1945052633105257, 0.7500144585436287
0.3951912225448406, -0.1952646136795674, 0.7457729978839834
0.39567651299974915, -0.19427994144656277, 0.7372545218910238
0.4001911485598032, -0.19285772189355074, 0.7230087684318539
0.40732295959661374, -0.19422279931746328, 0.7030670565675972
0.4183883233991714, -0.1959481297854351, 0.6779133509456526
0.43455174073002273, -0.1919236574035442, 0.6502297413463319
0.4563485307663199, -0.17863790118623746, 0.6208375410733709
0.4809784703054166, -0.17609013080304928, 0.5885983203401426
0.5024543115181526, -0.1788102135400353, 0.5554361121339484
0.5202093885442025, -0.17635496003575507, 0.52993558306956
0.5412365859842302, -0.16996692693646495, 0.5075478220545493
0.5621222186912397, -0.1642775703520007, 0.491062085407718
0.583149741436986, -0.1555136800238618, 0.47911308410938425
0.6009395015530792, -0.14641528789542413, 0.47327296709498096
0.6149141105596699, -0.1415350206768801, 0.4730737339644504
0.6247800193484482, -0.1429335960850571, 0.4757877872043389
0.6313696605194125, -0.14550916279315754, 0.48006604922169427
0.6354561353312655, -0.14796670963144498, 0.4848002876271637
0.63645723678231, -0.15399190336162105, 0.4897941645267542
0.6363001228916774, -0.16082833011476083, 0.4938789407904437
0.6360572532368369, -0.163394013297015, 0.4979224867994033
0.6356492867726004, -0.16421716741009743, 0.5019272751391111
0.6356067490569176, -0.16437142983120331, 0.5050888111080695
0.6361569723461344, -0.16281975466193205, 0.5076474335459447
0.6370545788154383, -0.16071257805672212, 0.5101764034484144
0.6378073215657569, -0.1590568817573369, 0.512042880455722
0.6379647401959757, -0.15615555707189605, 0.5140660166172496
0.638503735909946, -0.1501013887991456, 0.5167100204769609
0.6385895111418379, -0.15039685167407416, 0.5185022893398461
0.6374960659950476, -0.1517359668275459, 0.5208115101663342
0.6369272816898879, -0.1518284048574205, 0.5218289022783752
0.6366119873985433, -0.15204800504386526, 0.5220001472180842
0.6370073269885149, -0.1529878282436724, 0.5223295221451385
0.6368070746912209, -0.15416532979551606, 0.523027472702376
0.634916170958411, -0.15741048612432493, 0.5218241001139341
0.6313299308975472, -0.16392854108565086, 0.5190507268248097
0.6274953538796245, -0.16517929244459778, 0.5132581004237595
0.6227820618503995, -0.16066618743593525, 0.5030684179864675
0.6156198155716125, -0.1530012299701075, 0.4918947000007823
0.6066644476516949, -0.14371273137721394, 0.48097502151780863
0.5966909407587969, -0.13411522917364158, 0.4700166780084334
0.5844018731897064, -0.12614820209882893, 0.46348027853349444
0.5717314674695284, -0.12021599665451554, 0.459258242237531
0.5583353496315228, -0.11461006097074573, 0.45556106747525377
0.545477701397855, -0.10791190821534259, 0.4542489551454997
0.5356165988583305, -0.09961786148712218, 0.4586206174952848
0.525393582439418, -0.09144742461663294, 0.4676836197109775
0.513957721745447, -0.08381399680685814, 0.4794033049956984
0.5022444414918878, -0.0681545138508698, 0.49382804447562006
0.4976579674869469, -0.0461736177738397, 0.5071155725008989
0.49293697238689654, -0.02076364963863845, 0.5263121626329196
0.48978520288299154, 0.005946023869866101, 0.5449840316790134
0.487409044683236, 0.021152448635840274, 0.5636324727749804
0.4841510764467891, 0.0330720403123347, 0.5830513062878563
0.4816050747898775, 0.05382185285554576, 0.6030099961185759
0.46843717291062437, 0.08366333301607082, 0.6315401643699668
0.4519403271760567, 0.11265266435390625, 0.6600380232151456
0.43845437435919016, 0.13641620812038935, 0.6831918264362571
0.42808455785711724, 0.15296663422093407, 0.7011393875958354
0.42108429822509863, 0.16221627767809899, 0.7149929203089135
0.4157451331430892, 0.16498012734089365, 0.7257881792149533
0.41259924241786755, 0.1640038655329836, 0.7337816516930267
0.40996087307786033, 0.16124777448405442, 0.7397548238176136
0.40766760643966005, 0.1571541214270699, 0.7442471687544429
0.40910844311648326, 0.15414674888617869, 0.7466616254421233
0.41065741918461446, 0.15184938204541465, 0.7467910125510566
0.41122242041496143, 0.14980000685269862, 0.7459206996093154
0.412211395856518, 0.14885014462281754, 0.7447301700483236
0.41285513508767824, 0.1480795603808886, 0.7434894600760243
0.4129703717285908, 0.14765649413046988, 0.7422498488313667
0.41295665973183837, 0.14729406043854268, 0.7413477944142325
0.4128546575068228, 0.14723899890449615, 0.7408299680629101
0.41276084869181673, 0.14723682945272493, 0.7403701915203187
0.4124062278840983, 0.14705057853776368, 0.7400087623969316
0.41193942517544024, 0.1467013303485048, 0.7397791105850196
0.4113846620001416, 0.14610065002434255, 0.7394463723221222
0.41107998301696463, 0.14550650766255616, 0.7390112011329127
0.41054091357200323, 0.14503407013697778, 0.7386255941359791
0.4100107440540456, 0.14451787860013993, 0.7380891911997507
0.40965479688012396, 0.14434845331469193, 0.7374151935332229
0.4094382208396955, 0.1444922116053392, 0.7367106451302526
0.4093607046255196, 0.14474079447830565, 0.7359726368039751
0.40938229301863416, 0.14492297706422305, 0.7352512081033052
0.40957764265974916, 0.14503490622816492, 0.7345788251561797
