-1.1957099662846664, -1.15441159461178, 1.1484995468324657, -2.3033275532539994, -2.0982283085251208, 1.755564356036615, -0.1871155109593774
-1.1957462424914551, -1.1545051085630877, 1.1484216149505793, -2.303391718553125, -2.0982655291487795, 1.7557579310445792, -0.1868347088052129
-1.1958370329420136, -1.1546636471923932, 1.1482978807983306, -2.303531172289987, -2.0982942110931635, 1.7559683531024994, -0.18651980444915583
-1.1959622947878463, -1.1547852758667858, 1.1481705664810322, -2.3036811173616742, -2.0982566977467183, 1.7561917559395006, -0.18629597381073904
-1.19607348643319, -1.1548168681863586, 1.1480895360279701, -2.303784795168, -2.0981165682120952, 1.7564571721070195, -0.1862002230832882
-1.1961640823964297, -1.1548384001727463, 1.1480317019676205, -2.303875223175379, -2.097985306564361, 1.7567353186658679, -0.18610285719816222
-1.1961259648637563, -1.1548422071859052, 1.1479324944346763, -2.3040496563318387, -2.098025772385734, 1.7570198271879374, -0.18604881438041865
-1.1959932160353528, -1.1548317652167537, 1.1477934839402097, -2.304252923481955, -2.0980668327182492, 1.7573033889982526, -0.18599610617149764
-1.1958981652471108, -1.1548634769222348, 1.1476552230973693, -2.304347468212285, -2.0978242752023766, 1.7577347046747693, -0.18594541682827792
-1.1959284093576477, -1.15499101952022, 1.147585469486672, -2.304228995841034, -2.0973017643886047, 1.7582979050449055, -0.18589295712312914
-1.1959430355083516, -1.1551624057899685, 1.1475598281347228, -2.3040742497522952, -2.096804417117518, 1.758852527440638, -0.18583848421252025
-1.1959614199476025, -1.155317546818444, 1.147581631018232, -2.303908488284855, -2.096466692315439, 1.759271240579741, -0.18577095479784145
-1.1959997463061818, -1.1554565924003155, 1.147610393641913, -2.303743801236534, -2.0961314339073542, 1.7596961354762044, -0.18570265359702098
-1.1960834931669897, -1.1556142758172916, 1.147644971442987, -2.3036432945315335, -2.095895314910857, 1.7599502096954645, -0.18539820766773296
-1.1962805508087921, -1.1558567038008176, 1.1476835870091096, -2.303644086378177, -2.0957243869471096, 1.760068339703217, -0.18494722058279223
-1.1965351558477462, -1.156083038049494, 1.1477201881806378, -2.303685718864677, -2.0955224282711473, 1.7602242065201423, -0.18455032498650858
-1.196798848056659, -1.1562172031892137, 1.147749306617615, -2.3036722465073955, -2.095183660629603, 1.7605536860283735, -0.18440182165109853
-1.197050902934956, -1.1563104612419268, 1.1477700465694989, -2.303637832348884, -2.094850490165026, 1.7608895197420331, -0.18425195081888024
-1.1972773442141875, -1.156418013057233, 1.147762743512903, -2.3035293049829484, -2.0942975033441433, 1.761407094390135, -0.18419529694969405
-1.1974262500831827, -1.1565489199308248, 1.1477434190979636, -2.3033127693811757, -2.093645761452067, 1.761995058978659, -0.18417515751477698
-1.1975080849315507, -1.1566931487031775, 1.1477585160433277, -2.3030486015833125, -2.09314420416582, 1.762411598180167, -0.18416326717164644
-1.1976107150202537, -1.1566637388934904, 1.1479087810461461, -2.302712880032119, -2.0931826539196026, 1.7623429647304079, -0.18417522630078054
-1.197748606252258, -1.1565821654774515, 1.1480775154080902, -2.3023675732867073, -2.0932134193823275, 1.7622979149503735, -0.1841843008903652
-1.1979763572343405, -1.156370486511201, 1.1483240600211024, -2.301986004750403, -2.093491636021384, 1.7619791199882684, -0.1842240814636842
-1.1983125675825743, -1.156031293355201, 1.148617911160212, -2.3015343904089285, -2.093861832431714, 1.7616130067818307, -0.1842667278602388
-1.1988247816305968, -1.1556282176691903, 1.1490117979034862, -2.3010429016278247, -2.0944133534612606, 1.7608446416296708, -0.18404224967871663
-1.2003041327906878, -1.1551345997038798, 1.1498248510017088, -2.2999812576921217, -2.0955469721149944, 1.759139966734942, -0.1832879556731699
-1.2021319111708415, -1.1545917170718614, 1.1507120875182677, -2.2989474742286067, -2.096685535100634, 1.7574866178070128, -0.18254192980975947
-1.2046987920946322, -1.1541055236650948, 1.1522746641562582, -2.2985911733047706, -2.0988609601576984, 1.7537041541727376, -0.17688357213627182
-1.2082492693094515, -1.153727703455008, 1.1545340042414196, -2.298995133339324, -2.10111295861386, 1.749941137706024, -0.17073486567683904
-1.2110034781403751, -1.1508368062024301, 1.1578654981132077, -2.3009028567361165, -2.10574134365699, 1.7432328018590226, -0.16422385339829582
-1.2097221893262269, -1.1391448701069207, 1.1637061217555082, -2.30631966441475, -2.113143756679041, 1.735070472831687, -0.15706923539326212
-1.2089028059334144, -1.125200715373965, 1.1699455749277439, -2.3132407994959943, -2.1201604466901154, 1.7282296152704326, -0.14991086037007761
-1.2082705047293985, -1.1025677295833427, 1.179171744888027, -2.3216039096284655, -2.1352155379113116, 1.7109835824912967, -0.1411668592627997
-1.2091237265466361, -1.07426470270625, 1.188740560133673, -2.3311022130205883, -2.150350981396975, 1.6953436036114606, -0.13227968116767563
-1.2160794139999087, -1.0497430161988053, 1.1979405964874257, -2.34059759827623, -2.15757398128631, 1.6852095105885798, -0.1132725219329167
-1.2359988887471083, -1.0375952702827034, 1.2096778044584662, -2.3505246419789936, -2.1576655801937434, 1.6785176671986601, -0.08647325791535199
-1.2597519516427305, -1.0297513126995987, 1.2223516609716842, -2.361815775319724, -2.154153740436744, 1.6797734474202688, -0.05410788958910562
-1.317948305287027, -1.0930592713439484, 1.2256789567353392, -2.36652428324411, -2.102498187610326, 1.7587125428977277, 0.020886470095538456
-1.3882370421619274, -1.1892196577604857, 1.2330298841049734, -2.373946702249911, -2.051680774414894, 1.8312158550021476, 0.09451865020361616
-1.4344759830458198, -1.2460659674316705, 1.2562456703155362, -2.3921201262010134, -2.0554262109253543, 1.8196515225886678, 0.12043071596036725
-1.4289017532149222, -1.1816889459814037, 1.284948311368467, -2.415224712346764, -2.1002952892829967, 1.7579318853945054, 0.12164359531577862
-1.4179910711360293, -1.1053844459092872, 1.2927296919386047, -2.435686079176633, -2.14028206926295, 1.7042226085689016, 0.12363360884918873
-1.4116984170851978, -1.029688177100688, 1.2825557578081463, -2.4515450761202926, -2.182464001155994, 1.6623046708882967, 0.12375519250079936
-1.412371379430521, -0.9544311902074334, 1.2657950527293158, -2.466130042975574, -2.2236805155627337, 1.6164837175344768, 0.12388339625149314
-1.4296148324900866, -0.8885874804573959, 1.2515787987891, -2.474023928632424, -2.2412615814237427, 1.5874773178162975, 0.133702170896691
-1.4651130784088515, -0.8456606742939776, 1.2389477320824414, -2.480786530391458, -2.2510540657517772, 1.5645646951592997, 0.1453981531057975
-1.5093860319032757, -0.8270127648028875, 1.225750137325341, -2.4862784769268593, -2.2431431100403643, 1.5665698954138492, 0.17195229060763673
-1.5917469696231308, -0.8897790210818624, 1.2211392082480108, -2.4800063080835866, -2.187442820089716, 1.6272643267268743, 0.2271862444463677
-1.6708098763443235, -0.9717273232069061, 1.2185164141087936, -2.4710467790737676, -2.1343689079838164, 1.6807828609092779, 0.2819346918070389
-1.707393694095975, -1.0071124585867093, 1.210740707033544, -2.4699510019922055, -2.144316859091756, 1.6730201956281263, 0.2943862438743965
-1.7083053719474028, -0.9901671791725866, 1.193519898296156, -2.462855500346291, -2.168311319746403, 1.6588711602556838, 0.3030864567682885
-1.7039030494735492, -0.9637528539684892, 1.1735990756412225, -2.4535438959212863, -2.1977228318188633, 1.637630437129305, 0.30542799453437475
-1.6848939090427635, -0.9229271799664271, 1.1481902549759955, -2.4475949917586037, -2.2353616740648246, 1.6061735284528034, 0.29931377556248506
-1.6660314742713744, -0.8818135712233754, 1.1224509962737201, -2.441407408716687, -2.2725240734320273, 1.5747594402783616, 0.2934015683576412
-1.647043800389433, -0.8539457530983219, 1.0925188858848713, -2.4408626477411985, -2.309495969375991, 1.5684121796595392, 0.28207827367071125
-1.6273625081316165, -0.8348622202864755, 1.06390413944305, -2.445272016705651, -2.3453881739039826, 1.5636849523331797, 0.2699426830084821
-1.610956351871076, -0.8204776956903466, 1.040688556070748, -2.448188290313004, -2.372912633654554, 1.5618699058233814, 0.2560101668851189
-1.6028474363021967, -0.8163383665180914, 1.026463987507265, -2.450646051092839, -2.3916117535293715, 1.5633058514845315, 0.2399032332823854
-1.593209140411381, -0.8139460142349888, 1.0143192193760484, -2.4532355299381, -2.410650351176633, 1.564780104799138, 0.2238881425565289
-1.5894230560589175, -0.8147180594273795, 1.0079731745653575, -2.4532978913637784, -2.425983105718281, 1.5609994359258605, 0.2096093401625172
-1.586704308020435, -0.8167318471980973, 1.0026810350486492, -2.452756492305678, -2.4417920303194993, 1.5570835306399422, 0.19524645990854772
-1.5822307717569188, -0.8189096179340751, 0.9954092807237576, -2.452402320925554, -2.457401359525482, 1.5593061573062696, 0.18635264174374377
-1.5755279470289256, -0.8211478348556067, 0.98667448382961, -2.4537135629093036, -2.4725134255517425, 1.5664410953644907, 0.180869722857107
-1.5695251102709387, -0.8232736770474336, 0.9787902866120053, -2.455221960317143, -2.48553499540394, 1.5742727561171508, 0.1758733997113282
-1.5704975159359282, -0.8290845676112113, 0.977102198669666, -2.4553385430861656, -2.4834223574313734, 1.5851976572914426, 0.17293499535516155
-1.5721743521585623, -0.835974398133061, 0.9772370381970301, -2.4567301119519644, -2.481797806529517, 1.596840618698482, 0.16983729863918207
-1.572522721557979, -0.8404963905652956, 0.9797116505146022, -2.4590764491014827, -2.4734242681511827, 1.600963535542692, 0.17271467900572013
-1.5714505580444316, -0.8416591478943687, 0.9848700487568411, -2.4628145283452962, -2.461951176487786, 1.602837624338746, 0.17807822020599584
-1.5721445223562327, -0.8423310575381731, 0.9929634908595419, -2.4673538262724772, -2.448717148930883, 1.6029983745079912, 0.18326785094225517
-1.586294483517726, -0.8478688002842052, 1.0162900876559107, -2.473381694837494, -2.4290396035771495, 1.595851345061889, 0.18764382869854135
-1.6008479469341985, -0.8538363923570156, 1.0445485542089061, -2.4830184988374597, -2.410067302246344, 1.591624081738476, 0.1917797199415867
-1.6057611718664555, -0.8428298372339817, 1.0745659363249969, -2.493705256295385, -2.405959169051516, 1.5732422815496827, 0.18842304682948807
-1.6028247095599912, -0.8117809881728455, 1.107785047357889, -2.5021086024795895, -2.4079421954077196, 1.5547336069569182, 0.18445758196813777
-1.6135162726537793, -0.787953995143484, 1.1512627240516, -2.5063320818428574, -2.3942925091766316, 1.5479770694797574, 0.1882359392993047
-1.6757487692677504, -0.817021750299407, 1.227661512283099, -2.497166995084797, -2.3533002452580023, 1.5591706137337091, 0.20157986126394434
-1.7352780041915992, -0.8608844145032339, 1.3062072776593823, -2.4871866181307576, -2.313395940041815, 1.5670666115775749, 0.2142701985267852
-1.7792877716087183, -0.8929744539384625, 1.3784227091359664, -2.476130637341302, -2.294882375612765, 1.570059238953779, 0.22198160956030666
-1.8146015576365695, -0.9123027190010866, 1.4458116987714789, -2.4607049578309583, -2.279843872461684, 1.5718134486095945, 0.23001100426926602
-1.8516131647179996, -0.9232435774025216, 1.5139739824917218, -2.4420018509071753, -2.274442159752258, 1.5615215093949644, 0.22787213171018994
-1.8949345343688755, -0.9104532567273358, 1.5826338073150943, -2.412367581953088, -2.2857011279330983, 1.53789745693018, 0.21481926288192899
-1.9406320710024332, -0.8925248217648587, 1.645305895701414, -2.380366815481958, -2.2957706862482183, 1.5133826177968164, 0.20228087357058566
-1.9866908886215526, -0.8898202935155535, 1.6923909582165075, -2.3397305698481903, -2.294257113802365, 1.5148990388949208, 0.1948817743594793
-2.0342428156801375, -0.8941776333223537, 1.7331533765132825, -2.293302001458568, -2.292823967374451, 1.5110418014272486, 0.18708268165303377
-2.078257944845758, -0.8978686323161256, 1.7695010865152518, -2.248694987340752, -2.2971286303259015, 1.5071661489838544, 0.1799632546928409
-2.114770787845817, -0.897509368001379, 1.7977045048140141, -2.2084575588792985, -2.305005010754832, 1.5020503517682844, 0.17327847514307226
-2.1505449534169774, -0.8941332929373988, 1.8245034213000153, -2.1674287687552543, -2.314173452171814, 1.494765297517441, 0.16515193975364628
-2.181552453083494, -0.879456381841516, 1.8512120841552573, -2.1379063178817947, -2.341018715148077, 1.4747364286026166, 0.14566283117345424
-2.2113622175337593, -0.8595097517564776, 1.8767473565821433, -2.1111679902066474, -2.366235326482804, 1.4556952129051197, 0.1262433171436692
-2.234704414554095, -0.8429656498355822, 1.893015586570641, -2.0896667622031444, -2.386838065201979, 1.4422003798197096, 0.11222504203498662
-2.2507947594174897, -0.8296352002724774, 1.9016232437361325, -2.0759396864376782, -2.402023177731423, 1.4298190727414237, 0.10019369593092708
-2.266596361810299, -0.8175320823195458, 1.9099289129945909, -2.0629121389719876, -2.416634855621685, 1.4200678907519642, 0.08942574602238818
-2.272705582281473, -0.8106668723586896, 1.9087768191640588, -2.057454633554565, -2.4230409348618798, 1.4183560691870198, 0.08256970650552287
-2.27775719339453, -0.8044768404466929, 1.9087317974584543, -2.0529706841517186, -2.4293225436631536, 1.4167053416815758, 0.07560992060447713
-2.2813519252573276, -0.7988799906486017, 1.908970209001982, -2.050139397507748, -2.4407198539000037, 1.4132590466047663, 0.06725156815425937
-2.2836131916726377, -0.7934350106091728, 1.909412492921284, -2.0484531891087148, -2.4539209440253726, 1.4091280750040092, 0.058487408057405155
-2.285392917311164, -0.7878774708263059, 1.9104551053079373, -2.0464039779780556, -2.464678722689679, 1.4051084964402172, 0.05196718981476334
-2.2855140234787372, -0.7802813000675393, 1.9121205181137633, -2.0448770927292017, -2.4674970201904705, 1.4009782331612115, 0.05009784856566757
-2.284824949217886, -0.7717686475256764, 1.9136886038317265, -2.0427728614798717, -2.470540218114812, 1.3966058465627214, 0.048274580277028356
-2.276747899188136, -0.7691570474793901, 1.9049765100029958, -2.042437052390804, -2.4680104506206346, 1.4052636584686455, 0.05262762041373037
-2.2662214726635836, -0.7703669881844641, 1.8932971896917685, -2.043556382999343, -2.4635873446642442, 1.415616909047154, 0.057622869457501835
-2.2571809830313505, -0.7720742128115363, 1.8841659750716744, -2.0445716808675307, -2.4594363444542005, 1.4250478902952395, 0.06145612734709349
-2.2518134257737916, -0.7746213294874975, 1.879210041586095, -2.044218431034434, -2.455958684120244, 1.4331979493944216, 0.06377378330173933
-2.2469708005649327, -0.7782156700608409, 1.874818591997979, -2.0447849706977212, -2.4524453256642396, 1.4419369378854325, 0.06605954050186469
-2.247810153188327, -0.7787582768287322, 1.8778439140053447, -2.0439115063373734, -2.4516397641274965, 1.4419074973836699, 0.06239418476461012
-2.2502491173626193, -0.7787053942616513, 1.881992968231458, -2.042969269371076, -2.451304655794039, 1.4421947751182635, 0.05870269977053155
-2.246297966330359, -0.78406278742177, 1.8762903602127903, -2.0450503729789133, -2.4465951421730967, 1.4566277286147455, 0.06239308359896789
-2.2316510310313156, -0.8023742211217355, 1.8568783640326103, -2.055643194260707, -2.4344238942855245, 1.4847374392196935, 0.07225756105907788
-2.2174104607250946, -0.8235369098774017, 1.8407010341641659, -2.0685411742645616, -2.422574902627275, 1.513805748993068, 0.08215550895880419
-2.195411489330869, -0.8439779362373203, 1.8256876803961042, -2.096475300689251, -2.401385658205358, 1.5311963863968687, 0.09461584880369767
-2.1709411866128985, -0.8647997298669781, 1.8141799849687619, -2.130877217836609, -2.3784913858777186, 1.5511043712838655, 0.106933435008564
-2.141823616142286, -0.8882851685126143, 1.8012019023861576, -2.170574532728274, -2.3502469714876986, 1.570130378297316, 0.12514436535360574
-2.1052594713237998, -0.9132660583717422, 1.784468071634418, -2.2189178116257082, -2.314945938693592, 1.5870966927860444, 0.14676957849699157
-2.0688694398636667, -0.9367079867068435, 1.7686089338382711, -2.26726880057808, -2.281347245362614, 1.60182749619469, 0.16854171843362398
-2.033353485386101, -0.9401645386769957, 1.7560855501837, -2.317150911975409, -2.259935774279416, 1.5984321456880872, 0.1928142129521131
-1.9973760229993296, -0.9329664919437679, 1.7371640503920887, -2.3640938427112204, -2.2378602405729833, 1.5938444038807509, 0.21746427796397239
-1.9616300842534402, -0.9299191618226024, 1.7067740952633965, -2.4056526706502392, -2.219190513126666, 1.5943862549117815, 0.23155743085121916
-1.9273873308577336, -0.9353008002076182, 1.6646644854302615, -2.439259017340058, -2.2029711134363295, 1.591808510959928, 0.24072376020878306
-1.894617541843794, -0.9397448560540802, 1.6198968099872868, -2.4703943139074305, -2.1922160255339733, 1.5855386221857275, 0.24808601685362497
-1.863192236927535, -0.931328507788991, 1.5690793251854025, -2.4927943918379736, -2.2048892243124474, 1.5726495722290155, 0.25055756058755474
-1.83125265036848, -0.9171814864820398, 1.5126160778617326, -2.5083830520032198, -2.2177106625700755, 1.5566929149099744, 0.25348514620196916
-1.7918231263532016, -0.8808954976610348, 1.451546349282907, -2.521405487397036, -2.24967001941355, 1.518204265811307, 0.2240328497403139
-1.7405359308248922, -0.816591933060292, 1.3807683895285816, -2.522677979564394, -2.289133342989052, 1.4704766544022965, 0.1873340268015875
-1.6979922794438167, -0.7663830142721535, 1.3117955079092187, -2.5131250298365737, -2.3103393330378603, 1.4496480653298773, 0.17358658521568948
-1.7076783305781573, -0.8084764444892647, 1.262797766790941, -2.4927922491760253, -2.2879684297290392, 1.4960566003542262, 0.19680583481383263
-1.7192683631299337, -0.8737853591443736, 1.2164977275918538, -2.4797387852837316, -2.2654685833909216, 1.5386800410965966, 0.21860049597504894
-1.7039202950834174, -0.8961616380194659, 1.1721486488436241, -2.4708750962048773, -2.2857725068940056, 1.5350515103922273, 0.20786620346332985
-1.6695841801680213, -0.8806115051312009, 1.1295808265612433, -2.4568479557223446, -2.3151675970235353, 1.5309684822680616, 0.1958638205157497
-1.6380134253688663, -0.8627154708802749, 1.0900797564891338, -2.4431920752565395, -2.3458388071656167, 1.5272075206125653, 0.18626804638370142
-1.6165079016516515, -0.8512730059746989, 1.058251120889512, -2.4347800566864217, -2.3789581264831536, 1.5231894775286587, 0.17901718533566946
-1.5973039339295099, -0.8412009669265501, 1.028003866162594, -2.4306238436298733, -2.4112751959074554, 1.520962870670127, 0.17143151896169417
-1.5850643327357545, -0.835506969003732, 1.0039616293265539, -2.427779878338421, -2.431351302934317, 1.5234884714803707, 0.16932932088218156
-1.5744915915512072, -0.8319683677605534, 0.9838163857347961, -2.427831957219925, -2.4511042481301946, 1.5278602986209417, 0.16690530224038103
-1.5648337816762856, -0.8300372620605581, 0.9663176235564848, -2.427575219385468, -2.4657659187905825, 1.536976903779233, 0.16572957289181556
-1.558269366727841, -0.832229797099715, 0.9538888340893017, -2.428340760744379, -2.4755705804310253, 1.5509089168862094, 0.16523406028666887
-1.550567014077422, -0.8349382117980371, 0.9430491550250437, -2.429510936758308, -2.4854378926912535, 1.564818100260795, 0.1648112600919509
-1.5433282150544896, -0.8357600126180733, 0.9361185356465551, -2.4295374790346944, -2.4887636258135295, 1.5701156073328617, 0.16586760478888252
-1.535868889105899, -0.8355990883613655, 0.9303858274690278, -2.4292665594102383, -2.492501725707468, 1.5757726580749916, 0.16700628923401606
-1.5309892668038847, -0.8371626855571268, 0.925664090996392, -2.4289891354336843, -2.4981469593106667, 1.5833986591236844, 0.16690400397452976
-1.5303171488286038, -0.8421780183484593, 0.9224191409026119, -2.4294659405523937, -2.505221643339377, 1.5923417940793474, 0.16578702794732614
-1.5297995601351744, -0.847396949289509, 0.9188692182136329, -2.4301031118884593, -2.5111508002225573, 1.6019275320047939, 0.16473212976988094
-1.5299847145243097, -0.8524572906271288, 0.9159572264487377, -2.4292041623128755, -2.511911830764742, 1.614785585080873, 0.16401679767447241
-1.5300146891888424, -0.8573748409256048, 0.9132651678789543, -2.4280467208349776, -2.5129003480698113, 1.6276036504509461, 0.16331796818832878
-1.52805864350207, -0.8591665437747515, 0.9122748278041586, -2.4289711471016027, -2.51241354028103, 1.624555339038504, 0.16383447302526655
-1.524105782807168, -0.8566531902202357, 0.9132259511697152, -2.431859518390757, -2.511126741129514, 1.615721637180486, 0.1651792427266212
-1.5225949712138878, -0.8536809607269591, 0.9175788103334215, -2.436050840064995, -2.5049622649935364, 1.6047085231972416, 0.16698649800375076
-1.5344496480392547, -0.8569412473406368, 0.9383365245850523, -2.4456835703757474, -2.4827914607891595, 1.5863110511802008, 0.16958822917983785
-1.5465075585708394, -0.8604362205937344, 0.9651853479222119, -2.4606530259056605, -2.4614284612181896, 1.571742570503603, 0.1718998176025286
-1.571875062566681, -0.8660276134435838, 1.0107660929470148, -2.472210970105465, -2.4231597460883796, 1.5596510568982191, 0.1775832797657788
-1.6040311229242885, -0.8732648984324252, 1.074197031660172, -2.4846021838609182, -2.3840204408718986, 1.5524966008501346, 0.18351017363162025
-1.6370124776094883, -0.879702923066314, 1.1457483696314146, -2.4967019107822868, -2.349853597707922, 1.541851799571007, 0.18995014342504302
-1.685701271422376, -0.8842455638606372, 1.2360566724630013, -2.495963031404857, -2.3309024621237695, 1.522064078826495, 0.19738783408192706
-1.73318363353928, -0.8887559889823029, 1.3288405997691104, -2.493142426541053, -2.3128783918788356, 1.5031906286905654, 0.2049703845008457
-1.7823391968835303, -0.8910871999921488, 1.419531816490653, -2.4791163096301885, -2.3019739678882027, 1.5012104908560886, 0.20335406138696221
-1.83236792025291, -0.8905757783692838, 1.5070889980577231, -2.455320605199498, -2.294046913584559, 1.4987204945379364, 0.20134243245433936
-1.882796786330454, -0.8905684426351996, 1.5903697430860166, -2.4260681694546617, -2.2881191046831058, 1.4980586929882787, 0.1949007167682133
-1.9374650620388785, -0.8912269270066133, 1.6641563858553, -2.3820089760243786, -2.286961282121153, 1.4967081864098564, 0.1838352349777992
-1.9928989307659606, -0.8903353375225125, 1.7321768623643194, -2.3331947320125, -2.2858237782674724, 1.4917363213290828, 0.17325484967596871
-2.036748225212966, -0.8987772405477825, 1.7772058651257332, -2.2873110713376725, -2.2887438828998263, 1.496680245713402, 0.1736140253917826
-2.078487165339441, -0.9079442136546048, 1.8126913432286074, -2.2387430502353043, -2.2903491152426927, 1.4952213234067253, 0.1736920002188418
-2.116709524624804, -0.9123893564644989, 1.8432875489437706, -2.195230762688805, -2.2983208834648536, 1.4882029670745807, 0.16228026127629125
-2.146303190654507, -0.9072583087410901, 1.866165400654939, -2.1632910159019545, -2.307972829826884, 1.476519845625833, 0.1424048214061182
-2.176093756406175, -0.8988805604574335, 1.886803714477324, -2.1316726892781954, -2.317785299880505, 1.4640826074325686, 0.1242370570539828
-2.197463010405846, -0.8872207013512519, 1.900528421241134, -2.1128960570793893, -2.3300401318466477, 1.4454238181735581, 0.11649498655364798
-2.217505301371885, -0.8731323171867356, 1.9131891160226147, -2.0966599706219284, -2.340813523185549, 1.426791250496449, 0.10860821309120805
-2.2324311347033667, -0.8606370602624329, 1.9203747601081371, -2.0855138084895506, -2.3538377096858536, 1.4127068968695662, 0.10152476577229397
-2.24105278239338, -0.8486276089883464, 1.923516565094726, -2.081935680214551, -2.3659767001991003, 1.4004743091490033, 0.09442951491656171
-2.24905653730014, -0.837709436418713, 1.927210662683109, -2.07855191429047, -2.3778621160556206, 1.3905138503037913, 0.08840906208796628
-2.2517597030764804, -0.8308090897905895, 1.926063922357887, -2.077664711247367, -2.3863864907188646, 1.3859369913155435, 0.08536246632530631
-2.2535558684619392, -0.8246033657662464, 1.92578435545839, -2.076566098712606, -2.3950810812675147, 1.3812126992497449, 0.08230070451164284
-2.252698448304704, -0.8204728909442629, 1.9238805744516796, -2.0749592871115787, -2.3971785667415437, 1.3810106004182812, 0.08027515915509209
-2.2498394145980116, -0.8176965186408278, 1.9214077954665285, -2.0731612667765917, -2.396724082345126, 1.3815828607626601, 0.07832732207023785
-2.2461168614969065, -0.8152174855149124, 1.9192301259112803, -2.071253095205936, -2.3968796304622373, 1.3820551001960846, 0.07940634927296664
-2.2410944207547683, -0.8139852556718923, 1.9159748899709577, -2.0705402865795683, -2.3976489056788495, 1.381666895954079, 0.08693803747671858
-2.236272916633891, -0.813035703969514, 1.912945675028297, -2.0701045001634872, -2.3983554024705764, 1.3814162683659683, 0.09445249465039485
-2.231684822397547, -0.8130296630735057, 1.909638269105871, -2.069940378688143, -2.396959494603257, 1.3834506538218783, 0.09743604372889791
-2.22782498754254, -0.814071852322444, 1.9065524285031294, -2.0707009946793704, -2.3949689912177403, 1.3862589325797163, 0.09967598109317066
-2.225274817629563, -0.8147744996493316, 1.9046231338335708, -2.071882697739113, -2.394024327658527, 1.388816279445166, 0.09624751844105095
-2.2247043814364016, -0.813282444770195, 1.9049145846269866, -2.072663217723937, -2.3951401310969276, 1.3916511897606512, 0.0855910276465961
-2.2242960280417075, -0.8113657031809414, 1.9047538094262286, -2.0734294418503207, -2.3961301078581405, 1.394451021905347, 0.07493215633555561
-2.2017545025867866, -0.8342885111161591, 1.8738090602206583, -2.0804744203096117, -2.357729256904342, 1.4383999191279075, 0.08513785674123309
-2.175030864196726, -0.8695742907727135, 1.841507122192933, -2.0927294782225268, -2.3146558220049, 1.482313511279325, 0.0947056187360431
-2.1449395470135624, -0.9065882747123757, 1.814707857299112, -2.1121239371736955, -2.275732675699789, 1.5188913456037838, 0.10589371862308194
-2.10584953519942, -0.9426324451547634, 1.7928349315213907, -2.1449639846167194, -2.237626131818816, 1.5480314656815368, 0.11859252995503144
-2.0634179562436286, -0.9805158525035216, 1.774662815596649, -2.1784133989886865, -2.1986834757594975, 1.581227931380912, 0.13154036789009993
-2.0065208331446067, -1.0420498165305387, 1.7427165469534671, -2.215874508959269, -2.1348508136887983, 1.6443940245031454, 0.14376335318808575
-1.944212679399194, -1.1136482959572698, 1.714339995984954, -2.25495071932194, -2.0708310044135683, 1.7058258054716227, 0.15556381685645881
-1.8747133169326728, -1.2063024231721888, 1.673376129189089, -2.2892105234740274, -1.9869751746664264, 1.8308884515187671, 0.17354486233612754
-1.8009463315839325, -1.3503392766520212, 1.6146587068046117, -2.3231770910327736, -1.8753856982403594, 2.0126480310692987, 0.1938540341821131
-1.7280240070757067, -1.5297326549512684, 1.562245497888327, -2.360092308266024, -1.7745685881224338, 2.1731143703101594, 0.20222498552417267
-1.6635904728579263, -1.6013156865234839, 1.579030317579118, -2.39009675698804, -1.8162979626993936, 2.087596006568024, 0.14661125051897184
-1.6021213255862818, -1.5525002913353454, 1.5932594779344855, -2.4124607240126075, -1.8530321181685716, 2.0063117878981664, 0.09156669796841133
-1.5385028083209065, -1.4762033299334973, 1.5808294411733241, -2.436244775115073, -1.885357861610598, 1.9295976755147493, 0.03784707487445882
-1.4743834213838287, -1.3994320653341195, 1.5576757630300984, -2.4610770253102174, -1.917156308869802, 1.846344013829329, -0.015687159176910548
-1.4119540707460612, -1.3227269526275158, 1.5367713078414296, -2.487261100831514, -1.948397359955167, 1.763013625269286, -0.0692035302018068
-1.3522475223642108, -1.2452443834462708, 1.5224018206637941, -2.51543767679685, -1.979530916257489, 1.682990144049075, -0.12271115918599396
-1.3013541279746352, -1.1685899543998275, 1.4986059529221647, -2.526048170918397, -2.01708657707045, 1.617732174110042, -0.17134772261159714
-1.253275855492305, -1.091932436652293, 1.4631859329333663, -2.5219023872393738, -2.057187283688898, 1.5458447443188614, -0.21954739001475598
-1.2105002189120029, -1.0303875616887623, 1.4210931650733878, -2.505841903527803, -2.0811360615120575, 1.5068827751803244, -0.23872528669422888
-1.1917659316542473, -1.0158610652130733, 1.3806674985239153, -2.4800371683216476, -2.0939341549714987, 1.4975991466474188, -0.2381333968406416
-1.179130869450253, -1.027188134070201, 1.3418347226136804, -2.4596849002395036, -2.1062755560927764, 1.4876036827605965, -0.2381133286579633
-1.1692504382661983, -1.043323806172035, 1.3086197475494954, -2.4403750702132854, -2.119835426034249, 1.4829028602914125, -0.23740093744548396
-1.1591031648994967, -1.0595854968614908, 1.278937852782664, -2.4223666860467405, -2.133842191828463, 1.4810403175943403, -0.23669793560365715
-1.1478306261335458, -1.074276578460795, 1.25108026103623, -2.405858751500811, -2.152525232570743, 1.4799452445642531, -0.2386681143256313
-1.1371610211283079, -1.085443065972564, 1.2260121190958104, -2.3919650165095234, -2.173629434176827, 1.4812624199089726, -0.24169694959142785
-1.1275815118072359, -1.0955775682853055, 1.201230228627689, -2.379824553473309, -2.193865935722177, 1.484465588693837, -0.24515639261389932
-1.1170947250409125, -1.1031742840176975, 1.179054056227355, -2.3727925321394103, -2.2113078735941842, 1.4936578645908325, -0.25010706077920997
-1.107519414409321, -1.1094547807170958, 1.1592272885132155, -2.3690275582234346, -2.228325862421152, 1.5049871654362423, -0.2551371340958317
-1.100878186608182, -1.1179509007879336, 1.1414619249683993, -2.3659193247074963, -2.233710686589869, 1.524927804394168, -0.2550075119931954
-1.0974524093075573, -1.1290429760398109, 1.1274524954696625, -2.3655709184377995, -2.234948090265646, 1.5487640632458808, -0.2537775306750998
-1.0943363639063133, -1.1397146436105174, 1.1151080976852006, -2.3671062171035127, -2.2388023814878197, 1.5728915955678335, -0.25243328570172974
-1.0887972676012438, -1.1477644927687916, 1.1055311917416555, -2.3733124624659636, -2.248188675162459, 1.5977214367245933, -0.2506313484289686
-1.0831170114834423, -1.1548881861669145, 1.0976555809371744, -2.3809789631752603, -2.2573550114049388, 1.6239215061741383, -0.248833735198553
-1.0799715651637287, -1.1594537364484374, 1.094244998991523, -2.3864343027317316, -2.257815195299883, 1.636023164424893, -0.245844224164653
-1.0788803180563633, -1.162840003627812, 1.0930695548229403, -2.3895301989668836, -2.2572439709052183, 1.6456374872598376, -0.24251311676118004
-1.0777661827533747, -1.165656795640441, 1.092458273442257, -2.3923115995960336, -2.2562590389881256, 1.6521230023474223, -0.24034222421904694
-1.0766865888728683, -1.1661461553209396, 1.0929214235885754, -2.3937109733740884, -2.2544929527775697, 1.6538910194398655, -0.23952200652107258
-1.0754913646923772, -1.166323023370099, 1.0931368813346554, -2.3948633024347936, -2.252836382755323, 1.6556726729194748, -0.2386674941481166
-1.0736772316569558, -1.1662576070561999, 1.0927364530309296, -2.396877687493263, -2.254188481702606, 1.6557489861570378, -0.2368563907500434
-1.0715895482499525, -1.1660506628300684, 1.0918079794821205, -2.3991651304216424, -2.2555547588485183, 1.6556992940302688, -0.23503258351067569
-1.0693427859094262, -1.1659370736034722, 1.090493744286836, -2.401633481483901, -2.2568041573680198, 1.656480787504389, -0.23373241949650936
-1.0663360396843933, -1.1660284846070708, 1.0887809509032165, -2.404652551199212, -2.2578508654770815, 1.6582219383315921, -0.2329342610435985
-1.0631544645996351, -1.1662450675764928, 1.0871251105291142, -2.4076194071378145, -2.2587102567313906, 1.660058503071232, -0.23219352970909934
-1.0598639257827447, -1.1669440356246925, 1.0858636777291428, -2.410030450962064, -2.2556232148707984, 1.6637533674338858, -0.23220992843972788
-1.0563200596558993, -1.1679977196013764, 1.0850776376572968, -2.412333299976761, -2.2526240180790023, 1.6675018374248527, -0.2322183853366635
-1.0530057243887008, -1.1691470367261347, 1.0848676804016586, -2.4140071806531997, -2.248911256198725, 1.671134392752312, -0.23233588757975632
-1.0504841286267963, -1.1702306387139485, 1.085359954187994, -2.414760167467491, -2.244888342151903, 1.674671849585045, -0.23249747573072455
-1.0481247394180135, -1.1712333240444481, 1.086022893368904, -2.4155207498554594, -2.2413834794292855, 1.6778046658375407, -0.23263263054269778
-1.0473222085036893, -1.1717374359826414, 1.0867381247019257, -2.415411957790509, -2.2416141270587353, 1.6779010062465325, -0.2325973502148715
